/opt/litmus-tests-riscv/tests/non-mixed-size/AMO_X0_2_THREAD/2+2W+po+poarar+NEW.litmus
/opt/litmus-tests-riscv/tests/non-mixed-size/AMO_X0_2_THREAD/2+2W+po+poarp+NEW.litmus
/opt/litmus-tests-riscv/tests/non-mixed-size/AMO_X0_2_THREAD/2+2W+po+popar+NEW.litmus
/opt/litmus-tests-riscv/tests/non-mixed-size/AMO_X0_2_THREAD/2+2W+po+poprl+NEW.litmus
/opt/litmus-tests-riscv/tests/non-mixed-size/AMO_X0_2_THREAD/2+2W+po+porlp+NEW.litmus
/opt/litmus-tests-riscv/tests/non-mixed-size/AMO_X0_2_THREAD/2+2W+po+porlrl+NEW.litmus
/opt/litmus-tests-riscv/tests/non-mixed-size/AMO_X0_2_THREAD/2+2W+poarars+NEW.litmus
/opt/litmus-tests-riscv/tests/non-mixed-size/AMO_X0_2_THREAD/2+2W+poarp+poarar+NEW.litmus
/opt/litmus-tests-riscv/tests/non-mixed-size/AMO_X0_2_THREAD/2+2W+poarps+NEW.litmus
/opt/litmus-tests-riscv/tests/non-mixed-size/AMO_X0_2_THREAD/2+2W+popar+poarar+NEW.litmus
/opt/litmus-tests-riscv/tests/non-mixed-size/AMO_X0_2_THREAD/2+2W+popar+poarp+NEW.litmus
/opt/litmus-tests-riscv/tests/non-mixed-size/AMO_X0_2_THREAD/2+2W+popars+NEW.litmus
/opt/litmus-tests-riscv/tests/non-mixed-size/AMO_X0_2_THREAD/2+2W+poprl+porlp+NEW.litmus
/opt/litmus-tests-riscv/tests/non-mixed-size/AMO_X0_2_THREAD/2+2W+poprl+porlrl+NEW.litmus
/opt/litmus-tests-riscv/tests/non-mixed-size/AMO_X0_2_THREAD/2+2W+poprls+NEW.litmus
/opt/litmus-tests-riscv/tests/non-mixed-size/AMO_X0_2_THREAD/2+2W+porlp+porlrl+NEW.litmus
/opt/litmus-tests-riscv/tests/non-mixed-size/AMO_X0_2_THREAD/2+2W+porlps+NEW.litmus
/opt/litmus-tests-riscv/tests/non-mixed-size/AMO_X0_2_THREAD/2+2W+porlrls+NEW.litmus
/opt/litmus-tests-riscv/tests/non-mixed-size/AMO_X0_2_THREAD/LB+po+poaqp+NEW.litmus
/opt/litmus-tests-riscv/tests/non-mixed-size/AMO_X0_2_THREAD/LB+po+poarar+NEW.litmus
/opt/litmus-tests-riscv/tests/non-mixed-size/AMO_X0_2_THREAD/LB+po+poarp+NEW.litmus
/opt/litmus-tests-riscv/tests/non-mixed-size/AMO_X0_2_THREAD/LB+po+popar+NEW.litmus
/opt/litmus-tests-riscv/tests/non-mixed-size/AMO_X0_2_THREAD/LB+po+poprl+NEW.litmus
/opt/litmus-tests-riscv/tests/non-mixed-size/AMO_X0_2_THREAD/LB+poaqps+NEW.litmus
/opt/litmus-tests-riscv/tests/non-mixed-size/AMO_X0_2_THREAD/LB+poarars+NEW.litmus
/opt/litmus-tests-riscv/tests/non-mixed-size/AMO_X0_2_THREAD/LB+poarp+poarar+NEW.litmus
/opt/litmus-tests-riscv/tests/non-mixed-size/AMO_X0_2_THREAD/LB+poarps+NEW.litmus
/opt/litmus-tests-riscv/tests/non-mixed-size/AMO_X0_2_THREAD/LB+popar+poarar+NEW.litmus
/opt/litmus-tests-riscv/tests/non-mixed-size/AMO_X0_2_THREAD/LB+popar+poarp+NEW.litmus
/opt/litmus-tests-riscv/tests/non-mixed-size/AMO_X0_2_THREAD/LB+popars+NEW.litmus
/opt/litmus-tests-riscv/tests/non-mixed-size/AMO_X0_2_THREAD/LB+poprls+NEW.litmus
/opt/litmus-tests-riscv/tests/non-mixed-size/AMO_X0_2_THREAD/MP+po+poaqaq+NEW.litmus
/opt/litmus-tests-riscv/tests/non-mixed-size/AMO_X0_2_THREAD/MP+po+poaqp+NEW.litmus
/opt/litmus-tests-riscv/tests/non-mixed-size/AMO_X0_2_THREAD/MP+po+poarar+NEW.litmus
/opt/litmus-tests-riscv/tests/non-mixed-size/AMO_X0_2_THREAD/MP+po+poarp+NEW.litmus
/opt/litmus-tests-riscv/tests/non-mixed-size/AMO_X0_2_THREAD/MP+po+popaq+NEW.litmus
/opt/litmus-tests-riscv/tests/non-mixed-size/AMO_X0_2_THREAD/MP+po+popar+NEW.litmus
/opt/litmus-tests-riscv/tests/non-mixed-size/AMO_X0_2_THREAD/MP+poarar+po+NEW.litmus
/opt/litmus-tests-riscv/tests/non-mixed-size/AMO_X0_2_THREAD/MP+poarar+poarp+NEW.litmus
/opt/litmus-tests-riscv/tests/non-mixed-size/AMO_X0_2_THREAD/MP+poarar+popar+NEW.litmus
/opt/litmus-tests-riscv/tests/non-mixed-size/AMO_X0_2_THREAD/MP+poarars+NEW.litmus
/opt/litmus-tests-riscv/tests/non-mixed-size/AMO_X0_2_THREAD/MP+poarp+po+NEW.litmus
/opt/litmus-tests-riscv/tests/non-mixed-size/AMO_X0_2_THREAD/MP+poarp+poarar+NEW.litmus
/opt/litmus-tests-riscv/tests/non-mixed-size/AMO_X0_2_THREAD/MP+poarp+popar+NEW.litmus
/opt/litmus-tests-riscv/tests/non-mixed-size/AMO_X0_2_THREAD/MP+poarps+NEW.litmus
/opt/litmus-tests-riscv/tests/non-mixed-size/AMO_X0_2_THREAD/MP+popar+po+NEW.litmus
/opt/litmus-tests-riscv/tests/non-mixed-size/AMO_X0_2_THREAD/MP+popar+poarar+NEW.litmus
/opt/litmus-tests-riscv/tests/non-mixed-size/AMO_X0_2_THREAD/MP+popar+poarp+NEW.litmus
/opt/litmus-tests-riscv/tests/non-mixed-size/AMO_X0_2_THREAD/MP+popars+NEW.litmus
/opt/litmus-tests-riscv/tests/non-mixed-size/AMO_X0_2_THREAD/MP+poprl+po+NEW.litmus
/opt/litmus-tests-riscv/tests/non-mixed-size/AMO_X0_2_THREAD/MP+porlp+po+NEW.litmus
/opt/litmus-tests-riscv/tests/non-mixed-size/AMO_X0_2_THREAD/MP+porlrl+po+NEW.litmus
/opt/litmus-tests-riscv/tests/non-mixed-size/AMO_X0_2_THREAD/R+po+poarar+NEW.litmus
/opt/litmus-tests-riscv/tests/non-mixed-size/AMO_X0_2_THREAD/R+po+poarp+NEW.litmus
/opt/litmus-tests-riscv/tests/non-mixed-size/AMO_X0_2_THREAD/R+po+popaq+NEW.litmus
/opt/litmus-tests-riscv/tests/non-mixed-size/AMO_X0_2_THREAD/R+po+popar+NEW.litmus
/opt/litmus-tests-riscv/tests/non-mixed-size/AMO_X0_2_THREAD/R+po+porlp+NEW.litmus
/opt/litmus-tests-riscv/tests/non-mixed-size/AMO_X0_2_THREAD/R+poarar+po+NEW.litmus
/opt/litmus-tests-riscv/tests/non-mixed-size/AMO_X0_2_THREAD/R+poarar+poarp+NEW.litmus
/opt/litmus-tests-riscv/tests/non-mixed-size/AMO_X0_2_THREAD/R+poarar+popar+NEW.litmus
/opt/litmus-tests-riscv/tests/non-mixed-size/AMO_X0_2_THREAD/R+poarars+NEW.litmus
/opt/litmus-tests-riscv/tests/non-mixed-size/AMO_X0_2_THREAD/R+poarp+po+NEW.litmus
/opt/litmus-tests-riscv/tests/non-mixed-size/AMO_X0_2_THREAD/R+poarp+poarar+NEW.litmus
/opt/litmus-tests-riscv/tests/non-mixed-size/AMO_X0_2_THREAD/R+poarp+popar+NEW.litmus
/opt/litmus-tests-riscv/tests/non-mixed-size/AMO_X0_2_THREAD/R+poarps+NEW.litmus
/opt/litmus-tests-riscv/tests/non-mixed-size/AMO_X0_2_THREAD/R+popar+po+NEW.litmus
/opt/litmus-tests-riscv/tests/non-mixed-size/AMO_X0_2_THREAD/R+popar+poarar+NEW.litmus
/opt/litmus-tests-riscv/tests/non-mixed-size/AMO_X0_2_THREAD/R+popar+poarp+NEW.litmus
/opt/litmus-tests-riscv/tests/non-mixed-size/AMO_X0_2_THREAD/R+popars+NEW.litmus
/opt/litmus-tests-riscv/tests/non-mixed-size/AMO_X0_2_THREAD/R+poprl+po+NEW.litmus
/opt/litmus-tests-riscv/tests/non-mixed-size/AMO_X0_2_THREAD/R+poprl+porlp+NEW.litmus
/opt/litmus-tests-riscv/tests/non-mixed-size/AMO_X0_2_THREAD/R+porlp+po+NEW.litmus
/opt/litmus-tests-riscv/tests/non-mixed-size/AMO_X0_2_THREAD/R+porlps+NEW.litmus
/opt/litmus-tests-riscv/tests/non-mixed-size/AMO_X0_2_THREAD/R+porlrl+po+NEW.litmus
/opt/litmus-tests-riscv/tests/non-mixed-size/AMO_X0_2_THREAD/R+porlrl+porlp+NEW.litmus
/opt/litmus-tests-riscv/tests/non-mixed-size/AMO_X0_2_THREAD/S+po+poaqp+NEW.litmus
/opt/litmus-tests-riscv/tests/non-mixed-size/AMO_X0_2_THREAD/S+po+poarar+NEW.litmus
/opt/litmus-tests-riscv/tests/non-mixed-size/AMO_X0_2_THREAD/S+po+poarp+NEW.litmus
/opt/litmus-tests-riscv/tests/non-mixed-size/AMO_X0_2_THREAD/S+po+popar+NEW.litmus
/opt/litmus-tests-riscv/tests/non-mixed-size/AMO_X0_2_THREAD/S+po+poprl+NEW.litmus
/opt/litmus-tests-riscv/tests/non-mixed-size/AMO_X0_2_THREAD/S+poarar+po+NEW.litmus
/opt/litmus-tests-riscv/tests/non-mixed-size/AMO_X0_2_THREAD/S+poarar+poarp+NEW.litmus
/opt/litmus-tests-riscv/tests/non-mixed-size/AMO_X0_2_THREAD/S+poarar+popar+NEW.litmus
/opt/litmus-tests-riscv/tests/non-mixed-size/AMO_X0_2_THREAD/S+poarars+NEW.litmus
/opt/litmus-tests-riscv/tests/non-mixed-size/AMO_X0_2_THREAD/S+poarp+po+NEW.litmus
/opt/litmus-tests-riscv/tests/non-mixed-size/AMO_X0_2_THREAD/S+poarp+poarar+NEW.litmus
/opt/litmus-tests-riscv/tests/non-mixed-size/AMO_X0_2_THREAD/S+poarp+popar+NEW.litmus
/opt/litmus-tests-riscv/tests/non-mixed-size/AMO_X0_2_THREAD/S+poarps+NEW.litmus
/opt/litmus-tests-riscv/tests/non-mixed-size/AMO_X0_2_THREAD/S+popar+po+NEW.litmus
/opt/litmus-tests-riscv/tests/non-mixed-size/AMO_X0_2_THREAD/S+popar+poarar+NEW.litmus
/opt/litmus-tests-riscv/tests/non-mixed-size/AMO_X0_2_THREAD/S+popar+poarp+NEW.litmus
/opt/litmus-tests-riscv/tests/non-mixed-size/AMO_X0_2_THREAD/S+popars+NEW.litmus
/opt/litmus-tests-riscv/tests/non-mixed-size/AMO_X0_2_THREAD/S+poprl+po+NEW.litmus
/opt/litmus-tests-riscv/tests/non-mixed-size/AMO_X0_2_THREAD/S+poprls+NEW.litmus
/opt/litmus-tests-riscv/tests/non-mixed-size/AMO_X0_2_THREAD/S+porlp+po+NEW.litmus
/opt/litmus-tests-riscv/tests/non-mixed-size/AMO_X0_2_THREAD/S+porlp+poprl+NEW.litmus
/opt/litmus-tests-riscv/tests/non-mixed-size/AMO_X0_2_THREAD/S+porlrl+po+NEW.litmus
/opt/litmus-tests-riscv/tests/non-mixed-size/AMO_X0_2_THREAD/S+porlrl+poprl+NEW.litmus
/opt/litmus-tests-riscv/tests/non-mixed-size/AMO_X0_2_THREAD/SB+po+poarar+NEW.litmus
/opt/litmus-tests-riscv/tests/non-mixed-size/AMO_X0_2_THREAD/SB+po+poarp+NEW.litmus
/opt/litmus-tests-riscv/tests/non-mixed-size/AMO_X0_2_THREAD/SB+po+popaq+NEW.litmus
/opt/litmus-tests-riscv/tests/non-mixed-size/AMO_X0_2_THREAD/SB+po+popar+NEW.litmus
/opt/litmus-tests-riscv/tests/non-mixed-size/AMO_X0_2_THREAD/SB+po+porlp+NEW.litmus
/opt/litmus-tests-riscv/tests/non-mixed-size/AMO_X0_2_THREAD/SB+poarars+NEW.litmus
/opt/litmus-tests-riscv/tests/non-mixed-size/AMO_X0_2_THREAD/SB+poarp+poarar+NEW.litmus
/opt/litmus-tests-riscv/tests/non-mixed-size/AMO_X0_2_THREAD/SB+poarps+NEW.litmus
/opt/litmus-tests-riscv/tests/non-mixed-size/AMO_X0_2_THREAD/SB+popaqs+NEW.litmus
/opt/litmus-tests-riscv/tests/non-mixed-size/AMO_X0_2_THREAD/SB+popar+poarar+NEW.litmus
/opt/litmus-tests-riscv/tests/non-mixed-size/AMO_X0_2_THREAD/SB+popar+poarp+NEW.litmus
/opt/litmus-tests-riscv/tests/non-mixed-size/AMO_X0_2_THREAD/SB+popars+NEW.litmus
/opt/litmus-tests-riscv/tests/non-mixed-size/AMO_X0_2_THREAD/SB+porlps+NEW.litmus
/opt/litmus-tests-riscv/tests/non-mixed-size/ATOMICS/BASIC_2_THREAD/2+2W+poxxs.litmus
/opt/litmus-tests-riscv/tests/non-mixed-size/ATOMICS/BASIC_2_THREAD/LB+poxxs.litmus
/opt/litmus-tests-riscv/tests/non-mixed-size/ATOMICS/BASIC_2_THREAD/MP+poxxs.litmus
/opt/litmus-tests-riscv/tests/non-mixed-size/ATOMICS/BASIC_2_THREAD/R+poxxs.litmus
/opt/litmus-tests-riscv/tests/non-mixed-size/ATOMICS/BASIC_2_THREAD/S+poxxs.litmus
/opt/litmus-tests-riscv/tests/non-mixed-size/ATOMICS/BASIC_2_THREAD/SB+poxxs.litmus
/opt/litmus-tests-riscv/tests/non-mixed-size/ATOMICS/CO/2+2W+fence.rw.rws+fence.rw.rwspx.litmus
/opt/litmus-tests-riscv/tests/non-mixed-size/ATOMICS/CO/2+2W+fence.rw.rws+fence.rw.rwsxp.litmus
/opt/litmus-tests-riscv/tests/non-mixed-size/ATOMICS/CO/2+2W+fence.rw.rws+fence.rw.rwsxx.litmus
/opt/litmus-tests-riscv/tests/non-mixed-size/ATOMICS/CO/2+2W+fence.rw.rws+pospx.litmus
/opt/litmus-tests-riscv/tests/non-mixed-size/ATOMICS/CO/2+2W+fence.rw.rws+posxp.litmus
/opt/litmus-tests-riscv/tests/non-mixed-size/ATOMICS/CO/2+2W+fence.rw.rws+posxx.litmus
/opt/litmus-tests-riscv/tests/non-mixed-size/ATOMICS/CO/2+2W+fence.rw.rwspx+fence.rw.rwsxp.litmus
/opt/litmus-tests-riscv/tests/non-mixed-size/ATOMICS/CO/2+2W+fence.rw.rwspx+pos.litmus
/opt/litmus-tests-riscv/tests/non-mixed-size/ATOMICS/CO/2+2W+fence.rw.rwspx+pospx.litmus
/opt/litmus-tests-riscv/tests/non-mixed-size/ATOMICS/CO/2+2W+fence.rw.rwspx+posxp.litmus
/opt/litmus-tests-riscv/tests/non-mixed-size/ATOMICS/CO/2+2W+fence.rw.rwspxs.litmus
/opt/litmus-tests-riscv/tests/non-mixed-size/ATOMICS/CO/2+2W+fence.rw.rwsxp+pos.litmus
/opt/litmus-tests-riscv/tests/non-mixed-size/ATOMICS/CO/2+2W+fence.rw.rwsxp+pospx.litmus
/opt/litmus-tests-riscv/tests/non-mixed-size/ATOMICS/CO/2+2W+fence.rw.rwsxp+posxp.litmus
/opt/litmus-tests-riscv/tests/non-mixed-size/ATOMICS/CO/2+2W+fence.rw.rwsxps.litmus
/opt/litmus-tests-riscv/tests/non-mixed-size/ATOMICS/CO/2+2W+fence.rw.rwsxx+pos.litmus
/opt/litmus-tests-riscv/tests/non-mixed-size/ATOMICS/CO/2+2W+fence.rw.rwsxx+posxx.litmus
/opt/litmus-tests-riscv/tests/non-mixed-size/ATOMICS/CO/2+2W+fence.rw.rwsxxs.litmus
/opt/litmus-tests-riscv/tests/non-mixed-size/ATOMICS/CO/2+2W+pos+pospx.litmus
/opt/litmus-tests-riscv/tests/non-mixed-size/ATOMICS/CO/2+2W+pos+posxp.litmus
/opt/litmus-tests-riscv/tests/non-mixed-size/ATOMICS/CO/2+2W+pos+posxx.litmus
/opt/litmus-tests-riscv/tests/non-mixed-size/ATOMICS/CO/2+2W+pospx+posxp.litmus
/opt/litmus-tests-riscv/tests/non-mixed-size/ATOMICS/CO/2+2W+pospxs.litmus
/opt/litmus-tests-riscv/tests/non-mixed-size/ATOMICS/CO/2+2W+posxps.litmus
/opt/litmus-tests-riscv/tests/non-mixed-size/ATOMICS/CO/2+2W+posxxs.litmus
/opt/litmus-tests-riscv/tests/non-mixed-size/ATOMICS/CO/CoRR+X.litmus
/opt/litmus-tests-riscv/tests/non-mixed-size/ATOMICS/CO/CoRR+fence.rw.rws+X.litmus
/opt/litmus-tests-riscv/tests/non-mixed-size/ATOMICS/CO/CoRR+fence.rw.rwspx+X.litmus
/opt/litmus-tests-riscv/tests/non-mixed-size/ATOMICS/CO/CoRR+fence.rw.rwspx.litmus
/opt/litmus-tests-riscv/tests/non-mixed-size/ATOMICS/CO/CoRR+fence.rw.rwsxp+X.litmus
/opt/litmus-tests-riscv/tests/non-mixed-size/ATOMICS/CO/CoRR+fence.rw.rwsxp.litmus
/opt/litmus-tests-riscv/tests/non-mixed-size/ATOMICS/CO/CoRR+fence.rw.rwsxx.litmus
/opt/litmus-tests-riscv/tests/non-mixed-size/ATOMICS/CO/CoRR+pospx+X.litmus
/opt/litmus-tests-riscv/tests/non-mixed-size/ATOMICS/CO/CoRR+pospx.litmus
/opt/litmus-tests-riscv/tests/non-mixed-size/ATOMICS/CO/CoRR+posxp+X.litmus
/opt/litmus-tests-riscv/tests/non-mixed-size/ATOMICS/CO/CoRR+posxp.litmus
/opt/litmus-tests-riscv/tests/non-mixed-size/ATOMICS/CO/CoRR+posxx.litmus
/opt/litmus-tests-riscv/tests/non-mixed-size/ATOMICS/CO/CoRW1+fence.rw.rwspx.litmus
/opt/litmus-tests-riscv/tests/non-mixed-size/ATOMICS/CO/CoRW1+fence.rw.rwsxp.litmus
/opt/litmus-tests-riscv/tests/non-mixed-size/ATOMICS/CO/CoRW1+fence.rw.rwsxx.litmus
/opt/litmus-tests-riscv/tests/non-mixed-size/ATOMICS/CO/CoRW1+pospx.litmus
/opt/litmus-tests-riscv/tests/non-mixed-size/ATOMICS/CO/CoRW1+posxp.litmus
/opt/litmus-tests-riscv/tests/non-mixed-size/ATOMICS/CO/CoRW1+posxx.litmus
/opt/litmus-tests-riscv/tests/non-mixed-size/ATOMICS/CO/CoRW2+X.litmus
/opt/litmus-tests-riscv/tests/non-mixed-size/ATOMICS/CO/CoRW2+fence.rw.rws+X.litmus
/opt/litmus-tests-riscv/tests/non-mixed-size/ATOMICS/CO/CoRW2+fence.rw.rwspx+X.litmus
/opt/litmus-tests-riscv/tests/non-mixed-size/ATOMICS/CO/CoRW2+fence.rw.rwspx.litmus
/opt/litmus-tests-riscv/tests/non-mixed-size/ATOMICS/CO/CoRW2+fence.rw.rwsxp+X.litmus
/opt/litmus-tests-riscv/tests/non-mixed-size/ATOMICS/CO/CoRW2+fence.rw.rwsxp.litmus
/opt/litmus-tests-riscv/tests/non-mixed-size/ATOMICS/CO/CoRW2+fence.rw.rwsxx.litmus
/opt/litmus-tests-riscv/tests/non-mixed-size/ATOMICS/CO/CoRW2+pospx+X.litmus
/opt/litmus-tests-riscv/tests/non-mixed-size/ATOMICS/CO/CoRW2+pospx.litmus
/opt/litmus-tests-riscv/tests/non-mixed-size/ATOMICS/CO/CoRW2+posxp+X.litmus
/opt/litmus-tests-riscv/tests/non-mixed-size/ATOMICS/CO/CoRW2+posxp.litmus
/opt/litmus-tests-riscv/tests/non-mixed-size/ATOMICS/CO/CoRW2+posxx.litmus
/opt/litmus-tests-riscv/tests/non-mixed-size/ATOMICS/CO/CoWR0+fence.rw.rwspx.litmus
/opt/litmus-tests-riscv/tests/non-mixed-size/ATOMICS/CO/CoWR0+fence.rw.rwsxp.litmus
/opt/litmus-tests-riscv/tests/non-mixed-size/ATOMICS/CO/CoWR0+fence.rw.rwsxx.litmus
/opt/litmus-tests-riscv/tests/non-mixed-size/ATOMICS/CO/CoWR0+pospx.litmus
/opt/litmus-tests-riscv/tests/non-mixed-size/ATOMICS/CO/CoWR0+posxp.litmus
/opt/litmus-tests-riscv/tests/non-mixed-size/ATOMICS/CO/CoWR0+posxx.litmus
/opt/litmus-tests-riscv/tests/non-mixed-size/ATOMICS/CO/CoWW+fence.rw.rwspx.litmus
/opt/litmus-tests-riscv/tests/non-mixed-size/ATOMICS/CO/CoWW+fence.rw.rwsxp.litmus
/opt/litmus-tests-riscv/tests/non-mixed-size/ATOMICS/CO/CoWW+fence.rw.rwsxx.litmus
/opt/litmus-tests-riscv/tests/non-mixed-size/ATOMICS/CO/CoWW+pospx.litmus
/opt/litmus-tests-riscv/tests/non-mixed-size/ATOMICS/CO/CoWW+posxp.litmus
/opt/litmus-tests-riscv/tests/non-mixed-size/ATOMICS/CO/CoWW+posxx.litmus
/opt/litmus-tests-riscv/tests/non-mixed-size/ATOMICS/CO/LB+fence.rw.rws+fence.rw.rwspx.litmus
/opt/litmus-tests-riscv/tests/non-mixed-size/ATOMICS/CO/LB+fence.rw.rws+fence.rw.rwsxp.litmus
/opt/litmus-tests-riscv/tests/non-mixed-size/ATOMICS/CO/LB+fence.rw.rws+fence.rw.rwsxx.litmus
/opt/litmus-tests-riscv/tests/non-mixed-size/ATOMICS/CO/LB+fence.rw.rws+pospx.litmus
/opt/litmus-tests-riscv/tests/non-mixed-size/ATOMICS/CO/LB+fence.rw.rws+posxp.litmus
/opt/litmus-tests-riscv/tests/non-mixed-size/ATOMICS/CO/LB+fence.rw.rws+posxx.litmus
/opt/litmus-tests-riscv/tests/non-mixed-size/ATOMICS/CO/LB+fence.rw.rwspx+fence.rw.rwsxp.litmus
/opt/litmus-tests-riscv/tests/non-mixed-size/ATOMICS/CO/LB+fence.rw.rwspx+pos.litmus
/opt/litmus-tests-riscv/tests/non-mixed-size/ATOMICS/CO/LB+fence.rw.rwspx+pospx.litmus
/opt/litmus-tests-riscv/tests/non-mixed-size/ATOMICS/CO/LB+fence.rw.rwspx+posxp.litmus
/opt/litmus-tests-riscv/tests/non-mixed-size/ATOMICS/CO/LB+fence.rw.rwspxs.litmus
/opt/litmus-tests-riscv/tests/non-mixed-size/ATOMICS/CO/LB+fence.rw.rwsxp+pos.litmus
/opt/litmus-tests-riscv/tests/non-mixed-size/ATOMICS/CO/LB+fence.rw.rwsxp+pospx.litmus
/opt/litmus-tests-riscv/tests/non-mixed-size/ATOMICS/CO/LB+fence.rw.rwsxp+posxp.litmus
/opt/litmus-tests-riscv/tests/non-mixed-size/ATOMICS/CO/LB+fence.rw.rwsxps.litmus
/opt/litmus-tests-riscv/tests/non-mixed-size/ATOMICS/CO/LB+fence.rw.rwsxx+pos.litmus
/opt/litmus-tests-riscv/tests/non-mixed-size/ATOMICS/CO/LB+fence.rw.rwsxx+posxx.litmus
/opt/litmus-tests-riscv/tests/non-mixed-size/ATOMICS/CO/LB+fence.rw.rwsxxs.litmus
/opt/litmus-tests-riscv/tests/non-mixed-size/ATOMICS/CO/LB+pos+pospx.litmus
/opt/litmus-tests-riscv/tests/non-mixed-size/ATOMICS/CO/LB+pos+posxp.litmus
/opt/litmus-tests-riscv/tests/non-mixed-size/ATOMICS/CO/LB+pos+posxx.litmus
/opt/litmus-tests-riscv/tests/non-mixed-size/ATOMICS/CO/LB+pospx+posxp.litmus
/opt/litmus-tests-riscv/tests/non-mixed-size/ATOMICS/CO/LB+pospxs.litmus
/opt/litmus-tests-riscv/tests/non-mixed-size/ATOMICS/CO/LB+posxps.litmus
/opt/litmus-tests-riscv/tests/non-mixed-size/ATOMICS/CO/LB+posxxs.litmus
/opt/litmus-tests-riscv/tests/non-mixed-size/ATOMICS/CO/MP+fence.rw.rws+fence.rw.rwspx.litmus
/opt/litmus-tests-riscv/tests/non-mixed-size/ATOMICS/CO/MP+fence.rw.rws+fence.rw.rwsxp.litmus
/opt/litmus-tests-riscv/tests/non-mixed-size/ATOMICS/CO/MP+fence.rw.rws+fence.rw.rwsxx.litmus
/opt/litmus-tests-riscv/tests/non-mixed-size/ATOMICS/CO/MP+fence.rw.rws+pospx.litmus
/opt/litmus-tests-riscv/tests/non-mixed-size/ATOMICS/CO/MP+fence.rw.rws+posxp.litmus
/opt/litmus-tests-riscv/tests/non-mixed-size/ATOMICS/CO/MP+fence.rw.rws+posxx.litmus
/opt/litmus-tests-riscv/tests/non-mixed-size/ATOMICS/CO/MP+fence.rw.rwspx+fence.rw.rws.litmus
/opt/litmus-tests-riscv/tests/non-mixed-size/ATOMICS/CO/MP+fence.rw.rwspx+fence.rw.rwsxp.litmus
/opt/litmus-tests-riscv/tests/non-mixed-size/ATOMICS/CO/MP+fence.rw.rwspx+pos.litmus
/opt/litmus-tests-riscv/tests/non-mixed-size/ATOMICS/CO/MP+fence.rw.rwspx+posxp.litmus
/opt/litmus-tests-riscv/tests/non-mixed-size/ATOMICS/CO/MP+fence.rw.rwsxp+fence.rw.rws.litmus
/opt/litmus-tests-riscv/tests/non-mixed-size/ATOMICS/CO/MP+fence.rw.rwsxp+fence.rw.rwspx.litmus
/opt/litmus-tests-riscv/tests/non-mixed-size/ATOMICS/CO/MP+fence.rw.rwsxp+pos.litmus
/opt/litmus-tests-riscv/tests/non-mixed-size/ATOMICS/CO/MP+fence.rw.rwsxp+pospx.litmus
/opt/litmus-tests-riscv/tests/non-mixed-size/ATOMICS/CO/MP+fence.rw.rwsxx+fence.rw.rws.litmus
/opt/litmus-tests-riscv/tests/non-mixed-size/ATOMICS/CO/MP+fence.rw.rwsxx+pos.litmus
/opt/litmus-tests-riscv/tests/non-mixed-size/ATOMICS/CO/MP+pos+fence.rw.rwspx.litmus
/opt/litmus-tests-riscv/tests/non-mixed-size/ATOMICS/CO/MP+pos+fence.rw.rwsxp.litmus
/opt/litmus-tests-riscv/tests/non-mixed-size/ATOMICS/CO/MP+pos+fence.rw.rwsxx.litmus
/opt/litmus-tests-riscv/tests/non-mixed-size/ATOMICS/CO/MP+pos+pospx.litmus
/opt/litmus-tests-riscv/tests/non-mixed-size/ATOMICS/CO/MP+pos+posxp.litmus
/opt/litmus-tests-riscv/tests/non-mixed-size/ATOMICS/CO/MP+pos+posxx.litmus
/opt/litmus-tests-riscv/tests/non-mixed-size/ATOMICS/CO/MP+pospx+fence.rw.rws.litmus
/opt/litmus-tests-riscv/tests/non-mixed-size/ATOMICS/CO/MP+pospx+fence.rw.rwsxp.litmus
/opt/litmus-tests-riscv/tests/non-mixed-size/ATOMICS/CO/MP+pospx+pos.litmus
/opt/litmus-tests-riscv/tests/non-mixed-size/ATOMICS/CO/MP+pospx+posxp.litmus
/opt/litmus-tests-riscv/tests/non-mixed-size/ATOMICS/CO/MP+posxp+fence.rw.rws.litmus
/opt/litmus-tests-riscv/tests/non-mixed-size/ATOMICS/CO/MP+posxp+fence.rw.rwspx.litmus
/opt/litmus-tests-riscv/tests/non-mixed-size/ATOMICS/CO/MP+posxp+pos.litmus
/opt/litmus-tests-riscv/tests/non-mixed-size/ATOMICS/CO/MP+posxp+pospx.litmus
/opt/litmus-tests-riscv/tests/non-mixed-size/ATOMICS/CO/MP+posxx+fence.rw.rws.litmus
/opt/litmus-tests-riscv/tests/non-mixed-size/ATOMICS/CO/MP+posxx+pos.litmus
/opt/litmus-tests-riscv/tests/non-mixed-size/ATOMICS/CO/R+fence.rw.rws+fence.rw.rwspx.litmus
/opt/litmus-tests-riscv/tests/non-mixed-size/ATOMICS/CO/R+fence.rw.rws+fence.rw.rwsxp.litmus
/opt/litmus-tests-riscv/tests/non-mixed-size/ATOMICS/CO/R+fence.rw.rws+fence.rw.rwsxx.litmus
/opt/litmus-tests-riscv/tests/non-mixed-size/ATOMICS/CO/R+fence.rw.rws+pospx.litmus
/opt/litmus-tests-riscv/tests/non-mixed-size/ATOMICS/CO/R+fence.rw.rws+posxp.litmus
/opt/litmus-tests-riscv/tests/non-mixed-size/ATOMICS/CO/R+fence.rw.rws+posxx.litmus
/opt/litmus-tests-riscv/tests/non-mixed-size/ATOMICS/CO/R+fence.rw.rwspx+fence.rw.rws.litmus
/opt/litmus-tests-riscv/tests/non-mixed-size/ATOMICS/CO/R+fence.rw.rwspx+fence.rw.rwsxp.litmus
/opt/litmus-tests-riscv/tests/non-mixed-size/ATOMICS/CO/R+fence.rw.rwspx+pos.litmus
/opt/litmus-tests-riscv/tests/non-mixed-size/ATOMICS/CO/R+fence.rw.rwspx+posxp.litmus
/opt/litmus-tests-riscv/tests/non-mixed-size/ATOMICS/CO/R+fence.rw.rwsxp+fence.rw.rws.litmus
/opt/litmus-tests-riscv/tests/non-mixed-size/ATOMICS/CO/R+fence.rw.rwsxp+fence.rw.rwspx.litmus
/opt/litmus-tests-riscv/tests/non-mixed-size/ATOMICS/CO/R+fence.rw.rwsxp+pos.litmus
/opt/litmus-tests-riscv/tests/non-mixed-size/ATOMICS/CO/R+fence.rw.rwsxp+pospx.litmus
/opt/litmus-tests-riscv/tests/non-mixed-size/ATOMICS/CO/R+fence.rw.rwsxx+fence.rw.rws.litmus
/opt/litmus-tests-riscv/tests/non-mixed-size/ATOMICS/CO/R+fence.rw.rwsxx+pos.litmus
/opt/litmus-tests-riscv/tests/non-mixed-size/ATOMICS/CO/R+pos+fence.rw.rwspx.litmus
/opt/litmus-tests-riscv/tests/non-mixed-size/ATOMICS/CO/R+pos+fence.rw.rwsxp.litmus
/opt/litmus-tests-riscv/tests/non-mixed-size/ATOMICS/CO/R+pos+fence.rw.rwsxx.litmus
/opt/litmus-tests-riscv/tests/non-mixed-size/ATOMICS/CO/R+pos+pospx.litmus
/opt/litmus-tests-riscv/tests/non-mixed-size/ATOMICS/CO/R+pos+posxp.litmus
/opt/litmus-tests-riscv/tests/non-mixed-size/ATOMICS/CO/R+pos+posxx.litmus
/opt/litmus-tests-riscv/tests/non-mixed-size/ATOMICS/CO/R+pospx+fence.rw.rws.litmus
/opt/litmus-tests-riscv/tests/non-mixed-size/ATOMICS/CO/R+pospx+fence.rw.rwsxp.litmus
/opt/litmus-tests-riscv/tests/non-mixed-size/ATOMICS/CO/R+pospx+pos.litmus
/opt/litmus-tests-riscv/tests/non-mixed-size/ATOMICS/CO/R+pospx+posxp.litmus
/opt/litmus-tests-riscv/tests/non-mixed-size/ATOMICS/CO/R+posxp+fence.rw.rws.litmus
/opt/litmus-tests-riscv/tests/non-mixed-size/ATOMICS/CO/R+posxp+fence.rw.rwspx.litmus
/opt/litmus-tests-riscv/tests/non-mixed-size/ATOMICS/CO/R+posxp+pos.litmus
/opt/litmus-tests-riscv/tests/non-mixed-size/ATOMICS/CO/R+posxp+pospx.litmus
/opt/litmus-tests-riscv/tests/non-mixed-size/ATOMICS/CO/R+posxx+fence.rw.rws.litmus
/opt/litmus-tests-riscv/tests/non-mixed-size/ATOMICS/CO/R+posxx+pos.litmus
/opt/litmus-tests-riscv/tests/non-mixed-size/ATOMICS/CO/RWC+fence.rw.rws+fence.rw.rwspx+X.litmus
/opt/litmus-tests-riscv/tests/non-mixed-size/ATOMICS/CO/RWC+fence.rw.rws+fence.rw.rwspx.litmus
/opt/litmus-tests-riscv/tests/non-mixed-size/ATOMICS/CO/RWC+fence.rw.rws+fence.rw.rwsxp+X.litmus
/opt/litmus-tests-riscv/tests/non-mixed-size/ATOMICS/CO/RWC+fence.rw.rws+fence.rw.rwsxp.litmus
/opt/litmus-tests-riscv/tests/non-mixed-size/ATOMICS/CO/RWC+fence.rw.rws+fence.rw.rwsxx.litmus
/opt/litmus-tests-riscv/tests/non-mixed-size/ATOMICS/CO/RWC+fence.rw.rws+pos+X.litmus
/opt/litmus-tests-riscv/tests/non-mixed-size/ATOMICS/CO/RWC+fence.rw.rws+pospx+X.litmus
/opt/litmus-tests-riscv/tests/non-mixed-size/ATOMICS/CO/RWC+fence.rw.rws+pospx.litmus
/opt/litmus-tests-riscv/tests/non-mixed-size/ATOMICS/CO/RWC+fence.rw.rws+posxp+X.litmus
/opt/litmus-tests-riscv/tests/non-mixed-size/ATOMICS/CO/RWC+fence.rw.rws+posxp.litmus
/opt/litmus-tests-riscv/tests/non-mixed-size/ATOMICS/CO/RWC+fence.rw.rws+posxx.litmus
/opt/litmus-tests-riscv/tests/non-mixed-size/ATOMICS/CO/RWC+fence.rw.rwspx+fence.rw.rws.litmus
/opt/litmus-tests-riscv/tests/non-mixed-size/ATOMICS/CO/RWC+fence.rw.rwspx+fence.rw.rwsxp.litmus
/opt/litmus-tests-riscv/tests/non-mixed-size/ATOMICS/CO/RWC+fence.rw.rwspx+fence.rw.rwsxx+X.litmus
/opt/litmus-tests-riscv/tests/non-mixed-size/ATOMICS/CO/RWC+fence.rw.rwspx+pos.litmus
/opt/litmus-tests-riscv/tests/non-mixed-size/ATOMICS/CO/RWC+fence.rw.rwspx+pospx.litmus
/opt/litmus-tests-riscv/tests/non-mixed-size/ATOMICS/CO/RWC+fence.rw.rwspx+posxp.litmus
/opt/litmus-tests-riscv/tests/non-mixed-size/ATOMICS/CO/RWC+fence.rw.rwspx+posxx+X.litmus
/opt/litmus-tests-riscv/tests/non-mixed-size/ATOMICS/CO/RWC+fence.rw.rwspxs.litmus
/opt/litmus-tests-riscv/tests/non-mixed-size/ATOMICS/CO/RWC+fence.rw.rwss+X.litmus
/opt/litmus-tests-riscv/tests/non-mixed-size/ATOMICS/CO/RWC+fence.rw.rwsxp+fence.rw.rws+X.litmus
/opt/litmus-tests-riscv/tests/non-mixed-size/ATOMICS/CO/RWC+fence.rw.rwsxp+fence.rw.rws.litmus
/opt/litmus-tests-riscv/tests/non-mixed-size/ATOMICS/CO/RWC+fence.rw.rwsxp+pos+X.litmus
/opt/litmus-tests-riscv/tests/non-mixed-size/ATOMICS/CO/RWC+fence.rw.rwsxp+pos.litmus
/opt/litmus-tests-riscv/tests/non-mixed-size/ATOMICS/CO/RWC+fence.rw.rwsxx+fence.rw.rws.litmus
/opt/litmus-tests-riscv/tests/non-mixed-size/ATOMICS/CO/RWC+fence.rw.rwsxx+pos.litmus
/opt/litmus-tests-riscv/tests/non-mixed-size/ATOMICS/CO/RWC+pos+fence.rw.rws+X.litmus
/opt/litmus-tests-riscv/tests/non-mixed-size/ATOMICS/CO/RWC+pos+fence.rw.rwspx+X.litmus
/opt/litmus-tests-riscv/tests/non-mixed-size/ATOMICS/CO/RWC+pos+fence.rw.rwspx.litmus
/opt/litmus-tests-riscv/tests/non-mixed-size/ATOMICS/CO/RWC+pos+fence.rw.rwsxp+X.litmus
/opt/litmus-tests-riscv/tests/non-mixed-size/ATOMICS/CO/RWC+pos+fence.rw.rwsxp.litmus
/opt/litmus-tests-riscv/tests/non-mixed-size/ATOMICS/CO/RWC+pos+fence.rw.rwsxx.litmus
/opt/litmus-tests-riscv/tests/non-mixed-size/ATOMICS/CO/RWC+pos+pospx+X.litmus
/opt/litmus-tests-riscv/tests/non-mixed-size/ATOMICS/CO/RWC+pos+pospx.litmus
/opt/litmus-tests-riscv/tests/non-mixed-size/ATOMICS/CO/RWC+pos+posxp+X.litmus
/opt/litmus-tests-riscv/tests/non-mixed-size/ATOMICS/CO/RWC+pos+posxp.litmus
/opt/litmus-tests-riscv/tests/non-mixed-size/ATOMICS/CO/RWC+pos+posxx.litmus
/opt/litmus-tests-riscv/tests/non-mixed-size/ATOMICS/CO/RWC+pospx+fence.rw.rws.litmus
/opt/litmus-tests-riscv/tests/non-mixed-size/ATOMICS/CO/RWC+pospx+fence.rw.rwspx.litmus
/opt/litmus-tests-riscv/tests/non-mixed-size/ATOMICS/CO/RWC+pospx+fence.rw.rwsxp.litmus
/opt/litmus-tests-riscv/tests/non-mixed-size/ATOMICS/CO/RWC+pospx+fence.rw.rwsxx+X.litmus
/opt/litmus-tests-riscv/tests/non-mixed-size/ATOMICS/CO/RWC+pospx+pos.litmus
/opt/litmus-tests-riscv/tests/non-mixed-size/ATOMICS/CO/RWC+pospx+posxp.litmus
/opt/litmus-tests-riscv/tests/non-mixed-size/ATOMICS/CO/RWC+pospx+posxx+X.litmus
/opt/litmus-tests-riscv/tests/non-mixed-size/ATOMICS/CO/RWC+pospxs.litmus
/opt/litmus-tests-riscv/tests/non-mixed-size/ATOMICS/CO/RWC+poss+X.litmus
/opt/litmus-tests-riscv/tests/non-mixed-size/ATOMICS/CO/RWC+posxp+fence.rw.rws+X.litmus
/opt/litmus-tests-riscv/tests/non-mixed-size/ATOMICS/CO/RWC+posxp+fence.rw.rws.litmus
/opt/litmus-tests-riscv/tests/non-mixed-size/ATOMICS/CO/RWC+posxp+pos+X.litmus
/opt/litmus-tests-riscv/tests/non-mixed-size/ATOMICS/CO/RWC+posxp+pos.litmus
/opt/litmus-tests-riscv/tests/non-mixed-size/ATOMICS/CO/RWC+posxx+fence.rw.rws.litmus
/opt/litmus-tests-riscv/tests/non-mixed-size/ATOMICS/CO/RWC+posxx+pos.litmus
/opt/litmus-tests-riscv/tests/non-mixed-size/ATOMICS/CO/S+fence.rw.rws+fence.rw.rwspx.litmus
/opt/litmus-tests-riscv/tests/non-mixed-size/ATOMICS/CO/S+fence.rw.rws+fence.rw.rwsxp.litmus
/opt/litmus-tests-riscv/tests/non-mixed-size/ATOMICS/CO/S+fence.rw.rws+fence.rw.rwsxx.litmus
/opt/litmus-tests-riscv/tests/non-mixed-size/ATOMICS/CO/S+fence.rw.rws+pospx.litmus
/opt/litmus-tests-riscv/tests/non-mixed-size/ATOMICS/CO/S+fence.rw.rws+posxp.litmus
/opt/litmus-tests-riscv/tests/non-mixed-size/ATOMICS/CO/S+fence.rw.rws+posxx.litmus
/opt/litmus-tests-riscv/tests/non-mixed-size/ATOMICS/CO/S+fence.rw.rwspx+fence.rw.rws.litmus
/opt/litmus-tests-riscv/tests/non-mixed-size/ATOMICS/CO/S+fence.rw.rwspx+fence.rw.rwsxp.litmus
/opt/litmus-tests-riscv/tests/non-mixed-size/ATOMICS/CO/S+fence.rw.rwspx+pos.litmus
/opt/litmus-tests-riscv/tests/non-mixed-size/ATOMICS/CO/S+fence.rw.rwspx+posxp.litmus
/opt/litmus-tests-riscv/tests/non-mixed-size/ATOMICS/CO/S+fence.rw.rwsxp+fence.rw.rws.litmus
/opt/litmus-tests-riscv/tests/non-mixed-size/ATOMICS/CO/S+fence.rw.rwsxp+fence.rw.rwspx.litmus
/opt/litmus-tests-riscv/tests/non-mixed-size/ATOMICS/CO/S+fence.rw.rwsxp+pos.litmus
/opt/litmus-tests-riscv/tests/non-mixed-size/ATOMICS/CO/S+fence.rw.rwsxp+pospx.litmus
/opt/litmus-tests-riscv/tests/non-mixed-size/ATOMICS/CO/S+fence.rw.rwsxx+fence.rw.rws.litmus
/opt/litmus-tests-riscv/tests/non-mixed-size/ATOMICS/CO/S+fence.rw.rwsxx+pos.litmus
/opt/litmus-tests-riscv/tests/non-mixed-size/ATOMICS/CO/S+pos+fence.rw.rwspx.litmus
/opt/litmus-tests-riscv/tests/non-mixed-size/ATOMICS/CO/S+pos+fence.rw.rwsxp.litmus
/opt/litmus-tests-riscv/tests/non-mixed-size/ATOMICS/CO/S+pos+fence.rw.rwsxx.litmus
/opt/litmus-tests-riscv/tests/non-mixed-size/ATOMICS/CO/S+pos+pospx.litmus
/opt/litmus-tests-riscv/tests/non-mixed-size/ATOMICS/CO/S+pos+posxp.litmus
/opt/litmus-tests-riscv/tests/non-mixed-size/ATOMICS/CO/S+pos+posxx.litmus
/opt/litmus-tests-riscv/tests/non-mixed-size/ATOMICS/CO/S+pospx+fence.rw.rws.litmus
/opt/litmus-tests-riscv/tests/non-mixed-size/ATOMICS/CO/S+pospx+fence.rw.rwsxp.litmus
/opt/litmus-tests-riscv/tests/non-mixed-size/ATOMICS/CO/S+pospx+pos.litmus
/opt/litmus-tests-riscv/tests/non-mixed-size/ATOMICS/CO/S+pospx+posxp.litmus
/opt/litmus-tests-riscv/tests/non-mixed-size/ATOMICS/CO/S+posxp+fence.rw.rws.litmus
/opt/litmus-tests-riscv/tests/non-mixed-size/ATOMICS/CO/S+posxp+fence.rw.rwspx.litmus
/opt/litmus-tests-riscv/tests/non-mixed-size/ATOMICS/CO/S+posxp+pos.litmus
/opt/litmus-tests-riscv/tests/non-mixed-size/ATOMICS/CO/S+posxp+pospx.litmus
/opt/litmus-tests-riscv/tests/non-mixed-size/ATOMICS/CO/S+posxx+fence.rw.rws.litmus
/opt/litmus-tests-riscv/tests/non-mixed-size/ATOMICS/CO/S+posxx+pos.litmus
/opt/litmus-tests-riscv/tests/non-mixed-size/ATOMICS/CO/SB+fence.rw.rws+fence.rw.rwspx.litmus
/opt/litmus-tests-riscv/tests/non-mixed-size/ATOMICS/CO/SB+fence.rw.rws+fence.rw.rwsxp.litmus
/opt/litmus-tests-riscv/tests/non-mixed-size/ATOMICS/CO/SB+fence.rw.rws+fence.rw.rwsxx.litmus
/opt/litmus-tests-riscv/tests/non-mixed-size/ATOMICS/CO/SB+fence.rw.rws+pospx.litmus
/opt/litmus-tests-riscv/tests/non-mixed-size/ATOMICS/CO/SB+fence.rw.rws+posxp.litmus
/opt/litmus-tests-riscv/tests/non-mixed-size/ATOMICS/CO/SB+fence.rw.rws+posxx.litmus
/opt/litmus-tests-riscv/tests/non-mixed-size/ATOMICS/CO/SB+fence.rw.rwspx+fence.rw.rwsxp.litmus
/opt/litmus-tests-riscv/tests/non-mixed-size/ATOMICS/CO/SB+fence.rw.rwspx+pos.litmus
/opt/litmus-tests-riscv/tests/non-mixed-size/ATOMICS/CO/SB+fence.rw.rwspx+pospx.litmus
/opt/litmus-tests-riscv/tests/non-mixed-size/ATOMICS/CO/SB+fence.rw.rwspx+posxp.litmus
/opt/litmus-tests-riscv/tests/non-mixed-size/ATOMICS/CO/SB+fence.rw.rwspxs.litmus
/opt/litmus-tests-riscv/tests/non-mixed-size/ATOMICS/CO/SB+fence.rw.rwsxp+pos.litmus
/opt/litmus-tests-riscv/tests/non-mixed-size/ATOMICS/CO/SB+fence.rw.rwsxp+pospx.litmus
/opt/litmus-tests-riscv/tests/non-mixed-size/ATOMICS/CO/SB+fence.rw.rwsxp+posxp.litmus
/opt/litmus-tests-riscv/tests/non-mixed-size/ATOMICS/CO/SB+fence.rw.rwsxps.litmus
/opt/litmus-tests-riscv/tests/non-mixed-size/ATOMICS/CO/SB+fence.rw.rwsxx+pos.litmus
/opt/litmus-tests-riscv/tests/non-mixed-size/ATOMICS/CO/SB+fence.rw.rwsxx+posxx.litmus
/opt/litmus-tests-riscv/tests/non-mixed-size/ATOMICS/CO/SB+fence.rw.rwsxxs.litmus
/opt/litmus-tests-riscv/tests/non-mixed-size/ATOMICS/CO/SB+pos+pospx.litmus
/opt/litmus-tests-riscv/tests/non-mixed-size/ATOMICS/CO/SB+pos+posxp.litmus
/opt/litmus-tests-riscv/tests/non-mixed-size/ATOMICS/CO/SB+pos+posxx.litmus
/opt/litmus-tests-riscv/tests/non-mixed-size/ATOMICS/CO/SB+pospx+posxp.litmus
/opt/litmus-tests-riscv/tests/non-mixed-size/ATOMICS/CO/SB+pospxs.litmus
/opt/litmus-tests-riscv/tests/non-mixed-size/ATOMICS/CO/SB+posxps.litmus
/opt/litmus-tests-riscv/tests/non-mixed-size/ATOMICS/CO/SB+posxxs.litmus
/opt/litmus-tests-riscv/tests/non-mixed-size/ATOMICS/CO/WRC+fence.rw.rws+fence.rw.rwspx+X.litmus
/opt/litmus-tests-riscv/tests/non-mixed-size/ATOMICS/CO/WRC+fence.rw.rws+fence.rw.rwspx.litmus
/opt/litmus-tests-riscv/tests/non-mixed-size/ATOMICS/CO/WRC+fence.rw.rws+fence.rw.rwsxp.litmus
/opt/litmus-tests-riscv/tests/non-mixed-size/ATOMICS/CO/WRC+fence.rw.rws+fence.rw.rwsxx.litmus
/opt/litmus-tests-riscv/tests/non-mixed-size/ATOMICS/CO/WRC+fence.rw.rws+pos+X.litmus
/opt/litmus-tests-riscv/tests/non-mixed-size/ATOMICS/CO/WRC+fence.rw.rws+pospx+X.litmus
/opt/litmus-tests-riscv/tests/non-mixed-size/ATOMICS/CO/WRC+fence.rw.rws+pospx.litmus
/opt/litmus-tests-riscv/tests/non-mixed-size/ATOMICS/CO/WRC+fence.rw.rws+posxp.litmus
/opt/litmus-tests-riscv/tests/non-mixed-size/ATOMICS/CO/WRC+fence.rw.rws+posxx.litmus
/opt/litmus-tests-riscv/tests/non-mixed-size/ATOMICS/CO/WRC+fence.rw.rwspx+fence.rw.rws+X.litmus
/opt/litmus-tests-riscv/tests/non-mixed-size/ATOMICS/CO/WRC+fence.rw.rwspx+fence.rw.rws.litmus
/opt/litmus-tests-riscv/tests/non-mixed-size/ATOMICS/CO/WRC+fence.rw.rwspx+fence.rw.rwsxp.litmus
/opt/litmus-tests-riscv/tests/non-mixed-size/ATOMICS/CO/WRC+fence.rw.rwspx+pos+X.litmus
/opt/litmus-tests-riscv/tests/non-mixed-size/ATOMICS/CO/WRC+fence.rw.rwspx+pos.litmus
/opt/litmus-tests-riscv/tests/non-mixed-size/ATOMICS/CO/WRC+fence.rw.rwspx+posxp.litmus
/opt/litmus-tests-riscv/tests/non-mixed-size/ATOMICS/CO/WRC+fence.rw.rwss+X.litmus
/opt/litmus-tests-riscv/tests/non-mixed-size/ATOMICS/CO/WRC+fence.rw.rwsxp+fence.rw.rws+X.litmus
/opt/litmus-tests-riscv/tests/non-mixed-size/ATOMICS/CO/WRC+fence.rw.rwsxp+fence.rw.rws.litmus
/opt/litmus-tests-riscv/tests/non-mixed-size/ATOMICS/CO/WRC+fence.rw.rwsxp+pos+X.litmus
/opt/litmus-tests-riscv/tests/non-mixed-size/ATOMICS/CO/WRC+fence.rw.rwsxp+pos.litmus
/opt/litmus-tests-riscv/tests/non-mixed-size/ATOMICS/CO/WRC+fence.rw.rwsxp+posxp.litmus
/opt/litmus-tests-riscv/tests/non-mixed-size/ATOMICS/CO/WRC+fence.rw.rwsxps.litmus
/opt/litmus-tests-riscv/tests/non-mixed-size/ATOMICS/CO/WRC+fence.rw.rwsxx+fence.rw.rws.litmus
/opt/litmus-tests-riscv/tests/non-mixed-size/ATOMICS/CO/WRC+fence.rw.rwsxx+fence.rw.rwsxp+X.litmus
/opt/litmus-tests-riscv/tests/non-mixed-size/ATOMICS/CO/WRC+fence.rw.rwsxx+pos.litmus
/opt/litmus-tests-riscv/tests/non-mixed-size/ATOMICS/CO/WRC+fence.rw.rwsxx+posxp+X.litmus
/opt/litmus-tests-riscv/tests/non-mixed-size/ATOMICS/CO/WRC+pos+fence.rw.rws+X.litmus
/opt/litmus-tests-riscv/tests/non-mixed-size/ATOMICS/CO/WRC+pos+fence.rw.rwspx+X.litmus
/opt/litmus-tests-riscv/tests/non-mixed-size/ATOMICS/CO/WRC+pos+fence.rw.rwspx.litmus
/opt/litmus-tests-riscv/tests/non-mixed-size/ATOMICS/CO/WRC+pos+fence.rw.rwsxp.litmus
/opt/litmus-tests-riscv/tests/non-mixed-size/ATOMICS/CO/WRC+pos+fence.rw.rwsxx.litmus
/opt/litmus-tests-riscv/tests/non-mixed-size/ATOMICS/CO/WRC+pos+pospx+X.litmus
/opt/litmus-tests-riscv/tests/non-mixed-size/ATOMICS/CO/WRC+pos+pospx.litmus
/opt/litmus-tests-riscv/tests/non-mixed-size/ATOMICS/CO/WRC+pos+posxp.litmus
/opt/litmus-tests-riscv/tests/non-mixed-size/ATOMICS/CO/WRC+pos+posxx.litmus
/opt/litmus-tests-riscv/tests/non-mixed-size/ATOMICS/CO/WRC+pospx+fence.rw.rws+X.litmus
/opt/litmus-tests-riscv/tests/non-mixed-size/ATOMICS/CO/WRC+pospx+fence.rw.rws.litmus
/opt/litmus-tests-riscv/tests/non-mixed-size/ATOMICS/CO/WRC+pospx+fence.rw.rwsxp.litmus
/opt/litmus-tests-riscv/tests/non-mixed-size/ATOMICS/CO/WRC+pospx+pos+X.litmus
/opt/litmus-tests-riscv/tests/non-mixed-size/ATOMICS/CO/WRC+pospx+pos.litmus
/opt/litmus-tests-riscv/tests/non-mixed-size/ATOMICS/CO/WRC+pospx+posxp.litmus
/opt/litmus-tests-riscv/tests/non-mixed-size/ATOMICS/CO/WRC+poss+X.litmus
/opt/litmus-tests-riscv/tests/non-mixed-size/ATOMICS/CO/WRC+posxp+fence.rw.rws+X.litmus
/opt/litmus-tests-riscv/tests/non-mixed-size/ATOMICS/CO/WRC+posxp+fence.rw.rws.litmus
/opt/litmus-tests-riscv/tests/non-mixed-size/ATOMICS/CO/WRC+posxp+fence.rw.rwsxp.litmus
/opt/litmus-tests-riscv/tests/non-mixed-size/ATOMICS/CO/WRC+posxp+pos+X.litmus
/opt/litmus-tests-riscv/tests/non-mixed-size/ATOMICS/CO/WRC+posxp+pos.litmus
/opt/litmus-tests-riscv/tests/non-mixed-size/ATOMICS/CO/WRC+posxps.litmus
/opt/litmus-tests-riscv/tests/non-mixed-size/ATOMICS/CO/WRC+posxx+fence.rw.rws.litmus
/opt/litmus-tests-riscv/tests/non-mixed-size/ATOMICS/CO/WRC+posxx+fence.rw.rwsxp+X.litmus
/opt/litmus-tests-riscv/tests/non-mixed-size/ATOMICS/CO/WRC+posxx+pos.litmus
/opt/litmus-tests-riscv/tests/non-mixed-size/ATOMICS/CO/WRC+posxx+posxp+X.litmus
/opt/litmus-tests-riscv/tests/non-mixed-size/ATOMICS/CO/WRR+2W+fence.rw.rws+fence.rw.rwspx+X.litmus
/opt/litmus-tests-riscv/tests/non-mixed-size/ATOMICS/CO/WRR+2W+fence.rw.rws+fence.rw.rwspx.litmus
/opt/litmus-tests-riscv/tests/non-mixed-size/ATOMICS/CO/WRR+2W+fence.rw.rws+fence.rw.rwsxp.litmus
/opt/litmus-tests-riscv/tests/non-mixed-size/ATOMICS/CO/WRR+2W+fence.rw.rws+fence.rw.rwsxx.litmus
/opt/litmus-tests-riscv/tests/non-mixed-size/ATOMICS/CO/WRR+2W+fence.rw.rws+pos+X.litmus
/opt/litmus-tests-riscv/tests/non-mixed-size/ATOMICS/CO/WRR+2W+fence.rw.rws+pospx+X.litmus
/opt/litmus-tests-riscv/tests/non-mixed-size/ATOMICS/CO/WRR+2W+fence.rw.rws+pospx.litmus
/opt/litmus-tests-riscv/tests/non-mixed-size/ATOMICS/CO/WRR+2W+fence.rw.rws+posxp.litmus
/opt/litmus-tests-riscv/tests/non-mixed-size/ATOMICS/CO/WRR+2W+fence.rw.rws+posxx.litmus
/opt/litmus-tests-riscv/tests/non-mixed-size/ATOMICS/CO/WRR+2W+fence.rw.rwspx+fence.rw.rws.litmus
/opt/litmus-tests-riscv/tests/non-mixed-size/ATOMICS/CO/WRR+2W+fence.rw.rwspx+fence.rw.rwsxp.litmus
/opt/litmus-tests-riscv/tests/non-mixed-size/ATOMICS/CO/WRR+2W+fence.rw.rwspx+pos.litmus
/opt/litmus-tests-riscv/tests/non-mixed-size/ATOMICS/CO/WRR+2W+fence.rw.rwspx+posxp.litmus
/opt/litmus-tests-riscv/tests/non-mixed-size/ATOMICS/CO/WRR+2W+fence.rw.rwss+X.litmus
/opt/litmus-tests-riscv/tests/non-mixed-size/ATOMICS/CO/WRR+2W+fence.rw.rwsxp+fence.rw.rws+X.litmus
/opt/litmus-tests-riscv/tests/non-mixed-size/ATOMICS/CO/WRR+2W+fence.rw.rwsxp+fence.rw.rws.litmus
/opt/litmus-tests-riscv/tests/non-mixed-size/ATOMICS/CO/WRR+2W+fence.rw.rwsxp+pos+X.litmus
/opt/litmus-tests-riscv/tests/non-mixed-size/ATOMICS/CO/WRR+2W+fence.rw.rwsxp+pos.litmus
/opt/litmus-tests-riscv/tests/non-mixed-size/ATOMICS/CO/WRR+2W+fence.rw.rwsxx+fence.rw.rws.litmus
/opt/litmus-tests-riscv/tests/non-mixed-size/ATOMICS/CO/WRR+2W+fence.rw.rwsxx+pos.litmus
/opt/litmus-tests-riscv/tests/non-mixed-size/ATOMICS/CO/WRR+2W+pos+fence.rw.rws+X.litmus
/opt/litmus-tests-riscv/tests/non-mixed-size/ATOMICS/CO/WRR+2W+pos+fence.rw.rwspx+X.litmus
/opt/litmus-tests-riscv/tests/non-mixed-size/ATOMICS/CO/WRR+2W+pos+fence.rw.rwspx.litmus
/opt/litmus-tests-riscv/tests/non-mixed-size/ATOMICS/CO/WRR+2W+pos+fence.rw.rwsxp.litmus
/opt/litmus-tests-riscv/tests/non-mixed-size/ATOMICS/CO/WRR+2W+pos+fence.rw.rwsxx.litmus
/opt/litmus-tests-riscv/tests/non-mixed-size/ATOMICS/CO/WRR+2W+pos+pospx+X.litmus
/opt/litmus-tests-riscv/tests/non-mixed-size/ATOMICS/CO/WRR+2W+pos+pospx.litmus
/opt/litmus-tests-riscv/tests/non-mixed-size/ATOMICS/CO/WRR+2W+pos+posxp.litmus
/opt/litmus-tests-riscv/tests/non-mixed-size/ATOMICS/CO/WRR+2W+pos+posxx.litmus
/opt/litmus-tests-riscv/tests/non-mixed-size/ATOMICS/CO/WRR+2W+pospx+fence.rw.rws.litmus
/opt/litmus-tests-riscv/tests/non-mixed-size/ATOMICS/CO/WRR+2W+pospx+fence.rw.rwsxp.litmus
/opt/litmus-tests-riscv/tests/non-mixed-size/ATOMICS/CO/WRR+2W+pospx+pos.litmus
/opt/litmus-tests-riscv/tests/non-mixed-size/ATOMICS/CO/WRR+2W+pospx+posxp.litmus
/opt/litmus-tests-riscv/tests/non-mixed-size/ATOMICS/CO/WRR+2W+poss+X.litmus
/opt/litmus-tests-riscv/tests/non-mixed-size/ATOMICS/CO/WRR+2W+posxp+fence.rw.rws+X.litmus
/opt/litmus-tests-riscv/tests/non-mixed-size/ATOMICS/CO/WRR+2W+posxp+fence.rw.rws.litmus
/opt/litmus-tests-riscv/tests/non-mixed-size/ATOMICS/CO/WRR+2W+posxp+pos+X.litmus
/opt/litmus-tests-riscv/tests/non-mixed-size/ATOMICS/CO/WRR+2W+posxp+pos.litmus
/opt/litmus-tests-riscv/tests/non-mixed-size/ATOMICS/CO/WRR+2W+posxx+fence.rw.rws.litmus
/opt/litmus-tests-riscv/tests/non-mixed-size/ATOMICS/CO/WRR+2W+posxx+pos.litmus
/opt/litmus-tests-riscv/tests/non-mixed-size/ATOMICS/CO/WRW+2W+fence.rw.rws+fence.rw.rwspx+X.litmus
/opt/litmus-tests-riscv/tests/non-mixed-size/ATOMICS/CO/WRW+2W+fence.rw.rws+fence.rw.rwspx.litmus
/opt/litmus-tests-riscv/tests/non-mixed-size/ATOMICS/CO/WRW+2W+fence.rw.rws+fence.rw.rwsxp+X.litmus
/opt/litmus-tests-riscv/tests/non-mixed-size/ATOMICS/CO/WRW+2W+fence.rw.rws+fence.rw.rwsxp.litmus
/opt/litmus-tests-riscv/tests/non-mixed-size/ATOMICS/CO/WRW+2W+fence.rw.rws+fence.rw.rwsxx.litmus
/opt/litmus-tests-riscv/tests/non-mixed-size/ATOMICS/CO/WRW+2W+fence.rw.rws+pos+X.litmus
/opt/litmus-tests-riscv/tests/non-mixed-size/ATOMICS/CO/WRW+2W+fence.rw.rws+pospx+X.litmus
/opt/litmus-tests-riscv/tests/non-mixed-size/ATOMICS/CO/WRW+2W+fence.rw.rws+pospx.litmus
/opt/litmus-tests-riscv/tests/non-mixed-size/ATOMICS/CO/WRW+2W+fence.rw.rws+posxp+X.litmus
/opt/litmus-tests-riscv/tests/non-mixed-size/ATOMICS/CO/WRW+2W+fence.rw.rws+posxp.litmus
/opt/litmus-tests-riscv/tests/non-mixed-size/ATOMICS/CO/WRW+2W+fence.rw.rws+posxx.litmus
/opt/litmus-tests-riscv/tests/non-mixed-size/ATOMICS/CO/WRW+2W+fence.rw.rwspx+fence.rw.rws.litmus
/opt/litmus-tests-riscv/tests/non-mixed-size/ATOMICS/CO/WRW+2W+fence.rw.rwspx+fence.rw.rwsxp.litmus
/opt/litmus-tests-riscv/tests/non-mixed-size/ATOMICS/CO/WRW+2W+fence.rw.rwspx+fence.rw.rwsxx+X.litmus
/opt/litmus-tests-riscv/tests/non-mixed-size/ATOMICS/CO/WRW+2W+fence.rw.rwspx+pos.litmus
/opt/litmus-tests-riscv/tests/non-mixed-size/ATOMICS/CO/WRW+2W+fence.rw.rwspx+pospx.litmus
/opt/litmus-tests-riscv/tests/non-mixed-size/ATOMICS/CO/WRW+2W+fence.rw.rwspx+posxp.litmus
/opt/litmus-tests-riscv/tests/non-mixed-size/ATOMICS/CO/WRW+2W+fence.rw.rwspx+posxx+X.litmus
/opt/litmus-tests-riscv/tests/non-mixed-size/ATOMICS/CO/WRW+2W+fence.rw.rwspxs.litmus
/opt/litmus-tests-riscv/tests/non-mixed-size/ATOMICS/CO/WRW+2W+fence.rw.rwss+X.litmus
/opt/litmus-tests-riscv/tests/non-mixed-size/ATOMICS/CO/WRW+2W+fence.rw.rwsxp+fence.rw.rws+X.litmus
/opt/litmus-tests-riscv/tests/non-mixed-size/ATOMICS/CO/WRW+2W+fence.rw.rwsxp+fence.rw.rws.litmus
/opt/litmus-tests-riscv/tests/non-mixed-size/ATOMICS/CO/WRW+2W+fence.rw.rwsxp+pos+X.litmus
/opt/litmus-tests-riscv/tests/non-mixed-size/ATOMICS/CO/WRW+2W+fence.rw.rwsxp+pos.litmus
/opt/litmus-tests-riscv/tests/non-mixed-size/ATOMICS/CO/WRW+2W+fence.rw.rwsxx+fence.rw.rws.litmus
/opt/litmus-tests-riscv/tests/non-mixed-size/ATOMICS/CO/WRW+2W+fence.rw.rwsxx+pos.litmus
/opt/litmus-tests-riscv/tests/non-mixed-size/ATOMICS/CO/WRW+2W+pos+fence.rw.rws+X.litmus
/opt/litmus-tests-riscv/tests/non-mixed-size/ATOMICS/CO/WRW+2W+pos+fence.rw.rwspx+X.litmus
/opt/litmus-tests-riscv/tests/non-mixed-size/ATOMICS/CO/WRW+2W+pos+fence.rw.rwspx.litmus
/opt/litmus-tests-riscv/tests/non-mixed-size/ATOMICS/CO/WRW+2W+pos+fence.rw.rwsxp+X.litmus
/opt/litmus-tests-riscv/tests/non-mixed-size/ATOMICS/CO/WRW+2W+pos+fence.rw.rwsxp.litmus
/opt/litmus-tests-riscv/tests/non-mixed-size/ATOMICS/CO/WRW+2W+pos+fence.rw.rwsxx.litmus
/opt/litmus-tests-riscv/tests/non-mixed-size/ATOMICS/CO/WRW+2W+pos+pospx+X.litmus
/opt/litmus-tests-riscv/tests/non-mixed-size/ATOMICS/CO/WRW+2W+pos+pospx.litmus
/opt/litmus-tests-riscv/tests/non-mixed-size/ATOMICS/CO/WRW+2W+pos+posxp+X.litmus
/opt/litmus-tests-riscv/tests/non-mixed-size/ATOMICS/CO/WRW+2W+pos+posxp.litmus
/opt/litmus-tests-riscv/tests/non-mixed-size/ATOMICS/CO/WRW+2W+pos+posxx.litmus
/opt/litmus-tests-riscv/tests/non-mixed-size/ATOMICS/CO/WRW+2W+pospx+fence.rw.rws.litmus
/opt/litmus-tests-riscv/tests/non-mixed-size/ATOMICS/CO/WRW+2W+pospx+fence.rw.rwspx.litmus
/opt/litmus-tests-riscv/tests/non-mixed-size/ATOMICS/CO/WRW+2W+pospx+fence.rw.rwsxp.litmus
/opt/litmus-tests-riscv/tests/non-mixed-size/ATOMICS/CO/WRW+2W+pospx+fence.rw.rwsxx+X.litmus
/opt/litmus-tests-riscv/tests/non-mixed-size/ATOMICS/CO/WRW+2W+pospx+pos.litmus
/opt/litmus-tests-riscv/tests/non-mixed-size/ATOMICS/CO/WRW+2W+pospx+posxp.litmus
/opt/litmus-tests-riscv/tests/non-mixed-size/ATOMICS/CO/WRW+2W+pospx+posxx+X.litmus
/opt/litmus-tests-riscv/tests/non-mixed-size/ATOMICS/CO/WRW+2W+pospxs.litmus
/opt/litmus-tests-riscv/tests/non-mixed-size/ATOMICS/CO/WRW+2W+poss+X.litmus
/opt/litmus-tests-riscv/tests/non-mixed-size/ATOMICS/CO/WRW+2W+posxp+fence.rw.rws+X.litmus
/opt/litmus-tests-riscv/tests/non-mixed-size/ATOMICS/CO/WRW+2W+posxp+fence.rw.rws.litmus
/opt/litmus-tests-riscv/tests/non-mixed-size/ATOMICS/CO/WRW+2W+posxp+pos+X.litmus
/opt/litmus-tests-riscv/tests/non-mixed-size/ATOMICS/CO/WRW+2W+posxp+pos.litmus
/opt/litmus-tests-riscv/tests/non-mixed-size/ATOMICS/CO/WRW+2W+posxx+fence.rw.rws.litmus
/opt/litmus-tests-riscv/tests/non-mixed-size/ATOMICS/CO/WRW+2W+posxx+pos.litmus
/opt/litmus-tests-riscv/tests/non-mixed-size/ATOMICS/CO/WRW+WR+fence.rw.rws+fence.rw.rwspx+X.litmus
/opt/litmus-tests-riscv/tests/non-mixed-size/ATOMICS/CO/WRW+WR+fence.rw.rws+fence.rw.rwspx.litmus
/opt/litmus-tests-riscv/tests/non-mixed-size/ATOMICS/CO/WRW+WR+fence.rw.rws+fence.rw.rwsxp.litmus
/opt/litmus-tests-riscv/tests/non-mixed-size/ATOMICS/CO/WRW+WR+fence.rw.rws+fence.rw.rwsxx.litmus
/opt/litmus-tests-riscv/tests/non-mixed-size/ATOMICS/CO/WRW+WR+fence.rw.rws+pos+X.litmus
/opt/litmus-tests-riscv/tests/non-mixed-size/ATOMICS/CO/WRW+WR+fence.rw.rws+pospx+X.litmus
/opt/litmus-tests-riscv/tests/non-mixed-size/ATOMICS/CO/WRW+WR+fence.rw.rws+pospx.litmus
/opt/litmus-tests-riscv/tests/non-mixed-size/ATOMICS/CO/WRW+WR+fence.rw.rws+posxp.litmus
/opt/litmus-tests-riscv/tests/non-mixed-size/ATOMICS/CO/WRW+WR+fence.rw.rws+posxx.litmus
/opt/litmus-tests-riscv/tests/non-mixed-size/ATOMICS/CO/WRW+WR+fence.rw.rwspx+fence.rw.rws.litmus
/opt/litmus-tests-riscv/tests/non-mixed-size/ATOMICS/CO/WRW+WR+fence.rw.rwspx+fence.rw.rwsxp.litmus
/opt/litmus-tests-riscv/tests/non-mixed-size/ATOMICS/CO/WRW+WR+fence.rw.rwspx+pos.litmus
/opt/litmus-tests-riscv/tests/non-mixed-size/ATOMICS/CO/WRW+WR+fence.rw.rwspx+posxp.litmus
/opt/litmus-tests-riscv/tests/non-mixed-size/ATOMICS/CO/WRW+WR+fence.rw.rwss+X.litmus
/opt/litmus-tests-riscv/tests/non-mixed-size/ATOMICS/CO/WRW+WR+fence.rw.rwsxp+fence.rw.rws+X.litmus
/opt/litmus-tests-riscv/tests/non-mixed-size/ATOMICS/CO/WRW+WR+fence.rw.rwsxp+fence.rw.rws.litmus
/opt/litmus-tests-riscv/tests/non-mixed-size/ATOMICS/CO/WRW+WR+fence.rw.rwsxp+pos+X.litmus
/opt/litmus-tests-riscv/tests/non-mixed-size/ATOMICS/CO/WRW+WR+fence.rw.rwsxp+pos.litmus
/opt/litmus-tests-riscv/tests/non-mixed-size/ATOMICS/CO/WRW+WR+fence.rw.rwsxx+fence.rw.rws.litmus
/opt/litmus-tests-riscv/tests/non-mixed-size/ATOMICS/CO/WRW+WR+fence.rw.rwsxx+pos.litmus
/opt/litmus-tests-riscv/tests/non-mixed-size/ATOMICS/CO/WRW+WR+pos+fence.rw.rws+X.litmus
/opt/litmus-tests-riscv/tests/non-mixed-size/ATOMICS/CO/WRW+WR+pos+fence.rw.rwspx+X.litmus
/opt/litmus-tests-riscv/tests/non-mixed-size/ATOMICS/CO/WRW+WR+pos+fence.rw.rwspx.litmus
/opt/litmus-tests-riscv/tests/non-mixed-size/ATOMICS/CO/WRW+WR+pos+fence.rw.rwsxp.litmus
/opt/litmus-tests-riscv/tests/non-mixed-size/ATOMICS/CO/WRW+WR+pos+fence.rw.rwsxx.litmus
/opt/litmus-tests-riscv/tests/non-mixed-size/ATOMICS/CO/WRW+WR+pos+pospx+X.litmus
/opt/litmus-tests-riscv/tests/non-mixed-size/ATOMICS/CO/WRW+WR+pos+pospx.litmus
/opt/litmus-tests-riscv/tests/non-mixed-size/ATOMICS/CO/WRW+WR+pos+posxp.litmus
/opt/litmus-tests-riscv/tests/non-mixed-size/ATOMICS/CO/WRW+WR+pos+posxx.litmus
/opt/litmus-tests-riscv/tests/non-mixed-size/ATOMICS/CO/WRW+WR+pospx+fence.rw.rws.litmus
/opt/litmus-tests-riscv/tests/non-mixed-size/ATOMICS/CO/WRW+WR+pospx+fence.rw.rwsxp.litmus
/opt/litmus-tests-riscv/tests/non-mixed-size/ATOMICS/CO/WRW+WR+pospx+pos.litmus
/opt/litmus-tests-riscv/tests/non-mixed-size/ATOMICS/CO/WRW+WR+pospx+posxp.litmus
/opt/litmus-tests-riscv/tests/non-mixed-size/ATOMICS/CO/WRW+WR+poss+X.litmus
/opt/litmus-tests-riscv/tests/non-mixed-size/ATOMICS/CO/WRW+WR+posxp+fence.rw.rws+X.litmus
/opt/litmus-tests-riscv/tests/non-mixed-size/ATOMICS/CO/WRW+WR+posxp+fence.rw.rws.litmus
/opt/litmus-tests-riscv/tests/non-mixed-size/ATOMICS/CO/WRW+WR+posxp+pos+X.litmus
/opt/litmus-tests-riscv/tests/non-mixed-size/ATOMICS/CO/WRW+WR+posxp+pos.litmus
/opt/litmus-tests-riscv/tests/non-mixed-size/ATOMICS/CO/WRW+WR+posxx+fence.rw.rws.litmus
/opt/litmus-tests-riscv/tests/non-mixed-size/ATOMICS/CO/WRW+WR+posxx+pos.litmus
/opt/litmus-tests-riscv/tests/non-mixed-size/ATOMICS/CO/WWC+fence.rw.rws+fence.rw.rwspx+X.litmus
/opt/litmus-tests-riscv/tests/non-mixed-size/ATOMICS/CO/WWC+fence.rw.rws+fence.rw.rwspx.litmus
/opt/litmus-tests-riscv/tests/non-mixed-size/ATOMICS/CO/WWC+fence.rw.rws+fence.rw.rwsxp.litmus
/opt/litmus-tests-riscv/tests/non-mixed-size/ATOMICS/CO/WWC+fence.rw.rws+fence.rw.rwsxx.litmus
/opt/litmus-tests-riscv/tests/non-mixed-size/ATOMICS/CO/WWC+fence.rw.rws+pos+X.litmus
/opt/litmus-tests-riscv/tests/non-mixed-size/ATOMICS/CO/WWC+fence.rw.rws+pospx+X.litmus
/opt/litmus-tests-riscv/tests/non-mixed-size/ATOMICS/CO/WWC+fence.rw.rws+pospx.litmus
/opt/litmus-tests-riscv/tests/non-mixed-size/ATOMICS/CO/WWC+fence.rw.rws+posxp.litmus
/opt/litmus-tests-riscv/tests/non-mixed-size/ATOMICS/CO/WWC+fence.rw.rws+posxx.litmus
/opt/litmus-tests-riscv/tests/non-mixed-size/ATOMICS/CO/WWC+fence.rw.rwspx+fence.rw.rws+X.litmus
/opt/litmus-tests-riscv/tests/non-mixed-size/ATOMICS/CO/WWC+fence.rw.rwspx+fence.rw.rws.litmus
/opt/litmus-tests-riscv/tests/non-mixed-size/ATOMICS/CO/WWC+fence.rw.rwspx+fence.rw.rwsxp.litmus
/opt/litmus-tests-riscv/tests/non-mixed-size/ATOMICS/CO/WWC+fence.rw.rwspx+pos+X.litmus
/opt/litmus-tests-riscv/tests/non-mixed-size/ATOMICS/CO/WWC+fence.rw.rwspx+pos.litmus
/opt/litmus-tests-riscv/tests/non-mixed-size/ATOMICS/CO/WWC+fence.rw.rwspx+posxp.litmus
/opt/litmus-tests-riscv/tests/non-mixed-size/ATOMICS/CO/WWC+fence.rw.rwspxs.litmus
/opt/litmus-tests-riscv/tests/non-mixed-size/ATOMICS/CO/WWC+fence.rw.rwss+X.litmus
/opt/litmus-tests-riscv/tests/non-mixed-size/ATOMICS/CO/WWC+fence.rw.rwsxp+fence.rw.rws+X.litmus
/opt/litmus-tests-riscv/tests/non-mixed-size/ATOMICS/CO/WWC+fence.rw.rwsxp+fence.rw.rws.litmus
/opt/litmus-tests-riscv/tests/non-mixed-size/ATOMICS/CO/WWC+fence.rw.rwsxp+pos+X.litmus
/opt/litmus-tests-riscv/tests/non-mixed-size/ATOMICS/CO/WWC+fence.rw.rwsxp+pos.litmus
/opt/litmus-tests-riscv/tests/non-mixed-size/ATOMICS/CO/WWC+fence.rw.rwsxp+posxp.litmus
/opt/litmus-tests-riscv/tests/non-mixed-size/ATOMICS/CO/WWC+fence.rw.rwsxps.litmus
/opt/litmus-tests-riscv/tests/non-mixed-size/ATOMICS/CO/WWC+fence.rw.rwsxx+fence.rw.rws.litmus
/opt/litmus-tests-riscv/tests/non-mixed-size/ATOMICS/CO/WWC+fence.rw.rwsxx+fence.rw.rwsxp+X.litmus
/opt/litmus-tests-riscv/tests/non-mixed-size/ATOMICS/CO/WWC+fence.rw.rwsxx+pos.litmus
/opt/litmus-tests-riscv/tests/non-mixed-size/ATOMICS/CO/WWC+fence.rw.rwsxx+posxp+X.litmus
/opt/litmus-tests-riscv/tests/non-mixed-size/ATOMICS/CO/WWC+fence.rw.rwsxxs.litmus
/opt/litmus-tests-riscv/tests/non-mixed-size/ATOMICS/CO/WWC+pos+fence.rw.rws+X.litmus
/opt/litmus-tests-riscv/tests/non-mixed-size/ATOMICS/CO/WWC+pos+fence.rw.rwspx+X.litmus
/opt/litmus-tests-riscv/tests/non-mixed-size/ATOMICS/CO/WWC+pos+fence.rw.rwspx.litmus
/opt/litmus-tests-riscv/tests/non-mixed-size/ATOMICS/CO/WWC+pos+fence.rw.rwsxp.litmus
/opt/litmus-tests-riscv/tests/non-mixed-size/ATOMICS/CO/WWC+pos+fence.rw.rwsxx.litmus
/opt/litmus-tests-riscv/tests/non-mixed-size/ATOMICS/CO/WWC+pos+pospx+X.litmus
/opt/litmus-tests-riscv/tests/non-mixed-size/ATOMICS/CO/WWC+pos+pospx.litmus
/opt/litmus-tests-riscv/tests/non-mixed-size/ATOMICS/CO/WWC+pos+posxp.litmus
/opt/litmus-tests-riscv/tests/non-mixed-size/ATOMICS/CO/WWC+pos+posxx.litmus
/opt/litmus-tests-riscv/tests/non-mixed-size/ATOMICS/CO/WWC+pospx+fence.rw.rws+X.litmus
/opt/litmus-tests-riscv/tests/non-mixed-size/ATOMICS/CO/WWC+pospx+fence.rw.rws.litmus
/opt/litmus-tests-riscv/tests/non-mixed-size/ATOMICS/CO/WWC+pospx+fence.rw.rwsxp.litmus
/opt/litmus-tests-riscv/tests/non-mixed-size/ATOMICS/CO/WWC+pospx+pos+X.litmus
/opt/litmus-tests-riscv/tests/non-mixed-size/ATOMICS/CO/WWC+pospx+pos.litmus
/opt/litmus-tests-riscv/tests/non-mixed-size/ATOMICS/CO/WWC+pospx+posxp.litmus
/opt/litmus-tests-riscv/tests/non-mixed-size/ATOMICS/CO/WWC+pospxs.litmus
/opt/litmus-tests-riscv/tests/non-mixed-size/ATOMICS/CO/WWC+poss+X.litmus
/opt/litmus-tests-riscv/tests/non-mixed-size/ATOMICS/CO/WWC+posxp+fence.rw.rws+X.litmus
/opt/litmus-tests-riscv/tests/non-mixed-size/ATOMICS/CO/WWC+posxp+fence.rw.rws.litmus
/opt/litmus-tests-riscv/tests/non-mixed-size/ATOMICS/CO/WWC+posxp+fence.rw.rwsxp.litmus
/opt/litmus-tests-riscv/tests/non-mixed-size/ATOMICS/CO/WWC+posxp+pos+X.litmus
/opt/litmus-tests-riscv/tests/non-mixed-size/ATOMICS/CO/WWC+posxp+pos.litmus
/opt/litmus-tests-riscv/tests/non-mixed-size/ATOMICS/CO/WWC+posxps.litmus
/opt/litmus-tests-riscv/tests/non-mixed-size/ATOMICS/CO/WWC+posxx+fence.rw.rws.litmus
/opt/litmus-tests-riscv/tests/non-mixed-size/ATOMICS/CO/WWC+posxx+fence.rw.rwsxp+X.litmus
/opt/litmus-tests-riscv/tests/non-mixed-size/ATOMICS/CO/WWC+posxx+pos.litmus
/opt/litmus-tests-riscv/tests/non-mixed-size/ATOMICS/CO/WWC+posxx+posxp+X.litmus
/opt/litmus-tests-riscv/tests/non-mixed-size/ATOMICS/CO/WWC+posxxs.litmus
/opt/litmus-tests-riscv/tests/non-mixed-size/ATOMICS/RELAX/PodRWPX/LB+addr+popx.litmus
/opt/litmus-tests-riscv/tests/non-mixed-size/ATOMICS/RELAX/PodRWPX/LB+ctrl+popx.litmus
/opt/litmus-tests-riscv/tests/non-mixed-size/ATOMICS/RELAX/PodRWPX/LB+data+popx.litmus
/opt/litmus-tests-riscv/tests/non-mixed-size/ATOMICS/RELAX/PodRWPX/LB+fence.rw.rw+popx.litmus
/opt/litmus-tests-riscv/tests/non-mixed-size/ATOMICS/RELAX/PodRWPX/LB+popxs.litmus
/opt/litmus-tests-riscv/tests/non-mixed-size/ATOMICS/RELAX/PodRWPX/S+fence.rw.rw+popx.litmus
/opt/litmus-tests-riscv/tests/non-mixed-size/ATOMICS/RELAX/PodRWXP/LB+addr+poxp.litmus
/opt/litmus-tests-riscv/tests/non-mixed-size/ATOMICS/RELAX/PodRWXP/LB+ctrl+poxp.litmus
/opt/litmus-tests-riscv/tests/non-mixed-size/ATOMICS/RELAX/PodRWXP/LB+data+poxp.litmus
/opt/litmus-tests-riscv/tests/non-mixed-size/ATOMICS/RELAX/PodRWXP/LB+fence.rw.rw+poxp.litmus
/opt/litmus-tests-riscv/tests/non-mixed-size/ATOMICS/RELAX/PodRWXP/LB+poxps.litmus
/opt/litmus-tests-riscv/tests/non-mixed-size/ATOMICS/RELAX/PodRWXP/S+fence.rw.rw+poxp.litmus
/opt/litmus-tests-riscv/tests/non-mixed-size/ATOMICS/RELAX/PodRWXX/LB+addr+poxx.litmus
/opt/litmus-tests-riscv/tests/non-mixed-size/ATOMICS/RELAX/PodRWXX/LB+ctrl+poxx.litmus
/opt/litmus-tests-riscv/tests/non-mixed-size/ATOMICS/RELAX/PodRWXX/LB+data+poxx.litmus
/opt/litmus-tests-riscv/tests/non-mixed-size/ATOMICS/RELAX/PodRWXX/LB+fence.rw.rw+poxx.litmus
/opt/litmus-tests-riscv/tests/non-mixed-size/ATOMICS/RELAX/PodRWXX/LB+poxxs.litmus
/opt/litmus-tests-riscv/tests/non-mixed-size/ATOMICS/RELAX/PodRWXX/S+fence.rw.rw+poxx.litmus
/opt/litmus-tests-riscv/tests/non-mixed-size/BASIC_2_THREAD/2+2W+fence.rw.rw+po.litmus
/opt/litmus-tests-riscv/tests/non-mixed-size/BASIC_2_THREAD/2+2W+fence.rw.rws.litmus
/opt/litmus-tests-riscv/tests/non-mixed-size/BASIC_2_THREAD/2+2W.litmus
/opt/litmus-tests-riscv/tests/non-mixed-size/BASIC_2_THREAD/LB+ctrl+po.litmus
/opt/litmus-tests-riscv/tests/non-mixed-size/BASIC_2_THREAD/LB+ctrls.litmus
/opt/litmus-tests-riscv/tests/non-mixed-size/BASIC_2_THREAD/LB+data+ctrl.litmus
/opt/litmus-tests-riscv/tests/non-mixed-size/BASIC_2_THREAD/LB+data+po.litmus
/opt/litmus-tests-riscv/tests/non-mixed-size/BASIC_2_THREAD/LB+datas.litmus
/opt/litmus-tests-riscv/tests/non-mixed-size/BASIC_2_THREAD/LB+fence.rw.rw+ctrl.litmus
/opt/litmus-tests-riscv/tests/non-mixed-size/BASIC_2_THREAD/LB+fence.rw.rw+data.litmus
/opt/litmus-tests-riscv/tests/non-mixed-size/BASIC_2_THREAD/LB+fence.rw.rw+po.litmus
/opt/litmus-tests-riscv/tests/non-mixed-size/BASIC_2_THREAD/LB+fence.rw.rws.litmus
/opt/litmus-tests-riscv/tests/non-mixed-size/BASIC_2_THREAD/LB.litmus
/opt/litmus-tests-riscv/tests/non-mixed-size/BASIC_2_THREAD/MP+fence.rw.rw+addr.litmus
/opt/litmus-tests-riscv/tests/non-mixed-size/BASIC_2_THREAD/MP+fence.rw.rw+ctrl.litmus
/opt/litmus-tests-riscv/tests/non-mixed-size/BASIC_2_THREAD/MP+fence.rw.rw+po.litmus
/opt/litmus-tests-riscv/tests/non-mixed-size/BASIC_2_THREAD/MP+fence.rw.rws.litmus
/opt/litmus-tests-riscv/tests/non-mixed-size/BASIC_2_THREAD/MP+po+addr.litmus
/opt/litmus-tests-riscv/tests/non-mixed-size/BASIC_2_THREAD/MP+po+ctrl.litmus
/opt/litmus-tests-riscv/tests/non-mixed-size/BASIC_2_THREAD/MP+po+fence.rw.rw.litmus
/opt/litmus-tests-riscv/tests/non-mixed-size/BASIC_2_THREAD/MP.litmus
/opt/litmus-tests-riscv/tests/non-mixed-size/BASIC_2_THREAD/R+fence.rw.rw+po.litmus
/opt/litmus-tests-riscv/tests/non-mixed-size/BASIC_2_THREAD/R+fence.rw.rws.litmus
/opt/litmus-tests-riscv/tests/non-mixed-size/BASIC_2_THREAD/R+po+fence.rw.rw.litmus
/opt/litmus-tests-riscv/tests/non-mixed-size/BASIC_2_THREAD/R.litmus
/opt/litmus-tests-riscv/tests/non-mixed-size/BASIC_2_THREAD/S+fence.rw.rw+ctrl.litmus
/opt/litmus-tests-riscv/tests/non-mixed-size/BASIC_2_THREAD/S+fence.rw.rw+data.litmus
/opt/litmus-tests-riscv/tests/non-mixed-size/BASIC_2_THREAD/S+fence.rw.rw+po.litmus
/opt/litmus-tests-riscv/tests/non-mixed-size/BASIC_2_THREAD/S+fence.rw.rws.litmus
/opt/litmus-tests-riscv/tests/non-mixed-size/BASIC_2_THREAD/S+po+ctrl.litmus
/opt/litmus-tests-riscv/tests/non-mixed-size/BASIC_2_THREAD/S+po+data.litmus
/opt/litmus-tests-riscv/tests/non-mixed-size/BASIC_2_THREAD/S+po+fence.rw.rw.litmus
/opt/litmus-tests-riscv/tests/non-mixed-size/BASIC_2_THREAD/S.litmus
/opt/litmus-tests-riscv/tests/non-mixed-size/BASIC_2_THREAD/SB+fence.rw.rw+po.litmus
/opt/litmus-tests-riscv/tests/non-mixed-size/BASIC_2_THREAD/SB+fence.rw.rws.litmus
/opt/litmus-tests-riscv/tests/non-mixed-size/BASIC_2_THREAD/SB.litmus
/opt/litmus-tests-riscv/tests/non-mixed-size/CO/2+2W+fence.rw.rws+pos.litmus
/opt/litmus-tests-riscv/tests/non-mixed-size/CO/2+2W+fence.rw.rwss.litmus
/opt/litmus-tests-riscv/tests/non-mixed-size/CO/2+2W+poss.litmus
/opt/litmus-tests-riscv/tests/non-mixed-size/CO/CO-SBI.litmus
/opt/litmus-tests-riscv/tests/non-mixed-size/CO/CoRR+fence.rw.rws.litmus
/opt/litmus-tests-riscv/tests/non-mixed-size/CO/CoRR.litmus
/opt/litmus-tests-riscv/tests/non-mixed-size/CO/CoRW1+fence.rw.rws.litmus
/opt/litmus-tests-riscv/tests/non-mixed-size/CO/CoRW1.litmus
/opt/litmus-tests-riscv/tests/non-mixed-size/CO/CoRW2+fence.rw.rws.litmus
/opt/litmus-tests-riscv/tests/non-mixed-size/CO/CoRW2.litmus
/opt/litmus-tests-riscv/tests/non-mixed-size/CO/CoWR0+fence.rw.rws.litmus
/opt/litmus-tests-riscv/tests/non-mixed-size/CO/CoWR0.litmus
/opt/litmus-tests-riscv/tests/non-mixed-size/CO/CoWW+fence.rw.rws.litmus
/opt/litmus-tests-riscv/tests/non-mixed-size/CO/CoWW.litmus
/opt/litmus-tests-riscv/tests/non-mixed-size/CO/LB+fence.rw.rws+pos.litmus
/opt/litmus-tests-riscv/tests/non-mixed-size/CO/LB+fence.rw.rwss.litmus
/opt/litmus-tests-riscv/tests/non-mixed-size/CO/LB+poss.litmus
/opt/litmus-tests-riscv/tests/non-mixed-size/CO/MP+fence.rw.rws+pos.litmus
/opt/litmus-tests-riscv/tests/non-mixed-size/CO/MP+fence.rw.rwss.litmus
/opt/litmus-tests-riscv/tests/non-mixed-size/CO/MP+pos+fence.rw.rws.litmus
/opt/litmus-tests-riscv/tests/non-mixed-size/CO/MP+poss.litmus
/opt/litmus-tests-riscv/tests/non-mixed-size/CO/R+fence.rw.rws+pos.litmus
/opt/litmus-tests-riscv/tests/non-mixed-size/CO/R+fence.rw.rwss.litmus
/opt/litmus-tests-riscv/tests/non-mixed-size/CO/R+pos+fence.rw.rws.litmus
/opt/litmus-tests-riscv/tests/non-mixed-size/CO/R+poss.litmus
/opt/litmus-tests-riscv/tests/non-mixed-size/CO/RWC+fence.rw.rws+pos.litmus
/opt/litmus-tests-riscv/tests/non-mixed-size/CO/RWC+fence.rw.rwss.litmus
/opt/litmus-tests-riscv/tests/non-mixed-size/CO/RWC+pos+fence.rw.rws.litmus
/opt/litmus-tests-riscv/tests/non-mixed-size/CO/RWC+poss.litmus
/opt/litmus-tests-riscv/tests/non-mixed-size/CO/S+fence.rw.rws+pos.litmus
/opt/litmus-tests-riscv/tests/non-mixed-size/CO/S+fence.rw.rwss.litmus
/opt/litmus-tests-riscv/tests/non-mixed-size/CO/S+pos+fence.rw.rws.litmus
/opt/litmus-tests-riscv/tests/non-mixed-size/CO/S+poss.litmus
/opt/litmus-tests-riscv/tests/non-mixed-size/CO/SB+fence.rw.rws+pos.litmus
/opt/litmus-tests-riscv/tests/non-mixed-size/CO/SB+fence.rw.rwss.litmus
/opt/litmus-tests-riscv/tests/non-mixed-size/CO/SB+poss.litmus
/opt/litmus-tests-riscv/tests/non-mixed-size/CO/WRC+fence.rw.rws+pos.litmus
/opt/litmus-tests-riscv/tests/non-mixed-size/CO/WRC+fence.rw.rwss.litmus
/opt/litmus-tests-riscv/tests/non-mixed-size/CO/WRC+pos+fence.rw.rws.litmus
/opt/litmus-tests-riscv/tests/non-mixed-size/CO/WRC+poss.litmus
/opt/litmus-tests-riscv/tests/non-mixed-size/CO/WRR+2W+fence.rw.rws+pos.litmus
/opt/litmus-tests-riscv/tests/non-mixed-size/CO/WRR+2W+fence.rw.rwss.litmus
/opt/litmus-tests-riscv/tests/non-mixed-size/CO/WRR+2W+pos+fence.rw.rws.litmus
/opt/litmus-tests-riscv/tests/non-mixed-size/CO/WRR+2W+poss.litmus
/opt/litmus-tests-riscv/tests/non-mixed-size/CO/WRW+2W+fence.rw.rws+pos.litmus
/opt/litmus-tests-riscv/tests/non-mixed-size/CO/WRW+2W+fence.rw.rwss.litmus
/opt/litmus-tests-riscv/tests/non-mixed-size/CO/WRW+2W+pos+fence.rw.rws.litmus
/opt/litmus-tests-riscv/tests/non-mixed-size/CO/WRW+2W+poss.litmus
/opt/litmus-tests-riscv/tests/non-mixed-size/CO/WRW+WR+fence.rw.rws+pos.litmus
/opt/litmus-tests-riscv/tests/non-mixed-size/CO/WRW+WR+fence.rw.rwss.litmus
/opt/litmus-tests-riscv/tests/non-mixed-size/CO/WRW+WR+pos+fence.rw.rws.litmus
/opt/litmus-tests-riscv/tests/non-mixed-size/CO/WRW+WR+poss.litmus
/opt/litmus-tests-riscv/tests/non-mixed-size/CO/WWC+fence.rw.rws+pos.litmus
/opt/litmus-tests-riscv/tests/non-mixed-size/CO/WWC+fence.rw.rwss.litmus
/opt/litmus-tests-riscv/tests/non-mixed-size/CO/WWC+pos+fence.rw.rws.litmus
/opt/litmus-tests-riscv/tests/non-mixed-size/CO/WWC+poss.litmus
/opt/litmus-tests-riscv/tests/non-mixed-size/FENCE.TSO/2/2+2W+fence.tso+fence.tsopx.litmus
/opt/litmus-tests-riscv/tests/non-mixed-size/FENCE.TSO/2/2+2W+fence.tso+fence.tsoxp.litmus
/opt/litmus-tests-riscv/tests/non-mixed-size/FENCE.TSO/2/2+2W+fence.tso+fence.tsoxx.litmus
/opt/litmus-tests-riscv/tests/non-mixed-size/FENCE.TSO/2/2+2W+fence.tsopx+fence.tsoxp.litmus
/opt/litmus-tests-riscv/tests/non-mixed-size/FENCE.TSO/2/2+2W+fence.tsopx+fence.tsoxx.litmus
/opt/litmus-tests-riscv/tests/non-mixed-size/FENCE.TSO/2/2+2W+fence.tsopxs.litmus
/opt/litmus-tests-riscv/tests/non-mixed-size/FENCE.TSO/2/2+2W+fence.tsos.litmus
/opt/litmus-tests-riscv/tests/non-mixed-size/FENCE.TSO/2/2+2W+fence.tsoxp+fence.tsoxx.litmus
/opt/litmus-tests-riscv/tests/non-mixed-size/FENCE.TSO/2/2+2W+fence.tsoxps.litmus
/opt/litmus-tests-riscv/tests/non-mixed-size/FENCE.TSO/2/2+2W+fence.tsoxxs.litmus
/opt/litmus-tests-riscv/tests/non-mixed-size/FENCE.TSO/2/LB+fence.tso+fence.tsopx.litmus
/opt/litmus-tests-riscv/tests/non-mixed-size/FENCE.TSO/2/LB+fence.tso+fence.tsoxp.litmus
/opt/litmus-tests-riscv/tests/non-mixed-size/FENCE.TSO/2/LB+fence.tso+fence.tsoxx.litmus
/opt/litmus-tests-riscv/tests/non-mixed-size/FENCE.TSO/2/LB+fence.tsopx+fence.tsoxp.litmus
/opt/litmus-tests-riscv/tests/non-mixed-size/FENCE.TSO/2/LB+fence.tsopx+fence.tsoxx.litmus
/opt/litmus-tests-riscv/tests/non-mixed-size/FENCE.TSO/2/LB+fence.tsopxs.litmus
/opt/litmus-tests-riscv/tests/non-mixed-size/FENCE.TSO/2/LB+fence.tsos.litmus
/opt/litmus-tests-riscv/tests/non-mixed-size/FENCE.TSO/2/LB+fence.tsoxp+fence.tsoxx.litmus
/opt/litmus-tests-riscv/tests/non-mixed-size/FENCE.TSO/2/LB+fence.tsoxps.litmus
/opt/litmus-tests-riscv/tests/non-mixed-size/FENCE.TSO/2/LB+fence.tsoxxs.litmus
/opt/litmus-tests-riscv/tests/non-mixed-size/FENCE.TSO/2/MP+fence.tso+fence.tsopx.litmus
/opt/litmus-tests-riscv/tests/non-mixed-size/FENCE.TSO/2/MP+fence.tso+fence.tsoxp.litmus
/opt/litmus-tests-riscv/tests/non-mixed-size/FENCE.TSO/2/MP+fence.tso+fence.tsoxx.litmus
/opt/litmus-tests-riscv/tests/non-mixed-size/FENCE.TSO/2/MP+fence.tsopx+fence.tso.litmus
/opt/litmus-tests-riscv/tests/non-mixed-size/FENCE.TSO/2/MP+fence.tsopx+fence.tsoxp.litmus
/opt/litmus-tests-riscv/tests/non-mixed-size/FENCE.TSO/2/MP+fence.tsopx+fence.tsoxx.litmus
/opt/litmus-tests-riscv/tests/non-mixed-size/FENCE.TSO/2/MP+fence.tsopxs.litmus
/opt/litmus-tests-riscv/tests/non-mixed-size/FENCE.TSO/2/MP+fence.tsos.litmus
/opt/litmus-tests-riscv/tests/non-mixed-size/FENCE.TSO/2/MP+fence.tsoxp+fence.tso.litmus
/opt/litmus-tests-riscv/tests/non-mixed-size/FENCE.TSO/2/MP+fence.tsoxp+fence.tsopx.litmus
/opt/litmus-tests-riscv/tests/non-mixed-size/FENCE.TSO/2/MP+fence.tsoxp+fence.tsoxx.litmus
/opt/litmus-tests-riscv/tests/non-mixed-size/FENCE.TSO/2/MP+fence.tsoxps.litmus
/opt/litmus-tests-riscv/tests/non-mixed-size/FENCE.TSO/2/MP+fence.tsoxx+fence.tso.litmus
/opt/litmus-tests-riscv/tests/non-mixed-size/FENCE.TSO/2/MP+fence.tsoxx+fence.tsopx.litmus
/opt/litmus-tests-riscv/tests/non-mixed-size/FENCE.TSO/2/MP+fence.tsoxx+fence.tsoxp.litmus
/opt/litmus-tests-riscv/tests/non-mixed-size/FENCE.TSO/2/MP+fence.tsoxxs.litmus
/opt/litmus-tests-riscv/tests/non-mixed-size/FENCE.TSO/2/R+fence.tso+fence.tsopx.litmus
/opt/litmus-tests-riscv/tests/non-mixed-size/FENCE.TSO/2/R+fence.tso+fence.tsoxp.litmus
/opt/litmus-tests-riscv/tests/non-mixed-size/FENCE.TSO/2/R+fence.tso+fence.tsoxx.litmus
/opt/litmus-tests-riscv/tests/non-mixed-size/FENCE.TSO/2/R+fence.tsopx+fence.tso.litmus
/opt/litmus-tests-riscv/tests/non-mixed-size/FENCE.TSO/2/R+fence.tsopx+fence.tsoxp.litmus
/opt/litmus-tests-riscv/tests/non-mixed-size/FENCE.TSO/2/R+fence.tsopx+fence.tsoxx.litmus
/opt/litmus-tests-riscv/tests/non-mixed-size/FENCE.TSO/2/R+fence.tsopxs.litmus
/opt/litmus-tests-riscv/tests/non-mixed-size/FENCE.TSO/2/R+fence.tsos.litmus
/opt/litmus-tests-riscv/tests/non-mixed-size/FENCE.TSO/2/R+fence.tsoxp+fence.tso.litmus
/opt/litmus-tests-riscv/tests/non-mixed-size/FENCE.TSO/2/R+fence.tsoxp+fence.tsopx.litmus
/opt/litmus-tests-riscv/tests/non-mixed-size/FENCE.TSO/2/R+fence.tsoxp+fence.tsoxx.litmus
/opt/litmus-tests-riscv/tests/non-mixed-size/FENCE.TSO/2/R+fence.tsoxps.litmus
/opt/litmus-tests-riscv/tests/non-mixed-size/FENCE.TSO/2/R+fence.tsoxx+fence.tso.litmus
/opt/litmus-tests-riscv/tests/non-mixed-size/FENCE.TSO/2/R+fence.tsoxx+fence.tsopx.litmus
/opt/litmus-tests-riscv/tests/non-mixed-size/FENCE.TSO/2/R+fence.tsoxx+fence.tsoxp.litmus
/opt/litmus-tests-riscv/tests/non-mixed-size/FENCE.TSO/2/R+fence.tsoxxs.litmus
/opt/litmus-tests-riscv/tests/non-mixed-size/FENCE.TSO/2/S+fence.tso+fence.tsopx.litmus
/opt/litmus-tests-riscv/tests/non-mixed-size/FENCE.TSO/2/S+fence.tso+fence.tsoxp.litmus
/opt/litmus-tests-riscv/tests/non-mixed-size/FENCE.TSO/2/S+fence.tso+fence.tsoxx.litmus
/opt/litmus-tests-riscv/tests/non-mixed-size/FENCE.TSO/2/S+fence.tsopx+fence.tso.litmus
/opt/litmus-tests-riscv/tests/non-mixed-size/FENCE.TSO/2/S+fence.tsopx+fence.tsoxp.litmus
/opt/litmus-tests-riscv/tests/non-mixed-size/FENCE.TSO/2/S+fence.tsopx+fence.tsoxx.litmus
/opt/litmus-tests-riscv/tests/non-mixed-size/FENCE.TSO/2/S+fence.tsopxs.litmus
/opt/litmus-tests-riscv/tests/non-mixed-size/FENCE.TSO/2/S+fence.tsos.litmus
/opt/litmus-tests-riscv/tests/non-mixed-size/FENCE.TSO/2/S+fence.tsoxp+fence.tso.litmus
/opt/litmus-tests-riscv/tests/non-mixed-size/FENCE.TSO/2/S+fence.tsoxp+fence.tsopx.litmus
/opt/litmus-tests-riscv/tests/non-mixed-size/FENCE.TSO/2/S+fence.tsoxp+fence.tsoxx.litmus
/opt/litmus-tests-riscv/tests/non-mixed-size/FENCE.TSO/2/S+fence.tsoxps.litmus
/opt/litmus-tests-riscv/tests/non-mixed-size/FENCE.TSO/2/S+fence.tsoxx+fence.tso.litmus
/opt/litmus-tests-riscv/tests/non-mixed-size/FENCE.TSO/2/S+fence.tsoxx+fence.tsopx.litmus
/opt/litmus-tests-riscv/tests/non-mixed-size/FENCE.TSO/2/S+fence.tsoxx+fence.tsoxp.litmus
/opt/litmus-tests-riscv/tests/non-mixed-size/FENCE.TSO/2/S+fence.tsoxxs.litmus
/opt/litmus-tests-riscv/tests/non-mixed-size/FENCE.TSO/2/SB+fence.tso+fence.tsopx.litmus
/opt/litmus-tests-riscv/tests/non-mixed-size/FENCE.TSO/2/SB+fence.tso+fence.tsoxp.litmus
/opt/litmus-tests-riscv/tests/non-mixed-size/FENCE.TSO/2/SB+fence.tso+fence.tsoxx.litmus
/opt/litmus-tests-riscv/tests/non-mixed-size/FENCE.TSO/2/SB+fence.tsopx+fence.tsoxp.litmus
/opt/litmus-tests-riscv/tests/non-mixed-size/FENCE.TSO/2/SB+fence.tsopx+fence.tsoxx.litmus
/opt/litmus-tests-riscv/tests/non-mixed-size/FENCE.TSO/2/SB+fence.tsopxs.litmus
/opt/litmus-tests-riscv/tests/non-mixed-size/FENCE.TSO/2/SB+fence.tsos.litmus
/opt/litmus-tests-riscv/tests/non-mixed-size/FENCE.TSO/2/SB+fence.tsoxp+fence.tsoxx.litmus
/opt/litmus-tests-riscv/tests/non-mixed-size/FENCE.TSO/2/SB+fence.tsoxps.litmus
/opt/litmus-tests-riscv/tests/non-mixed-size/FENCE.TSO/2/SB+fence.tsoxxs.litmus
/opt/litmus-tests-riscv/tests/non-mixed-size/FENCE.TSO/RMW/RR+RR+rmw-fence.tso+rmw-fence.tsopx.litmus
/opt/litmus-tests-riscv/tests/non-mixed-size/FENCE.TSO/RMW/RR+RR+rmw-fence.tsopxs.litmus
/opt/litmus-tests-riscv/tests/non-mixed-size/FENCE.TSO/RMW/RR+RR+rmw-fence.tsos.litmus
/opt/litmus-tests-riscv/tests/non-mixed-size/HAND/2+2Swap+Acqs.litmus
/opt/litmus-tests-riscv/tests/non-mixed-size/HAND/2+2Swap.litmus
/opt/litmus-tests-riscv/tests/non-mixed-size/HAND/2+2W+Swap-fence.r.w-Ws.litmus
/opt/litmus-tests-riscv/tests/non-mixed-size/HAND/2+2W+fence.w.w+fence.tso.litmus
/opt/litmus-tests-riscv/tests/non-mixed-size/HAND/AMO-FENCE.litmus
/opt/litmus-tests-riscv/tests/non-mixed-size/HAND/Andy22.litmus
/opt/litmus-tests-riscv/tests/non-mixed-size/HAND/Andy25.litmus
/opt/litmus-tests-riscv/tests/non-mixed-size/HAND/Andy26.litmus
/opt/litmus-tests-riscv/tests/non-mixed-size/HAND/Andy27+FILTER.litmus
/opt/litmus-tests-riscv/tests/non-mixed-size/HAND/Andy27.litmus
/opt/litmus-tests-riscv/tests/non-mixed-size/HAND/C-Will01-Bad.litmus
/opt/litmus-tests-riscv/tests/non-mixed-size/HAND/C-Will02+HEAD.litmus
/opt/litmus-tests-riscv/tests/non-mixed-size/HAND/C-Will02.litmus
/opt/litmus-tests-riscv/tests/non-mixed-size/HAND/C-Will03.litmus
/opt/litmus-tests-riscv/tests/non-mixed-size/HAND/CoRR-cleaninit.litmus
/opt/litmus-tests-riscv/tests/non-mixed-size/HAND/CoRR2-cleaninit.litmus
/opt/litmus-tests-riscv/tests/non-mixed-size/HAND/CoWR.litmus
/opt/litmus-tests-riscv/tests/non-mixed-size/HAND/ForwardAMO.litmus
/opt/litmus-tests-riscv/tests/non-mixed-size/HAND/ForwardSc.litmus
/opt/litmus-tests-riscv/tests/non-mixed-size/HAND/ISA-2+2W-SUCCESS.litmus
/opt/litmus-tests-riscv/tests/non-mixed-size/HAND/ISA-DEP-ADDR.litmus
/opt/litmus-tests-riscv/tests/non-mixed-size/HAND/ISA-DEP-CTRL.litmus
/opt/litmus-tests-riscv/tests/non-mixed-size/HAND/ISA-DEP-SUCCESS-SUCCESS.litmus
/opt/litmus-tests-riscv/tests/non-mixed-size/HAND/ISA-DEP-SUCCESS.litmus
/opt/litmus-tests-riscv/tests/non-mixed-size/HAND/ISA-DEP-WR-ADDR.litmus
/opt/litmus-tests-riscv/tests/non-mixed-size/HAND/ISA-DEP-WW-ADDR.litmus
/opt/litmus-tests-riscv/tests/non-mixed-size/HAND/ISA-DEP-WW-CTRL.litmus
/opt/litmus-tests-riscv/tests/non-mixed-size/HAND/ISA-DEP-WW-DATA.litmus
/opt/litmus-tests-riscv/tests/non-mixed-size/HAND/ISA-LB-DEP-ADDR-SUCCESS.litmus
/opt/litmus-tests-riscv/tests/non-mixed-size/HAND/ISA-LB-DEP-ADDR2-SUCCESS.litmus
/opt/litmus-tests-riscv/tests/non-mixed-size/HAND/ISA-LB-DEP-ADDR3-SUCCESS.litmus
/opt/litmus-tests-riscv/tests/non-mixed-size/HAND/ISA-LB-DEP-DATA-SUCCESS.litmus
/opt/litmus-tests-riscv/tests/non-mixed-size/HAND/ISA-MP-DEP-ADDR-LR-FAIL.litmus
/opt/litmus-tests-riscv/tests/non-mixed-size/HAND/ISA-MP-DEP-ADDR-LR-SUCCESS.litmus
/opt/litmus-tests-riscv/tests/non-mixed-size/HAND/ISA-MP-DEP-SUCCESS-SUCCESS.litmus
/opt/litmus-tests-riscv/tests/non-mixed-size/HAND/ISA-MP-DEP-SUCCESS-SWAP-SIMPLE.litmus
/opt/litmus-tests-riscv/tests/non-mixed-size/HAND/ISA-MP-DEP-SUCCESS-SWAP.litmus
/opt/litmus-tests-riscv/tests/non-mixed-size/HAND/ISA-MP-DEP-SUCCESS.litmus
/opt/litmus-tests-riscv/tests/non-mixed-size/HAND/ISA-MP-DEP-WW-SUCCESS.litmus
/opt/litmus-tests-riscv/tests/non-mixed-size/HAND/ISA-OLD+BIS.litmus
/opt/litmus-tests-riscv/tests/non-mixed-size/HAND/ISA-Rel-Acq.litmus
/opt/litmus-tests-riscv/tests/non-mixed-size/HAND/ISA-S-DEP-ADDR-SUCCESS.litmus
/opt/litmus-tests-riscv/tests/non-mixed-size/HAND/ISA-S-DEP-DATA-SUCCESS.litmus
/opt/litmus-tests-riscv/tests/non-mixed-size/HAND/ISA01.litmus
/opt/litmus-tests-riscv/tests/non-mixed-size/HAND/ISA02.litmus
/opt/litmus-tests-riscv/tests/non-mixed-size/HAND/ISA03+SB01.litmus
/opt/litmus-tests-riscv/tests/non-mixed-size/HAND/ISA03+SB02.litmus
/opt/litmus-tests-riscv/tests/non-mixed-size/HAND/ISA03+SIMPLE+BIS.litmus
/opt/litmus-tests-riscv/tests/non-mixed-size/HAND/ISA03+SIMPLE.litmus
/opt/litmus-tests-riscv/tests/non-mixed-size/HAND/ISA03.litmus
/opt/litmus-tests-riscv/tests/non-mixed-size/HAND/ISA09+BIS.litmus
/opt/litmus-tests-riscv/tests/non-mixed-size/HAND/ISA09.litmus
/opt/litmus-tests-riscv/tests/non-mixed-size/HAND/ISA10+BIS.litmus
/opt/litmus-tests-riscv/tests/non-mixed-size/HAND/ISA10+TER.litmus
/opt/litmus-tests-riscv/tests/non-mixed-size/HAND/ISA10.litmus
/opt/litmus-tests-riscv/tests/non-mixed-size/HAND/ISA11+BIS.litmus
/opt/litmus-tests-riscv/tests/non-mixed-size/HAND/ISA11.litmus
/opt/litmus-tests-riscv/tests/non-mixed-size/HAND/ISA12.litmus
/opt/litmus-tests-riscv/tests/non-mixed-size/HAND/ISA13+BIS.litmus
/opt/litmus-tests-riscv/tests/non-mixed-size/HAND/ISA13.litmus
/opt/litmus-tests-riscv/tests/non-mixed-size/HAND/ISA14+BIS.litmus
/opt/litmus-tests-riscv/tests/non-mixed-size/HAND/ISA14+NEW.litmus
/opt/litmus-tests-riscv/tests/non-mixed-size/HAND/ISA14+TER.litmus
/opt/litmus-tests-riscv/tests/non-mixed-size/HAND/ISA14.litmus
/opt/litmus-tests-riscv/tests/non-mixed-size/HAND/ISA15.litmus
/opt/litmus-tests-riscv/tests/non-mixed-size/HAND/ISA16.litmus
/opt/litmus-tests-riscv/tests/non-mixed-size/HAND/ISA17.litmus
/opt/litmus-tests-riscv/tests/non-mixed-size/HAND/ISA18.litmus
/opt/litmus-tests-riscv/tests/non-mixed-size/HAND/LB+addr+addrpx-poxp+VAR.litmus
/opt/litmus-tests-riscv/tests/non-mixed-size/HAND/LB+addr+addrpx-poxp+VAR2.litmus
/opt/litmus-tests-riscv/tests/non-mixed-size/HAND/LB+amoadd-data-amoadd.rl+amoadd.aq-data-amoadd.litmus
/opt/litmus-tests-riscv/tests/non-mixed-size/HAND/LB+amoadd-data-amoadds.litmus
/opt/litmus-tests-riscv/tests/non-mixed-size/HAND/LB+amoadds.litmus
/opt/litmus-tests-riscv/tests/non-mixed-size/HAND/LB+data+datapx-dataxp.litmus
/opt/litmus-tests-riscv/tests/non-mixed-size/HAND/LB+data-amoadd-datas.litmus
/opt/litmus-tests-riscv/tests/non-mixed-size/HAND/LB+fence.r.rw+addr-po.litmus
/opt/litmus-tests-riscv/tests/non-mixed-size/HAND/LB+fence.r.rw+data-po.litmus
/opt/litmus-tests-riscv/tests/non-mixed-size/HAND/LB+fri-rfi-datas.litmus
/opt/litmus-tests-riscv/tests/non-mixed-size/HAND/LR-SC-NOT-FENCE.litmus
/opt/litmus-tests-riscv/tests/non-mixed-size/HAND/LR-SC-diff-loc1.litmus
/opt/litmus-tests-riscv/tests/non-mixed-size/HAND/LR-SC-diff-loc2.litmus
/opt/litmus-tests-riscv/tests/non-mixed-size/HAND/LR-SC-diff-loc3.litmus
/opt/litmus-tests-riscv/tests/non-mixed-size/HAND/Luc01+BIS.litmus
/opt/litmus-tests-riscv/tests/non-mixed-size/HAND/Luc01+Rlx.litmus
/opt/litmus-tests-riscv/tests/non-mixed-size/HAND/Luc01.litmus
/opt/litmus-tests-riscv/tests/non-mixed-size/HAND/Luc02+BIS.litmus
/opt/litmus-tests-riscv/tests/non-mixed-size/HAND/Luc02.litmus
/opt/litmus-tests-riscv/tests/non-mixed-size/HAND/Luc03+BIS.litmus
/opt/litmus-tests-riscv/tests/non-mixed-size/HAND/Luc03.litmus
/opt/litmus-tests-riscv/tests/non-mixed-size/HAND/MP+Data-XX-Addr.litmus
/opt/litmus-tests-riscv/tests/non-mixed-size/HAND/MP+fence.rw.rw+amoswap-rfi-addr.litmus
/opt/litmus-tests-riscv/tests/non-mixed-size/HAND/MP+fence.rw.rw+ctrl-addrpx-addrxp+VAR.litmus
/opt/litmus-tests-riscv/tests/non-mixed-size/HAND/MP+fence.rw.rw+ctrl-amoswap-rfi-addr.litmus
/opt/litmus-tests-riscv/tests/non-mixed-size/HAND/MP+fence.rw.rw+ctrl-cleaninit.litmus
/opt/litmus-tests-riscv/tests/non-mixed-size/HAND/MP+fence.rw.rw+ctrlfence.w.r.litmus
/opt/litmus-tests-riscv/tests/non-mixed-size/HAND/MP+fence.rw.rw+data-amoswap-addr.litmus
/opt/litmus-tests-riscv/tests/non-mixed-size/HAND/MP+fence.rw.rw+rmw-wsi-rfi-addr.litmus
/opt/litmus-tests-riscv/tests/non-mixed-size/HAND/MP+fence.w.w+addr-[ws-rf].litmus
/opt/litmus-tests-riscv/tests/non-mixed-size/HAND/MP+fence.w.w+addr-fence.i.litmus
/opt/litmus-tests-riscv/tests/non-mixed-size/HAND/MP+fence.w.w+addr-rfi.litmus
/opt/litmus-tests-riscv/tests/non-mixed-size/HAND/MP+fence.w.w+data-[ws-rf].litmus
/opt/litmus-tests-riscv/tests/non-mixed-size/HAND/MP+fence.w.w+data-[ws-ws]-rfi-addr.litmus
/opt/litmus-tests-riscv/tests/non-mixed-size/HAND/MP+fence.w.w+data-fence.i.litmus
/opt/litmus-tests-riscv/tests/non-mixed-size/HAND/MP+fence.w.w+data-rfi.litmus
/opt/litmus-tests-riscv/tests/non-mixed-size/HAND/MP+fence.w.w+data-wsi-rfi-addr.litmus
/opt/litmus-tests-riscv/tests/non-mixed-size/HAND/MP+fence.w.w+fence.tso.litmus
/opt/litmus-tests-riscv/tests/non-mixed-size/HAND/MP+fence.w.w+fri-rfi-ctrlfencei.litmus
/opt/litmus-tests-riscv/tests/non-mixed-size/HAND/OpVsHerd01.litmus
/opt/litmus-tests-riscv/tests/non-mixed-size/HAND/PPOAA.litmus
/opt/litmus-tests-riscv/tests/non-mixed-size/HAND/PPOCA.litmus
/opt/litmus-tests-riscv/tests/non-mixed-size/HAND/PPODA.litmus
/opt/litmus-tests-riscv/tests/non-mixed-size/HAND/PPOLDSTLD01.litmus
/opt/litmus-tests-riscv/tests/non-mixed-size/HAND/PPOLDSTLD02.litmus
/opt/litmus-tests-riscv/tests/non-mixed-size/HAND/R+fence.w.w+fence.tso.litmus
/opt/litmus-tests-riscv/tests/non-mixed-size/HAND/R+fence.w.w+posxp-addr.litmus
/opt/litmus-tests-riscv/tests/non-mixed-size/HAND/RDW.litmus
/opt/litmus-tests-riscv/tests/non-mixed-size/HAND/RSW+W.litmus
/opt/litmus-tests-riscv/tests/non-mixed-size/HAND/RSW.litmus
/opt/litmus-tests-riscv/tests/non-mixed-size/HAND/RStar-W-WStar.litmus
/opt/litmus-tests-riscv/tests/non-mixed-size/HAND/RStar-WStar+W.litmus
/opt/litmus-tests-riscv/tests/non-mixed-size/HAND/S+fence.w.w+data-wsi.litmus
/opt/litmus-tests-riscv/tests/non-mixed-size/HAND/S+fence.w.w+fence.tso.litmus
/opt/litmus-tests-riscv/tests/non-mixed-size/HAND/S+fence.w.w+fri-rfi-ctrl+REAL.litmus
/opt/litmus-tests-riscv/tests/non-mixed-size/HAND/SB+fence.rw.rw+ctrlfence.r.r.litmus
/opt/litmus-tests-riscv/tests/non-mixed-size/HAND/SB+fence.w.wprlxs.litmus
/opt/litmus-tests-riscv/tests/non-mixed-size/HAND/SB+rfi-addrs.litmus
/opt/litmus-tests-riscv/tests/non-mixed-size/HAND/SB+rfi-fence.r.rs.litmus
/opt/litmus-tests-riscv/tests/non-mixed-size/HAND/SB+rfi-pos.litmus
/opt/litmus-tests-riscv/tests/non-mixed-size/HAND/SC-FAIL.litmus
/opt/litmus-tests-riscv/tests/non-mixed-size/HAND/SWAP-LR-SC+FULL.litmus
/opt/litmus-tests-riscv/tests/non-mixed-size/HAND/SWAP-LR-SC.litmus
/opt/litmus-tests-riscv/tests/non-mixed-size/RELAX/Coi-Rfi/LB+addr+addr-wsi-rfi-addr.litmus
/opt/litmus-tests-riscv/tests/non-mixed-size/RELAX/Coi-Rfi/LB+addr+addr-wsi-rfi-ctrl.litmus
/opt/litmus-tests-riscv/tests/non-mixed-size/RELAX/Coi-Rfi/LB+addr+addr-wsi-rfi-data.litmus
/opt/litmus-tests-riscv/tests/non-mixed-size/RELAX/Coi-Rfi/LB+addr+ctrl-wsi-rfi-addr.litmus
/opt/litmus-tests-riscv/tests/non-mixed-size/RELAX/Coi-Rfi/LB+addr+ctrl-wsi-rfi-ctrl.litmus
/opt/litmus-tests-riscv/tests/non-mixed-size/RELAX/Coi-Rfi/LB+addr+ctrl-wsi-rfi-data.litmus
/opt/litmus-tests-riscv/tests/non-mixed-size/RELAX/Coi-Rfi/LB+addr+data-wsi-rfi-addr.litmus
/opt/litmus-tests-riscv/tests/non-mixed-size/RELAX/Coi-Rfi/LB+addr+data-wsi-rfi-ctrl.litmus
/opt/litmus-tests-riscv/tests/non-mixed-size/RELAX/Coi-Rfi/LB+addr+data-wsi-rfi-data.litmus
/opt/litmus-tests-riscv/tests/non-mixed-size/RELAX/Coi-Rfi/LB+ctrl+addr-wsi-rfi-addr.litmus
/opt/litmus-tests-riscv/tests/non-mixed-size/RELAX/Coi-Rfi/LB+ctrl+addr-wsi-rfi-ctrl.litmus
/opt/litmus-tests-riscv/tests/non-mixed-size/RELAX/Coi-Rfi/LB+ctrl+addr-wsi-rfi-data.litmus
/opt/litmus-tests-riscv/tests/non-mixed-size/RELAX/Coi-Rfi/LB+ctrl+ctrl-wsi-rfi-addr.litmus
/opt/litmus-tests-riscv/tests/non-mixed-size/RELAX/Coi-Rfi/LB+ctrl+ctrl-wsi-rfi-ctrl.litmus
/opt/litmus-tests-riscv/tests/non-mixed-size/RELAX/Coi-Rfi/LB+ctrl+ctrl-wsi-rfi-data.litmus
/opt/litmus-tests-riscv/tests/non-mixed-size/RELAX/Coi-Rfi/LB+ctrl+data-wsi-rfi-addr.litmus
/opt/litmus-tests-riscv/tests/non-mixed-size/RELAX/Coi-Rfi/LB+ctrl+data-wsi-rfi-ctrl.litmus
/opt/litmus-tests-riscv/tests/non-mixed-size/RELAX/Coi-Rfi/LB+ctrl+data-wsi-rfi-data.litmus
/opt/litmus-tests-riscv/tests/non-mixed-size/RELAX/Coi-Rfi/LB+data+addr-wsi-rfi-addr.litmus
/opt/litmus-tests-riscv/tests/non-mixed-size/RELAX/Coi-Rfi/LB+data+addr-wsi-rfi-ctrl.litmus
/opt/litmus-tests-riscv/tests/non-mixed-size/RELAX/Coi-Rfi/LB+data+addr-wsi-rfi-data.litmus
/opt/litmus-tests-riscv/tests/non-mixed-size/RELAX/Coi-Rfi/LB+data+ctrl-wsi-rfi-addr.litmus
/opt/litmus-tests-riscv/tests/non-mixed-size/RELAX/Coi-Rfi/LB+data+ctrl-wsi-rfi-ctrl.litmus
/opt/litmus-tests-riscv/tests/non-mixed-size/RELAX/Coi-Rfi/LB+data+ctrl-wsi-rfi-data.litmus
/opt/litmus-tests-riscv/tests/non-mixed-size/RELAX/Coi-Rfi/LB+data+data-wsi-rfi-addr.litmus
/opt/litmus-tests-riscv/tests/non-mixed-size/RELAX/Coi-Rfi/LB+data+data-wsi-rfi-ctrl.litmus
/opt/litmus-tests-riscv/tests/non-mixed-size/RELAX/Coi-Rfi/LB+data+data-wsi-rfi-data.litmus
/opt/litmus-tests-riscv/tests/non-mixed-size/RELAX/Coi-Rfi/LB+fence.rw.rw+addr-wsi-rfi-addr.litmus
/opt/litmus-tests-riscv/tests/non-mixed-size/RELAX/Coi-Rfi/LB+fence.rw.rw+addr-wsi-rfi-ctrl.litmus
/opt/litmus-tests-riscv/tests/non-mixed-size/RELAX/Coi-Rfi/LB+fence.rw.rw+addr-wsi-rfi-data.litmus
/opt/litmus-tests-riscv/tests/non-mixed-size/RELAX/Coi-Rfi/LB+fence.rw.rw+ctrl-wsi-rfi-addr.litmus
/opt/litmus-tests-riscv/tests/non-mixed-size/RELAX/Coi-Rfi/LB+fence.rw.rw+ctrl-wsi-rfi-ctrl.litmus
/opt/litmus-tests-riscv/tests/non-mixed-size/RELAX/Coi-Rfi/LB+fence.rw.rw+ctrl-wsi-rfi-data.litmus
/opt/litmus-tests-riscv/tests/non-mixed-size/RELAX/Coi-Rfi/LB+fence.rw.rw+data-wsi-rfi-addr.litmus
/opt/litmus-tests-riscv/tests/non-mixed-size/RELAX/Coi-Rfi/LB+fence.rw.rw+data-wsi-rfi-ctrl.litmus
/opt/litmus-tests-riscv/tests/non-mixed-size/RELAX/Coi-Rfi/LB+fence.rw.rw+data-wsi-rfi-data.litmus
/opt/litmus-tests-riscv/tests/non-mixed-size/RELAX/Coi-Rfi/MP+fence.rw.rw+addr-wsi-rfi-addr.litmus
/opt/litmus-tests-riscv/tests/non-mixed-size/RELAX/Coi-Rfi/MP+fence.rw.rw+addr-wsi-rfi-ctrl.litmus
/opt/litmus-tests-riscv/tests/non-mixed-size/RELAX/Coi-Rfi/MP+fence.rw.rw+ctrl-wsi-rfi-addr.litmus
/opt/litmus-tests-riscv/tests/non-mixed-size/RELAX/Coi-Rfi/MP+fence.rw.rw+ctrl-wsi-rfi-ctrl.litmus
/opt/litmus-tests-riscv/tests/non-mixed-size/RELAX/Coi-Rfi/MP+fence.rw.rw+data-wsi-rfi-addr.litmus
/opt/litmus-tests-riscv/tests/non-mixed-size/RELAX/Coi-Rfi/MP+fence.rw.rw+data-wsi-rfi-ctrl.litmus
/opt/litmus-tests-riscv/tests/non-mixed-size/RELAX/Coi-Rfi/MP+wsi-rfi-addr+addr.litmus
/opt/litmus-tests-riscv/tests/non-mixed-size/RELAX/Coi-Rfi/MP+wsi-rfi-addr+ctrl.litmus
/opt/litmus-tests-riscv/tests/non-mixed-size/RELAX/Coi-Rfi/MP+wsi-rfi-addr+fence.rw.rw.litmus
/opt/litmus-tests-riscv/tests/non-mixed-size/RELAX/Coi-Rfi/MP+wsi-rfi-ctrl+addr.litmus
/opt/litmus-tests-riscv/tests/non-mixed-size/RELAX/Coi-Rfi/MP+wsi-rfi-ctrl+ctrl.litmus
/opt/litmus-tests-riscv/tests/non-mixed-size/RELAX/Coi-Rfi/MP+wsi-rfi-ctrl+fence.rw.rw.litmus
/opt/litmus-tests-riscv/tests/non-mixed-size/RELAX/Coi-Rfi/MP+wsi-rfi-data+addr.litmus
/opt/litmus-tests-riscv/tests/non-mixed-size/RELAX/Coi-Rfi/MP+wsi-rfi-data+ctrl.litmus
/opt/litmus-tests-riscv/tests/non-mixed-size/RELAX/Coi-Rfi/MP+wsi-rfi-data+fence.rw.rw.litmus
/opt/litmus-tests-riscv/tests/non-mixed-size/RELAX/Coi-Rfi/R+wsi-rfi-addr+fence.rw.rw.litmus
/opt/litmus-tests-riscv/tests/non-mixed-size/RELAX/Coi-Rfi/R+wsi-rfi-ctrl+fence.rw.rw.litmus
/opt/litmus-tests-riscv/tests/non-mixed-size/RELAX/Coi-Rfi/R+wsi-rfi-data+fence.rw.rw.litmus
/opt/litmus-tests-riscv/tests/non-mixed-size/RELAX/Coi-Rfi/S+fence.rw.rw+addr-wsi-rfi-addr.litmus
/opt/litmus-tests-riscv/tests/non-mixed-size/RELAX/Coi-Rfi/S+fence.rw.rw+addr-wsi-rfi-ctrl.litmus
/opt/litmus-tests-riscv/tests/non-mixed-size/RELAX/Coi-Rfi/S+fence.rw.rw+addr-wsi-rfi-data.litmus
/opt/litmus-tests-riscv/tests/non-mixed-size/RELAX/Coi-Rfi/S+fence.rw.rw+ctrl-wsi-rfi-addr.litmus
/opt/litmus-tests-riscv/tests/non-mixed-size/RELAX/Coi-Rfi/S+fence.rw.rw+ctrl-wsi-rfi-ctrl.litmus
/opt/litmus-tests-riscv/tests/non-mixed-size/RELAX/Coi-Rfi/S+fence.rw.rw+ctrl-wsi-rfi-data.litmus
/opt/litmus-tests-riscv/tests/non-mixed-size/RELAX/Coi-Rfi/S+fence.rw.rw+data-wsi-rfi-addr.litmus
/opt/litmus-tests-riscv/tests/non-mixed-size/RELAX/Coi-Rfi/S+fence.rw.rw+data-wsi-rfi-ctrl.litmus
/opt/litmus-tests-riscv/tests/non-mixed-size/RELAX/Coi-Rfi/S+fence.rw.rw+data-wsi-rfi-data.litmus
/opt/litmus-tests-riscv/tests/non-mixed-size/RELAX/Coi-Rfi/SB+fence.rw.rw+wsi-rfi-addr.litmus
/opt/litmus-tests-riscv/tests/non-mixed-size/RELAX/Coi-Rfi/SB+fence.rw.rw+wsi-rfi-ctrl.litmus
/opt/litmus-tests-riscv/tests/non-mixed-size/RELAX/Coi-Rfi/SB+wsi-rfi-addr+wsi-rfi-ctrl.litmus
/opt/litmus-tests-riscv/tests/non-mixed-size/RELAX/Coi-Rfi/SB+wsi-rfi-addrs.litmus
/opt/litmus-tests-riscv/tests/non-mixed-size/RELAX/Coi-Rfi/SB+wsi-rfi-ctrls.litmus
/opt/litmus-tests-riscv/tests/non-mixed-size/RELAX/DpCtrldR/MP+fence.rw.rw+ctrl.litmus
/opt/litmus-tests-riscv/tests/non-mixed-size/RELAX/DpCtrldR/MP+fence.rw.w+ctrl.litmus
/opt/litmus-tests-riscv/tests/non-mixed-size/RELAX/DpCtrldR/MP+fence.w.w+ctrl.litmus
/opt/litmus-tests-riscv/tests/non-mixed-size/RELAX/Fence.idRR/MP+fence.rw.rw+fence.i.litmus
/opt/litmus-tests-riscv/tests/non-mixed-size/RELAX/Fence.idRR/MP+fence.rw.w+fence.i.litmus
/opt/litmus-tests-riscv/tests/non-mixed-size/RELAX/Fence.idRR/MP+fence.w.w+fence.i.litmus
/opt/litmus-tests-riscv/tests/non-mixed-size/RELAX/Fence.idRW/LB+fence.i+addr.litmus
/opt/litmus-tests-riscv/tests/non-mixed-size/RELAX/Fence.idRW/LB+fence.i+ctrl.litmus
/opt/litmus-tests-riscv/tests/non-mixed-size/RELAX/Fence.idRW/LB+fence.i+ctrlfencei.litmus
/opt/litmus-tests-riscv/tests/non-mixed-size/RELAX/Fence.idRW/LB+fence.i+data.litmus
/opt/litmus-tests-riscv/tests/non-mixed-size/RELAX/Fence.idRW/LB+fence.i+fence.r.rw.litmus
/opt/litmus-tests-riscv/tests/non-mixed-size/RELAX/Fence.idRW/LB+fence.i+fence.rw.rw.litmus
/opt/litmus-tests-riscv/tests/non-mixed-size/RELAX/Fence.idRW/LB+fence.i+fence.rw.w.litmus
/opt/litmus-tests-riscv/tests/non-mixed-size/RELAX/Fence.idRW/LB+fence.is.litmus
/opt/litmus-tests-riscv/tests/non-mixed-size/RELAX/Fence.idRW/S+fence.rw.rw+fence.i.litmus
/opt/litmus-tests-riscv/tests/non-mixed-size/RELAX/Fence.idRW/S+fence.rw.w+fence.i.litmus
/opt/litmus-tests-riscv/tests/non-mixed-size/RELAX/Fence.idRW/S+fence.w.w+fence.i.litmus
/opt/litmus-tests-riscv/tests/non-mixed-size/RELAX/Fence.idWR/R+fence.rw.rw+fence.i.litmus
/opt/litmus-tests-riscv/tests/non-mixed-size/RELAX/Fence.idWR/R+fence.rw.w+fence.i.litmus
/opt/litmus-tests-riscv/tests/non-mixed-size/RELAX/Fence.idWR/R+fence.w.w+fence.i.litmus
/opt/litmus-tests-riscv/tests/non-mixed-size/RELAX/Fence.idWR/SB+fence.i+fence.rw.rw.litmus
/opt/litmus-tests-riscv/tests/non-mixed-size/RELAX/Fence.idWR/SB+fence.is.litmus
/opt/litmus-tests-riscv/tests/non-mixed-size/RELAX/Fence.idWW/2+2W+fence.i+fence.rw.rw.litmus
/opt/litmus-tests-riscv/tests/non-mixed-size/RELAX/Fence.idWW/2+2W+fence.i+fence.rw.w.litmus
/opt/litmus-tests-riscv/tests/non-mixed-size/RELAX/Fence.idWW/2+2W+fence.i+fence.w.w.litmus
/opt/litmus-tests-riscv/tests/non-mixed-size/RELAX/Fence.idWW/2+2W+fence.is.litmus
/opt/litmus-tests-riscv/tests/non-mixed-size/RELAX/Fence.idWW/MP+fence.i+addr.litmus
/opt/litmus-tests-riscv/tests/non-mixed-size/RELAX/Fence.idWW/MP+fence.i+ctrlfencei.litmus
/opt/litmus-tests-riscv/tests/non-mixed-size/RELAX/Fence.idWW/MP+fence.i+fence.r.rw.litmus
/opt/litmus-tests-riscv/tests/non-mixed-size/RELAX/Fence.idWW/MP+fence.i+fence.rw.rw.litmus
/opt/litmus-tests-riscv/tests/non-mixed-size/RELAX/Fence.idWW/R+fence.i+fence.rw.rw.litmus
/opt/litmus-tests-riscv/tests/non-mixed-size/RELAX/Fence.idWW/S+fence.i+addr.litmus
/opt/litmus-tests-riscv/tests/non-mixed-size/RELAX/Fence.idWW/S+fence.i+ctrl.litmus
/opt/litmus-tests-riscv/tests/non-mixed-size/RELAX/Fence.idWW/S+fence.i+ctrlfencei.litmus
/opt/litmus-tests-riscv/tests/non-mixed-size/RELAX/Fence.idWW/S+fence.i+data.litmus
/opt/litmus-tests-riscv/tests/non-mixed-size/RELAX/Fence.idWW/S+fence.i+fence.r.rw.litmus
/opt/litmus-tests-riscv/tests/non-mixed-size/RELAX/Fence.idWW/S+fence.i+fence.rw.rw.litmus
/opt/litmus-tests-riscv/tests/non-mixed-size/RELAX/Fence.idWW/S+fence.i+fence.rw.w.litmus
/opt/litmus-tests-riscv/tests/non-mixed-size/RELAX/Fence.r.rwdWR/R+fence.rw.rw+fence.r.rw.litmus
/opt/litmus-tests-riscv/tests/non-mixed-size/RELAX/Fence.r.rwdWR/R+fence.rw.w+fence.r.rw.litmus
/opt/litmus-tests-riscv/tests/non-mixed-size/RELAX/Fence.r.rwdWR/R+fence.w.w+fence.r.rw.litmus
/opt/litmus-tests-riscv/tests/non-mixed-size/RELAX/Fence.r.rwdWR/SB+fence.r.rw+fence.rw.rw.litmus
/opt/litmus-tests-riscv/tests/non-mixed-size/RELAX/Fence.r.rwdWR/SB+fence.r.rws.litmus
/opt/litmus-tests-riscv/tests/non-mixed-size/RELAX/Fence.r.rwdWW/2+2W+fence.r.rw+fence.rw.rw.litmus
/opt/litmus-tests-riscv/tests/non-mixed-size/RELAX/Fence.r.rwdWW/2+2W+fence.r.rw+fence.rw.w.litmus
/opt/litmus-tests-riscv/tests/non-mixed-size/RELAX/Fence.r.rwdWW/2+2W+fence.r.rw+fence.w.w.litmus
/opt/litmus-tests-riscv/tests/non-mixed-size/RELAX/Fence.r.rwdWW/2+2W+fence.r.rws.litmus
/opt/litmus-tests-riscv/tests/non-mixed-size/RELAX/Fence.r.rwdWW/MP+fence.r.rw+addr.litmus
/opt/litmus-tests-riscv/tests/non-mixed-size/RELAX/Fence.r.rwdWW/MP+fence.r.rw+ctrlfencei.litmus
/opt/litmus-tests-riscv/tests/non-mixed-size/RELAX/Fence.r.rwdWW/MP+fence.r.rw+fence.rw.rw.litmus
/opt/litmus-tests-riscv/tests/non-mixed-size/RELAX/Fence.r.rwdWW/MP+fence.r.rws.litmus
/opt/litmus-tests-riscv/tests/non-mixed-size/RELAX/Fence.r.rwdWW/R+fence.r.rw+fence.rw.rw.litmus
/opt/litmus-tests-riscv/tests/non-mixed-size/RELAX/Fence.r.rwdWW/S+fence.r.rw+addr.litmus
/opt/litmus-tests-riscv/tests/non-mixed-size/RELAX/Fence.r.rwdWW/S+fence.r.rw+ctrl.litmus
/opt/litmus-tests-riscv/tests/non-mixed-size/RELAX/Fence.r.rwdWW/S+fence.r.rw+ctrlfencei.litmus
/opt/litmus-tests-riscv/tests/non-mixed-size/RELAX/Fence.r.rwdWW/S+fence.r.rw+data.litmus
/opt/litmus-tests-riscv/tests/non-mixed-size/RELAX/Fence.r.rwdWW/S+fence.r.rw+fence.rw.rw.litmus
/opt/litmus-tests-riscv/tests/non-mixed-size/RELAX/Fence.r.rwdWW/S+fence.r.rw+fence.rw.w.litmus
/opt/litmus-tests-riscv/tests/non-mixed-size/RELAX/Fence.r.rwdWW/S+fence.r.rws.litmus
/opt/litmus-tests-riscv/tests/non-mixed-size/RELAX/Fence.rw.wdRR/MP+fence.rw.rw+fence.rw.w.litmus
/opt/litmus-tests-riscv/tests/non-mixed-size/RELAX/Fence.rw.wdRR/MP+fence.rw.ws.litmus
/opt/litmus-tests-riscv/tests/non-mixed-size/RELAX/Fence.rw.wdRR/MP+fence.w.w+fence.rw.w.litmus
/opt/litmus-tests-riscv/tests/non-mixed-size/RELAX/Fence.rw.wdWR/R+fence.rw.rw+fence.rw.w.litmus
/opt/litmus-tests-riscv/tests/non-mixed-size/RELAX/Fence.rw.wdWR/R+fence.rw.ws.litmus
/opt/litmus-tests-riscv/tests/non-mixed-size/RELAX/Fence.rw.wdWR/R+fence.w.w+fence.rw.w.litmus
/opt/litmus-tests-riscv/tests/non-mixed-size/RELAX/Fence.rw.wdWR/SB+fence.rw.w+fence.rw.rw.litmus
/opt/litmus-tests-riscv/tests/non-mixed-size/RELAX/Fence.rw.wdWR/SB+fence.rw.ws.litmus
/opt/litmus-tests-riscv/tests/non-mixed-size/RELAX/Fence.w.wdRR/MP+fence.rw.rw+fence.w.w.litmus
/opt/litmus-tests-riscv/tests/non-mixed-size/RELAX/Fence.w.wdRR/MP+fence.rw.w+fence.w.w.litmus
/opt/litmus-tests-riscv/tests/non-mixed-size/RELAX/Fence.w.wdRR/MP+fence.w.ws.litmus
/opt/litmus-tests-riscv/tests/non-mixed-size/RELAX/Fence.w.wdRW/LB+fence.r.rw+fence.w.w.litmus
/opt/litmus-tests-riscv/tests/non-mixed-size/RELAX/Fence.w.wdRW/LB+fence.w.w+addr.litmus
/opt/litmus-tests-riscv/tests/non-mixed-size/RELAX/Fence.w.wdRW/LB+fence.w.w+ctrl.litmus
/opt/litmus-tests-riscv/tests/non-mixed-size/RELAX/Fence.w.wdRW/LB+fence.w.w+ctrlfencei.litmus
/opt/litmus-tests-riscv/tests/non-mixed-size/RELAX/Fence.w.wdRW/LB+fence.w.w+data.litmus
/opt/litmus-tests-riscv/tests/non-mixed-size/RELAX/Fence.w.wdRW/LB+fence.w.w+fence.rw.rw.litmus
/opt/litmus-tests-riscv/tests/non-mixed-size/RELAX/Fence.w.wdRW/LB+fence.w.w+fence.rw.w.litmus
/opt/litmus-tests-riscv/tests/non-mixed-size/RELAX/Fence.w.wdRW/LB+fence.w.ws.litmus
/opt/litmus-tests-riscv/tests/non-mixed-size/RELAX/Fence.w.wdRW/S+fence.rw.rw+fence.w.w.litmus
/opt/litmus-tests-riscv/tests/non-mixed-size/RELAX/Fence.w.wdRW/S+fence.rw.w+fence.w.w.litmus
/opt/litmus-tests-riscv/tests/non-mixed-size/RELAX/Fence.w.wdRW/S+fence.w.ws.litmus
/opt/litmus-tests-riscv/tests/non-mixed-size/RELAX/Fence.w.wdWR/R+fence.rw.rw+fence.w.w.litmus
/opt/litmus-tests-riscv/tests/non-mixed-size/RELAX/Fence.w.wdWR/R+fence.rw.w+fence.w.w.litmus
/opt/litmus-tests-riscv/tests/non-mixed-size/RELAX/Fence.w.wdWR/R+fence.w.ws.litmus
/opt/litmus-tests-riscv/tests/non-mixed-size/RELAX/Fence.w.wdWR/SB+fence.w.w+fence.rw.rw.litmus
/opt/litmus-tests-riscv/tests/non-mixed-size/RELAX/Fence.w.wdWR/SB+fence.w.ws.litmus
/opt/litmus-tests-riscv/tests/non-mixed-size/RELAX/Fri-Rfi/LB+addr+addr-fri-rfi-addr.litmus
/opt/litmus-tests-riscv/tests/non-mixed-size/RELAX/Fri-Rfi/LB+addr+addr-fri-rfi-ctrl.litmus
/opt/litmus-tests-riscv/tests/non-mixed-size/RELAX/Fri-Rfi/LB+addr+addr-fri-rfi-data.litmus
/opt/litmus-tests-riscv/tests/non-mixed-size/RELAX/Fri-Rfi/LB+addr+ctrl-fri-rfi-addr.litmus
/opt/litmus-tests-riscv/tests/non-mixed-size/RELAX/Fri-Rfi/LB+addr+ctrl-fri-rfi-ctrl.litmus
/opt/litmus-tests-riscv/tests/non-mixed-size/RELAX/Fri-Rfi/LB+addr+ctrl-fri-rfi-data.litmus
/opt/litmus-tests-riscv/tests/non-mixed-size/RELAX/Fri-Rfi/LB+addr+fri-rfi-addr.litmus
/opt/litmus-tests-riscv/tests/non-mixed-size/RELAX/Fri-Rfi/LB+addr+fri-rfi-ctrl.litmus
/opt/litmus-tests-riscv/tests/non-mixed-size/RELAX/Fri-Rfi/LB+addr+fri-rfi-data.litmus
/opt/litmus-tests-riscv/tests/non-mixed-size/RELAX/Fri-Rfi/LB+ctrl+addr-fri-rfi-addr.litmus
/opt/litmus-tests-riscv/tests/non-mixed-size/RELAX/Fri-Rfi/LB+ctrl+addr-fri-rfi-ctrl.litmus
/opt/litmus-tests-riscv/tests/non-mixed-size/RELAX/Fri-Rfi/LB+ctrl+addr-fri-rfi-data.litmus
/opt/litmus-tests-riscv/tests/non-mixed-size/RELAX/Fri-Rfi/LB+ctrl+ctrl-fri-rfi-addr.litmus
/opt/litmus-tests-riscv/tests/non-mixed-size/RELAX/Fri-Rfi/LB+ctrl+ctrl-fri-rfi-ctrl.litmus
/opt/litmus-tests-riscv/tests/non-mixed-size/RELAX/Fri-Rfi/LB+ctrl+ctrl-fri-rfi-data.litmus
/opt/litmus-tests-riscv/tests/non-mixed-size/RELAX/Fri-Rfi/LB+ctrl+fri-rfi-addr.litmus
/opt/litmus-tests-riscv/tests/non-mixed-size/RELAX/Fri-Rfi/LB+ctrl+fri-rfi-ctrl.litmus
/opt/litmus-tests-riscv/tests/non-mixed-size/RELAX/Fri-Rfi/LB+ctrl+fri-rfi-data.litmus
/opt/litmus-tests-riscv/tests/non-mixed-size/RELAX/Fri-Rfi/LB+data+addr-fri-rfi-addr.litmus
/opt/litmus-tests-riscv/tests/non-mixed-size/RELAX/Fri-Rfi/LB+data+addr-fri-rfi-ctrl.litmus
/opt/litmus-tests-riscv/tests/non-mixed-size/RELAX/Fri-Rfi/LB+data+addr-fri-rfi-data.litmus
/opt/litmus-tests-riscv/tests/non-mixed-size/RELAX/Fri-Rfi/LB+data+ctrl-fri-rfi-addr.litmus
/opt/litmus-tests-riscv/tests/non-mixed-size/RELAX/Fri-Rfi/LB+data+ctrl-fri-rfi-ctrl.litmus
/opt/litmus-tests-riscv/tests/non-mixed-size/RELAX/Fri-Rfi/LB+data+ctrl-fri-rfi-data.litmus
/opt/litmus-tests-riscv/tests/non-mixed-size/RELAX/Fri-Rfi/LB+data+fri-rfi-addr.litmus
/opt/litmus-tests-riscv/tests/non-mixed-size/RELAX/Fri-Rfi/LB+data+fri-rfi-ctrl.litmus
/opt/litmus-tests-riscv/tests/non-mixed-size/RELAX/Fri-Rfi/LB+data+fri-rfi-data.litmus
/opt/litmus-tests-riscv/tests/non-mixed-size/RELAX/Fri-Rfi/LB+fence.rw.rw+addr-fri-rfi-addr.litmus
/opt/litmus-tests-riscv/tests/non-mixed-size/RELAX/Fri-Rfi/LB+fence.rw.rw+addr-fri-rfi-ctrl.litmus
/opt/litmus-tests-riscv/tests/non-mixed-size/RELAX/Fri-Rfi/LB+fence.rw.rw+addr-fri-rfi-data.litmus
/opt/litmus-tests-riscv/tests/non-mixed-size/RELAX/Fri-Rfi/LB+fence.rw.rw+ctrl-fri-rfi-addr.litmus
/opt/litmus-tests-riscv/tests/non-mixed-size/RELAX/Fri-Rfi/LB+fence.rw.rw+ctrl-fri-rfi-ctrl.litmus
/opt/litmus-tests-riscv/tests/non-mixed-size/RELAX/Fri-Rfi/LB+fence.rw.rw+ctrl-fri-rfi-data.litmus
/opt/litmus-tests-riscv/tests/non-mixed-size/RELAX/Fri-Rfi/LB+fence.rw.rw+fri-rfi-addr.litmus
/opt/litmus-tests-riscv/tests/non-mixed-size/RELAX/Fri-Rfi/LB+fence.rw.rw+fri-rfi-ctrl.litmus
/opt/litmus-tests-riscv/tests/non-mixed-size/RELAX/Fri-Rfi/LB+fence.rw.rw+fri-rfi-data.litmus
/opt/litmus-tests-riscv/tests/non-mixed-size/RELAX/Fri-Rfi/LB+fri-rfi-addr+fri-rfi-ctrl.litmus
/opt/litmus-tests-riscv/tests/non-mixed-size/RELAX/Fri-Rfi/LB+fri-rfi-addr+fri-rfi-data.litmus
/opt/litmus-tests-riscv/tests/non-mixed-size/RELAX/Fri-Rfi/LB+fri-rfi-addrs.litmus
/opt/litmus-tests-riscv/tests/non-mixed-size/RELAX/Fri-Rfi/LB+fri-rfi-ctrls.litmus
/opt/litmus-tests-riscv/tests/non-mixed-size/RELAX/Fri-Rfi/LB+fri-rfi-data+fri-rfi-ctrl.litmus
/opt/litmus-tests-riscv/tests/non-mixed-size/RELAX/Fri-Rfi/LB+fri-rfi-datas.litmus
/opt/litmus-tests-riscv/tests/non-mixed-size/RELAX/Fri-Rfi/MP+fence.rw.rw+addr-fri-rfi-addr.litmus
/opt/litmus-tests-riscv/tests/non-mixed-size/RELAX/Fri-Rfi/MP+fence.rw.rw+addr-fri-rfi-ctrl.litmus
/opt/litmus-tests-riscv/tests/non-mixed-size/RELAX/Fri-Rfi/MP+fence.rw.rw+addr-fri-rfi.litmus
/opt/litmus-tests-riscv/tests/non-mixed-size/RELAX/Fri-Rfi/MP+fence.rw.rw+ctrl-fri-rfi-addr.litmus
/opt/litmus-tests-riscv/tests/non-mixed-size/RELAX/Fri-Rfi/MP+fence.rw.rw+ctrl-fri-rfi-ctrl.litmus
/opt/litmus-tests-riscv/tests/non-mixed-size/RELAX/Fri-Rfi/MP+fence.rw.rw+ctrl-fri-rfi.litmus
/opt/litmus-tests-riscv/tests/non-mixed-size/RELAX/Fri-Rfi/MP+fence.rw.rw+fri-rfi-addr-fri-rfi.litmus
/opt/litmus-tests-riscv/tests/non-mixed-size/RELAX/Fri-Rfi/MP+fence.rw.rw+fri-rfi-addr.litmus
/opt/litmus-tests-riscv/tests/non-mixed-size/RELAX/Fri-Rfi/MP+fence.rw.rw+fri-rfi-ctrl-fri-rfi.litmus
/opt/litmus-tests-riscv/tests/non-mixed-size/RELAX/Fri-Rfi/MP+fence.rw.rw+fri-rfi-ctrl.litmus
/opt/litmus-tests-riscv/tests/non-mixed-size/RELAX/Fri-Rfi/S+fence.rw.rw+addr-fri-rfi-addr.litmus
/opt/litmus-tests-riscv/tests/non-mixed-size/RELAX/Fri-Rfi/S+fence.rw.rw+addr-fri-rfi-ctrl.litmus
/opt/litmus-tests-riscv/tests/non-mixed-size/RELAX/Fri-Rfi/S+fence.rw.rw+addr-fri-rfi-data.litmus
/opt/litmus-tests-riscv/tests/non-mixed-size/RELAX/Fri-Rfi/S+fence.rw.rw+ctrl-fri-rfi-addr.litmus
/opt/litmus-tests-riscv/tests/non-mixed-size/RELAX/Fri-Rfi/S+fence.rw.rw+ctrl-fri-rfi-ctrl.litmus
/opt/litmus-tests-riscv/tests/non-mixed-size/RELAX/Fri-Rfi/S+fence.rw.rw+ctrl-fri-rfi-data.litmus
/opt/litmus-tests-riscv/tests/non-mixed-size/RELAX/Fri-Rfi/S+fence.rw.rw+fri-rfi-addr.litmus
/opt/litmus-tests-riscv/tests/non-mixed-size/RELAX/Fri-Rfi/S+fence.rw.rw+fri-rfi-ctrl.litmus
/opt/litmus-tests-riscv/tests/non-mixed-size/RELAX/Fri-Rfi/S+fence.rw.rw+fri-rfi-data.litmus
/opt/litmus-tests-riscv/tests/non-mixed-size/RELAX/PodRR/MP+fence.rw.rw+po.litmus
/opt/litmus-tests-riscv/tests/non-mixed-size/RELAX/PodRR/MP+fence.rw.w+po.litmus
/opt/litmus-tests-riscv/tests/non-mixed-size/RELAX/PodRR/MP+fence.w.w+po.litmus
/opt/litmus-tests-riscv/tests/non-mixed-size/RELAX/PodRW/LB+addr+po.litmus
/opt/litmus-tests-riscv/tests/non-mixed-size/RELAX/PodRW/LB+ctrl+po.litmus
/opt/litmus-tests-riscv/tests/non-mixed-size/RELAX/PodRW/LB+ctrlfencei+po.litmus
/opt/litmus-tests-riscv/tests/non-mixed-size/RELAX/PodRW/LB+data+po.litmus
/opt/litmus-tests-riscv/tests/non-mixed-size/RELAX/PodRW/LB+fence.r.rw+po.litmus
/opt/litmus-tests-riscv/tests/non-mixed-size/RELAX/PodRW/LB+fence.rw.rw+po.litmus
/opt/litmus-tests-riscv/tests/non-mixed-size/RELAX/PodRW/LB+fence.rw.w+po.litmus
/opt/litmus-tests-riscv/tests/non-mixed-size/RELAX/PodRW/LB.litmus
/opt/litmus-tests-riscv/tests/non-mixed-size/RELAX/PodRW/S+fence.rw.rw+po.litmus
/opt/litmus-tests-riscv/tests/non-mixed-size/RELAX/PodRW/S+fence.rw.w+po.litmus
/opt/litmus-tests-riscv/tests/non-mixed-size/RELAX/PodRW/S+fence.w.w+po.litmus
/opt/litmus-tests-riscv/tests/non-mixed-size/RELAX/PodWR/R+fence.rw.rw+po-addr.litmus
/opt/litmus-tests-riscv/tests/non-mixed-size/RELAX/PodWR/R+fence.rw.rw+po-addrs.litmus
/opt/litmus-tests-riscv/tests/non-mixed-size/RELAX/PodWR/R+fence.rw.rw+po-ctrlfencei.litmus
/opt/litmus-tests-riscv/tests/non-mixed-size/RELAX/PodWR/R+fence.rw.rw+po-ctrlfenceis.litmus
/opt/litmus-tests-riscv/tests/non-mixed-size/RELAX/PodWR/R+fence.rw.rw+po.litmus
/opt/litmus-tests-riscv/tests/non-mixed-size/RELAX/PodWR/R+fence.rw.w+po-addr.litmus
/opt/litmus-tests-riscv/tests/non-mixed-size/RELAX/PodWR/R+fence.rw.w+po-addrs.litmus
/opt/litmus-tests-riscv/tests/non-mixed-size/RELAX/PodWR/R+fence.rw.w+po-ctrlfencei.litmus
/opt/litmus-tests-riscv/tests/non-mixed-size/RELAX/PodWR/R+fence.rw.w+po-ctrlfenceis.litmus
/opt/litmus-tests-riscv/tests/non-mixed-size/RELAX/PodWR/R+fence.rw.w+po.litmus
/opt/litmus-tests-riscv/tests/non-mixed-size/RELAX/PodWR/R+fence.w.w+po-addr.litmus
/opt/litmus-tests-riscv/tests/non-mixed-size/RELAX/PodWR/R+fence.w.w+po-addrs.litmus
/opt/litmus-tests-riscv/tests/non-mixed-size/RELAX/PodWR/R+fence.w.w+po-ctrlfencei.litmus
/opt/litmus-tests-riscv/tests/non-mixed-size/RELAX/PodWR/R+fence.w.w+po-ctrlfenceis.litmus
/opt/litmus-tests-riscv/tests/non-mixed-size/RELAX/PodWR/R+fence.w.w+po.litmus
/opt/litmus-tests-riscv/tests/non-mixed-size/RELAX/PodWR/SB+fence.rw.rw+po-addr.litmus
/opt/litmus-tests-riscv/tests/non-mixed-size/RELAX/PodWR/SB+fence.rw.rw+po-addrs.litmus
/opt/litmus-tests-riscv/tests/non-mixed-size/RELAX/PodWR/SB+fence.rw.rw+po-ctrlfencei.litmus
/opt/litmus-tests-riscv/tests/non-mixed-size/RELAX/PodWR/SB+fence.rw.rw+po-ctrlfenceis.litmus
/opt/litmus-tests-riscv/tests/non-mixed-size/RELAX/PodWR/SB+fence.rw.rw+po.litmus
/opt/litmus-tests-riscv/tests/non-mixed-size/RELAX/PodWR/SB+fence.rw.rw+pos-po-addr.litmus
/opt/litmus-tests-riscv/tests/non-mixed-size/RELAX/PodWR/SB+fence.rw.rw+pos-po-addrs.litmus
/opt/litmus-tests-riscv/tests/non-mixed-size/RELAX/PodWR/SB+fence.rw.rw+pos-po-ctrlfencei.litmus
/opt/litmus-tests-riscv/tests/non-mixed-size/RELAX/PodWR/SB+fence.rw.rw+pos-po-ctrlfenceis.litmus
/opt/litmus-tests-riscv/tests/non-mixed-size/RELAX/PodWR/SB+fence.rw.rw+pos-po.litmus
/opt/litmus-tests-riscv/tests/non-mixed-size/RELAX/PodWR/SB+po+po-addr.litmus
/opt/litmus-tests-riscv/tests/non-mixed-size/RELAX/PodWR/SB+po+po-addrs.litmus
/opt/litmus-tests-riscv/tests/non-mixed-size/RELAX/PodWR/SB+po+po-ctrlfencei.litmus
/opt/litmus-tests-riscv/tests/non-mixed-size/RELAX/PodWR/SB+po+po-ctrlfenceis.litmus
/opt/litmus-tests-riscv/tests/non-mixed-size/RELAX/PodWR/SB+po+pos-po-addr.litmus
/opt/litmus-tests-riscv/tests/non-mixed-size/RELAX/PodWR/SB+po+pos-po-addrs.litmus
/opt/litmus-tests-riscv/tests/non-mixed-size/RELAX/PodWR/SB+po+pos-po-ctrlfencei.litmus
/opt/litmus-tests-riscv/tests/non-mixed-size/RELAX/PodWR/SB+po+pos-po-ctrlfenceis.litmus
/opt/litmus-tests-riscv/tests/non-mixed-size/RELAX/PodWR/SB+po+pos-po.litmus
/opt/litmus-tests-riscv/tests/non-mixed-size/RELAX/PodWR/SB+po-addr+po-ctrlfencei.litmus
/opt/litmus-tests-riscv/tests/non-mixed-size/RELAX/PodWR/SB+po-addr+po-ctrlfenceis.litmus
/opt/litmus-tests-riscv/tests/non-mixed-size/RELAX/PodWR/SB+po-addr+pos-po-addr.litmus
/opt/litmus-tests-riscv/tests/non-mixed-size/RELAX/PodWR/SB+po-addr+pos-po-addrs.litmus
/opt/litmus-tests-riscv/tests/non-mixed-size/RELAX/PodWR/SB+po-addr+pos-po-ctrlfencei.litmus
/opt/litmus-tests-riscv/tests/non-mixed-size/RELAX/PodWR/SB+po-addr+pos-po-ctrlfenceis.litmus
/opt/litmus-tests-riscv/tests/non-mixed-size/RELAX/PodWR/SB+po-addrs+po-addr.litmus
/opt/litmus-tests-riscv/tests/non-mixed-size/RELAX/PodWR/SB+po-addrs+po-ctrlfencei.litmus
/opt/litmus-tests-riscv/tests/non-mixed-size/RELAX/PodWR/SB+po-addrs+po-ctrlfenceis.litmus
/opt/litmus-tests-riscv/tests/non-mixed-size/RELAX/PodWR/SB+po-addrs+pos-po-addr.litmus
/opt/litmus-tests-riscv/tests/non-mixed-size/RELAX/PodWR/SB+po-addrs+pos-po-addrs.litmus
/opt/litmus-tests-riscv/tests/non-mixed-size/RELAX/PodWR/SB+po-addrs+pos-po-ctrlfencei.litmus
/opt/litmus-tests-riscv/tests/non-mixed-size/RELAX/PodWR/SB+po-addrs+pos-po-ctrlfenceis.litmus
/opt/litmus-tests-riscv/tests/non-mixed-size/RELAX/PodWR/SB+po-addrs.litmus
/opt/litmus-tests-riscv/tests/non-mixed-size/RELAX/PodWR/SB+po-addrss.litmus
/opt/litmus-tests-riscv/tests/non-mixed-size/RELAX/PodWR/SB+po-ctrlfencei+pos-po-addr.litmus
/opt/litmus-tests-riscv/tests/non-mixed-size/RELAX/PodWR/SB+po-ctrlfencei+pos-po-addrs.litmus
/opt/litmus-tests-riscv/tests/non-mixed-size/RELAX/PodWR/SB+po-ctrlfencei+pos-po-ctrlfencei.litmus
/opt/litmus-tests-riscv/tests/non-mixed-size/RELAX/PodWR/SB+po-ctrlfencei+pos-po-ctrlfenceis.litmus
/opt/litmus-tests-riscv/tests/non-mixed-size/RELAX/PodWR/SB+po-ctrlfenceis+po-ctrlfencei.litmus
/opt/litmus-tests-riscv/tests/non-mixed-size/RELAX/PodWR/SB+po-ctrlfenceis+pos-po-addr.litmus
/opt/litmus-tests-riscv/tests/non-mixed-size/RELAX/PodWR/SB+po-ctrlfenceis+pos-po-addrs.litmus
/opt/litmus-tests-riscv/tests/non-mixed-size/RELAX/PodWR/SB+po-ctrlfenceis+pos-po-ctrlfencei.litmus
/opt/litmus-tests-riscv/tests/non-mixed-size/RELAX/PodWR/SB+po-ctrlfenceis+pos-po-ctrlfenceis.litmus
/opt/litmus-tests-riscv/tests/non-mixed-size/RELAX/PodWR/SB+po-ctrlfenceis.litmus
/opt/litmus-tests-riscv/tests/non-mixed-size/RELAX/PodWR/SB+po-ctrlfenceiss.litmus
/opt/litmus-tests-riscv/tests/non-mixed-size/RELAX/PodWR/SB+pos-po+po-addr.litmus
/opt/litmus-tests-riscv/tests/non-mixed-size/RELAX/PodWR/SB+pos-po+po-addrs.litmus
/opt/litmus-tests-riscv/tests/non-mixed-size/RELAX/PodWR/SB+pos-po+po-ctrlfencei.litmus
/opt/litmus-tests-riscv/tests/non-mixed-size/RELAX/PodWR/SB+pos-po+po-ctrlfenceis.litmus
/opt/litmus-tests-riscv/tests/non-mixed-size/RELAX/PodWR/SB+pos-po+pos-po-addr.litmus
/opt/litmus-tests-riscv/tests/non-mixed-size/RELAX/PodWR/SB+pos-po+pos-po-addrs.litmus
/opt/litmus-tests-riscv/tests/non-mixed-size/RELAX/PodWR/SB+pos-po+pos-po-ctrlfencei.litmus
/opt/litmus-tests-riscv/tests/non-mixed-size/RELAX/PodWR/SB+pos-po+pos-po-ctrlfenceis.litmus
/opt/litmus-tests-riscv/tests/non-mixed-size/RELAX/PodWR/SB+pos-po-addr+pos-po-ctrlfencei.litmus
/opt/litmus-tests-riscv/tests/non-mixed-size/RELAX/PodWR/SB+pos-po-addr+pos-po-ctrlfenceis.litmus
/opt/litmus-tests-riscv/tests/non-mixed-size/RELAX/PodWR/SB+pos-po-addrs+pos-po-addr.litmus
/opt/litmus-tests-riscv/tests/non-mixed-size/RELAX/PodWR/SB+pos-po-addrs+pos-po-ctrlfencei.litmus
/opt/litmus-tests-riscv/tests/non-mixed-size/RELAX/PodWR/SB+pos-po-addrs+pos-po-ctrlfenceis.litmus
/opt/litmus-tests-riscv/tests/non-mixed-size/RELAX/PodWR/SB+pos-po-addrs.litmus
/opt/litmus-tests-riscv/tests/non-mixed-size/RELAX/PodWR/SB+pos-po-addrss.litmus
/opt/litmus-tests-riscv/tests/non-mixed-size/RELAX/PodWR/SB+pos-po-ctrlfenceis+pos-po-ctrlfencei.litmus
/opt/litmus-tests-riscv/tests/non-mixed-size/RELAX/PodWR/SB+pos-po-ctrlfenceis.litmus
/opt/litmus-tests-riscv/tests/non-mixed-size/RELAX/PodWR/SB+pos-po-ctrlfenceiss.litmus
/opt/litmus-tests-riscv/tests/non-mixed-size/RELAX/PodWR/SB+pos-pos.litmus
/opt/litmus-tests-riscv/tests/non-mixed-size/RELAX/PodWR/SB.litmus
/opt/litmus-tests-riscv/tests/non-mixed-size/RELAX/PodWW/2+2W+fence.rw.rw+po.litmus
/opt/litmus-tests-riscv/tests/non-mixed-size/RELAX/PodWW/2+2W+fence.rw.w+po.litmus
/opt/litmus-tests-riscv/tests/non-mixed-size/RELAX/PodWW/2+2W+fence.w.w+po.litmus
/opt/litmus-tests-riscv/tests/non-mixed-size/RELAX/PodWW/2+2W.litmus
/opt/litmus-tests-riscv/tests/non-mixed-size/RELAX/PodWW/MP+po+addr.litmus
/opt/litmus-tests-riscv/tests/non-mixed-size/RELAX/PodWW/MP+po+ctrlfencei.litmus
/opt/litmus-tests-riscv/tests/non-mixed-size/RELAX/PodWW/MP+po+fence.r.rw.litmus
/opt/litmus-tests-riscv/tests/non-mixed-size/RELAX/PodWW/MP+po+fence.rw.rw.litmus
/opt/litmus-tests-riscv/tests/non-mixed-size/RELAX/PodWW/R+po+fence.rw.rw.litmus
/opt/litmus-tests-riscv/tests/non-mixed-size/RELAX/PodWW/S+po+addr.litmus
/opt/litmus-tests-riscv/tests/non-mixed-size/RELAX/PodWW/S+po+ctrl.litmus
/opt/litmus-tests-riscv/tests/non-mixed-size/RELAX/PodWW/S+po+ctrlfencei.litmus
/opt/litmus-tests-riscv/tests/non-mixed-size/RELAX/PodWW/S+po+data.litmus
/opt/litmus-tests-riscv/tests/non-mixed-size/RELAX/PodWW/S+po+fence.r.rw.litmus
/opt/litmus-tests-riscv/tests/non-mixed-size/RELAX/PodWW/S+po+fence.rw.rw.litmus
/opt/litmus-tests-riscv/tests/non-mixed-size/RELAX/PodWW/S+po+fence.rw.w.litmus
/opt/litmus-tests-riscv/tests/non-mixed-size/RELAX/PosWR/R+fence.rw.rw+pos-addr.litmus
/opt/litmus-tests-riscv/tests/non-mixed-size/RELAX/PosWR/R+fence.rw.rw+pos-ctrlfencei.litmus
/opt/litmus-tests-riscv/tests/non-mixed-size/RELAX/PosWR/R+fence.rw.w+pos-addr.litmus
/opt/litmus-tests-riscv/tests/non-mixed-size/RELAX/PosWR/R+fence.rw.w+pos-ctrlfencei.litmus
/opt/litmus-tests-riscv/tests/non-mixed-size/RELAX/PosWR/R+fence.w.w+pos-addr.litmus
/opt/litmus-tests-riscv/tests/non-mixed-size/RELAX/PosWR/R+fence.w.w+pos-ctrlfencei.litmus
/opt/litmus-tests-riscv/tests/non-mixed-size/RELAX/PosWR/SB+fence.rw.rw+pos-addr.litmus
/opt/litmus-tests-riscv/tests/non-mixed-size/RELAX/PosWR/SB+fence.rw.rw+pos-ctrlfencei.litmus
/opt/litmus-tests-riscv/tests/non-mixed-size/RELAX/PosWR/SB+fence.rw.rw+pos-pos-addr.litmus
/opt/litmus-tests-riscv/tests/non-mixed-size/RELAX/PosWR/SB+fence.rw.rw+pos-pos-ctrlfencei.litmus
/opt/litmus-tests-riscv/tests/non-mixed-size/RELAX/PosWR/SB+pos-addr+pos-ctrlfencei.litmus
/opt/litmus-tests-riscv/tests/non-mixed-size/RELAX/PosWR/SB+pos-addr+pos-pos-addr.litmus
/opt/litmus-tests-riscv/tests/non-mixed-size/RELAX/PosWR/SB+pos-addr+pos-pos-ctrlfencei.litmus
/opt/litmus-tests-riscv/tests/non-mixed-size/RELAX/PosWR/SB+pos-addrs.litmus
/opt/litmus-tests-riscv/tests/non-mixed-size/RELAX/PosWR/SB+pos-ctrlfencei+pos-pos-addr.litmus
/opt/litmus-tests-riscv/tests/non-mixed-size/RELAX/PosWR/SB+pos-ctrlfencei+pos-pos-ctrlfencei.litmus
/opt/litmus-tests-riscv/tests/non-mixed-size/RELAX/PosWR/SB+pos-ctrlfenceis.litmus
/opt/litmus-tests-riscv/tests/non-mixed-size/RELAX/PosWR/SB+pos-pos-addr+pos-pos-ctrlfencei.litmus
/opt/litmus-tests-riscv/tests/non-mixed-size/RELAX/PosWR/SB+pos-pos-addrs.litmus
/opt/litmus-tests-riscv/tests/non-mixed-size/RELAX/PosWR/SB+pos-pos-ctrlfenceis.litmus
/opt/litmus-tests-riscv/tests/non-mixed-size/RELAX/Rfi/2+2W+fence.rw.rw+rfi-addr.litmus
/opt/litmus-tests-riscv/tests/non-mixed-size/RELAX/Rfi/2+2W+fence.rw.rw+rfi-ctrl.litmus
/opt/litmus-tests-riscv/tests/non-mixed-size/RELAX/Rfi/2+2W+fence.rw.rw+rfi-ctrlfencei.litmus
/opt/litmus-tests-riscv/tests/non-mixed-size/RELAX/Rfi/2+2W+fence.rw.rw+rfi-data.litmus
/opt/litmus-tests-riscv/tests/non-mixed-size/RELAX/Rfi/2+2W+fence.rw.w+rfi-addr.litmus
/opt/litmus-tests-riscv/tests/non-mixed-size/RELAX/Rfi/2+2W+fence.rw.w+rfi-ctrl.litmus
/opt/litmus-tests-riscv/tests/non-mixed-size/RELAX/Rfi/2+2W+fence.rw.w+rfi-ctrlfencei.litmus
/opt/litmus-tests-riscv/tests/non-mixed-size/RELAX/Rfi/2+2W+fence.rw.w+rfi-data.litmus
/opt/litmus-tests-riscv/tests/non-mixed-size/RELAX/Rfi/2+2W+fence.w.w+rfi-addr.litmus
/opt/litmus-tests-riscv/tests/non-mixed-size/RELAX/Rfi/2+2W+fence.w.w+rfi-ctrl.litmus
/opt/litmus-tests-riscv/tests/non-mixed-size/RELAX/Rfi/2+2W+fence.w.w+rfi-ctrlfencei.litmus
/opt/litmus-tests-riscv/tests/non-mixed-size/RELAX/Rfi/2+2W+fence.w.w+rfi-data.litmus
/opt/litmus-tests-riscv/tests/non-mixed-size/RELAX/Rfi/2+2W+rfi-addr+rfi-ctrl.litmus
/opt/litmus-tests-riscv/tests/non-mixed-size/RELAX/Rfi/2+2W+rfi-addr+rfi-ctrlfencei.litmus
/opt/litmus-tests-riscv/tests/non-mixed-size/RELAX/Rfi/2+2W+rfi-addr+rfi-data.litmus
/opt/litmus-tests-riscv/tests/non-mixed-size/RELAX/Rfi/2+2W+rfi-addrs.litmus
/opt/litmus-tests-riscv/tests/non-mixed-size/RELAX/Rfi/2+2W+rfi-ctrl+rfi-ctrlfencei.litmus
/opt/litmus-tests-riscv/tests/non-mixed-size/RELAX/Rfi/2+2W+rfi-ctrlfenceis.litmus
/opt/litmus-tests-riscv/tests/non-mixed-size/RELAX/Rfi/2+2W+rfi-ctrls.litmus
/opt/litmus-tests-riscv/tests/non-mixed-size/RELAX/Rfi/2+2W+rfi-data+rfi-ctrl.litmus
/opt/litmus-tests-riscv/tests/non-mixed-size/RELAX/Rfi/2+2W+rfi-data+rfi-ctrlfencei.litmus
/opt/litmus-tests-riscv/tests/non-mixed-size/RELAX/Rfi/2+2W+rfi-datas.litmus
/opt/litmus-tests-riscv/tests/non-mixed-size/RELAX/Rfi/LB+addr+addr-rfi-addr.litmus
/opt/litmus-tests-riscv/tests/non-mixed-size/RELAX/Rfi/LB+addr+addr-rfi-ctrl.litmus
/opt/litmus-tests-riscv/tests/non-mixed-size/RELAX/Rfi/LB+addr+addr-rfi-ctrlfencei.litmus
/opt/litmus-tests-riscv/tests/non-mixed-size/RELAX/Rfi/LB+addr+addr-rfi-data.litmus
/opt/litmus-tests-riscv/tests/non-mixed-size/RELAX/Rfi/LB+addr+ctrl-rfi-addr.litmus
/opt/litmus-tests-riscv/tests/non-mixed-size/RELAX/Rfi/LB+addr+ctrl-rfi-ctrl.litmus
/opt/litmus-tests-riscv/tests/non-mixed-size/RELAX/Rfi/LB+addr+ctrl-rfi-ctrlfencei.litmus
/opt/litmus-tests-riscv/tests/non-mixed-size/RELAX/Rfi/LB+addr+ctrl-rfi-data.litmus
/opt/litmus-tests-riscv/tests/non-mixed-size/RELAX/Rfi/LB+addr+ctrlfencei-rfi-addr.litmus
/opt/litmus-tests-riscv/tests/non-mixed-size/RELAX/Rfi/LB+addr+ctrlfencei-rfi-ctrl.litmus
/opt/litmus-tests-riscv/tests/non-mixed-size/RELAX/Rfi/LB+addr+ctrlfencei-rfi-ctrlfencei.litmus
/opt/litmus-tests-riscv/tests/non-mixed-size/RELAX/Rfi/LB+addr+ctrlfencei-rfi-data.litmus
/opt/litmus-tests-riscv/tests/non-mixed-size/RELAX/Rfi/LB+addr+data-rfi-addr.litmus
/opt/litmus-tests-riscv/tests/non-mixed-size/RELAX/Rfi/LB+addr+data-rfi-ctrl.litmus
/opt/litmus-tests-riscv/tests/non-mixed-size/RELAX/Rfi/LB+addr+data-rfi-ctrlfencei.litmus
/opt/litmus-tests-riscv/tests/non-mixed-size/RELAX/Rfi/LB+addr+data-rfi-data.litmus
/opt/litmus-tests-riscv/tests/non-mixed-size/RELAX/Rfi/LB+addr-rfi-addr+addr-rfi-ctrl.litmus
/opt/litmus-tests-riscv/tests/non-mixed-size/RELAX/Rfi/LB+addr-rfi-addr+addr-rfi-ctrlfencei.litmus
/opt/litmus-tests-riscv/tests/non-mixed-size/RELAX/Rfi/LB+addr-rfi-addr+addr-rfi-data.litmus
/opt/litmus-tests-riscv/tests/non-mixed-size/RELAX/Rfi/LB+addr-rfi-addr+ctrl-rfi-addr.litmus
/opt/litmus-tests-riscv/tests/non-mixed-size/RELAX/Rfi/LB+addr-rfi-addr+ctrl-rfi-ctrl.litmus
/opt/litmus-tests-riscv/tests/non-mixed-size/RELAX/Rfi/LB+addr-rfi-addr+ctrl-rfi-ctrlfencei.litmus
/opt/litmus-tests-riscv/tests/non-mixed-size/RELAX/Rfi/LB+addr-rfi-addr+ctrl-rfi-data.litmus
/opt/litmus-tests-riscv/tests/non-mixed-size/RELAX/Rfi/LB+addr-rfi-addr+ctrlfencei-rfi-addr.litmus
/opt/litmus-tests-riscv/tests/non-mixed-size/RELAX/Rfi/LB+addr-rfi-addr+ctrlfencei-rfi-ctrl.litmus
/opt/litmus-tests-riscv/tests/non-mixed-size/RELAX/Rfi/LB+addr-rfi-addr+ctrlfencei-rfi-ctrlfencei.litmus
/opt/litmus-tests-riscv/tests/non-mixed-size/RELAX/Rfi/LB+addr-rfi-addr+ctrlfencei-rfi-data.litmus
/opt/litmus-tests-riscv/tests/non-mixed-size/RELAX/Rfi/LB+addr-rfi-addr+data-rfi-addr.litmus
/opt/litmus-tests-riscv/tests/non-mixed-size/RELAX/Rfi/LB+addr-rfi-addr+data-rfi-ctrl.litmus
/opt/litmus-tests-riscv/tests/non-mixed-size/RELAX/Rfi/LB+addr-rfi-addr+data-rfi-ctrlfencei.litmus
/opt/litmus-tests-riscv/tests/non-mixed-size/RELAX/Rfi/LB+addr-rfi-addr+data-rfi-data.litmus
/opt/litmus-tests-riscv/tests/non-mixed-size/RELAX/Rfi/LB+addr-rfi-addrs.litmus
/opt/litmus-tests-riscv/tests/non-mixed-size/RELAX/Rfi/LB+addr-rfi-ctrl+addr-rfi-ctrlfencei.litmus
/opt/litmus-tests-riscv/tests/non-mixed-size/RELAX/Rfi/LB+addr-rfi-ctrl+ctrl-rfi-addr.litmus
/opt/litmus-tests-riscv/tests/non-mixed-size/RELAX/Rfi/LB+addr-rfi-ctrl+ctrl-rfi-ctrl.litmus
/opt/litmus-tests-riscv/tests/non-mixed-size/RELAX/Rfi/LB+addr-rfi-ctrl+ctrl-rfi-ctrlfencei.litmus
/opt/litmus-tests-riscv/tests/non-mixed-size/RELAX/Rfi/LB+addr-rfi-ctrl+ctrl-rfi-data.litmus
/opt/litmus-tests-riscv/tests/non-mixed-size/RELAX/Rfi/LB+addr-rfi-ctrl+ctrlfencei-rfi-addr.litmus
/opt/litmus-tests-riscv/tests/non-mixed-size/RELAX/Rfi/LB+addr-rfi-ctrl+ctrlfencei-rfi-ctrl.litmus
/opt/litmus-tests-riscv/tests/non-mixed-size/RELAX/Rfi/LB+addr-rfi-ctrl+ctrlfencei-rfi-ctrlfencei.litmus
/opt/litmus-tests-riscv/tests/non-mixed-size/RELAX/Rfi/LB+addr-rfi-ctrl+ctrlfencei-rfi-data.litmus
/opt/litmus-tests-riscv/tests/non-mixed-size/RELAX/Rfi/LB+addr-rfi-ctrl+data-rfi-addr.litmus
/opt/litmus-tests-riscv/tests/non-mixed-size/RELAX/Rfi/LB+addr-rfi-ctrl+data-rfi-ctrl.litmus
/opt/litmus-tests-riscv/tests/non-mixed-size/RELAX/Rfi/LB+addr-rfi-ctrl+data-rfi-ctrlfencei.litmus
/opt/litmus-tests-riscv/tests/non-mixed-size/RELAX/Rfi/LB+addr-rfi-ctrl+data-rfi-data.litmus
/opt/litmus-tests-riscv/tests/non-mixed-size/RELAX/Rfi/LB+addr-rfi-ctrlfencei+ctrl-rfi-addr.litmus
/opt/litmus-tests-riscv/tests/non-mixed-size/RELAX/Rfi/LB+addr-rfi-ctrlfencei+ctrl-rfi-ctrl.litmus
/opt/litmus-tests-riscv/tests/non-mixed-size/RELAX/Rfi/LB+addr-rfi-ctrlfencei+ctrl-rfi-ctrlfencei.litmus
/opt/litmus-tests-riscv/tests/non-mixed-size/RELAX/Rfi/LB+addr-rfi-ctrlfencei+ctrl-rfi-data.litmus
/opt/litmus-tests-riscv/tests/non-mixed-size/RELAX/Rfi/LB+addr-rfi-ctrlfencei+ctrlfencei-rfi-addr.litmus
/opt/litmus-tests-riscv/tests/non-mixed-size/RELAX/Rfi/LB+addr-rfi-ctrlfencei+ctrlfencei-rfi-ctrl.litmus
/opt/litmus-tests-riscv/tests/non-mixed-size/RELAX/Rfi/LB+addr-rfi-ctrlfencei+ctrlfencei-rfi-ctrlfencei.litmus
/opt/litmus-tests-riscv/tests/non-mixed-size/RELAX/Rfi/LB+addr-rfi-ctrlfencei+ctrlfencei-rfi-data.litmus
/opt/litmus-tests-riscv/tests/non-mixed-size/RELAX/Rfi/LB+addr-rfi-ctrlfencei+data-rfi-addr.litmus
/opt/litmus-tests-riscv/tests/non-mixed-size/RELAX/Rfi/LB+addr-rfi-ctrlfencei+data-rfi-ctrl.litmus
/opt/litmus-tests-riscv/tests/non-mixed-size/RELAX/Rfi/LB+addr-rfi-ctrlfencei+data-rfi-ctrlfencei.litmus
/opt/litmus-tests-riscv/tests/non-mixed-size/RELAX/Rfi/LB+addr-rfi-ctrlfencei+data-rfi-data.litmus
/opt/litmus-tests-riscv/tests/non-mixed-size/RELAX/Rfi/LB+addr-rfi-ctrlfenceis.litmus
/opt/litmus-tests-riscv/tests/non-mixed-size/RELAX/Rfi/LB+addr-rfi-ctrls.litmus
/opt/litmus-tests-riscv/tests/non-mixed-size/RELAX/Rfi/LB+addr-rfi-data+addr-rfi-ctrl.litmus
/opt/litmus-tests-riscv/tests/non-mixed-size/RELAX/Rfi/LB+addr-rfi-data+addr-rfi-ctrlfencei.litmus
/opt/litmus-tests-riscv/tests/non-mixed-size/RELAX/Rfi/LB+addr-rfi-data+ctrl-rfi-addr.litmus
/opt/litmus-tests-riscv/tests/non-mixed-size/RELAX/Rfi/LB+addr-rfi-data+ctrl-rfi-ctrl.litmus
/opt/litmus-tests-riscv/tests/non-mixed-size/RELAX/Rfi/LB+addr-rfi-data+ctrl-rfi-ctrlfencei.litmus
/opt/litmus-tests-riscv/tests/non-mixed-size/RELAX/Rfi/LB+addr-rfi-data+ctrl-rfi-data.litmus
/opt/litmus-tests-riscv/tests/non-mixed-size/RELAX/Rfi/LB+addr-rfi-data+ctrlfencei-rfi-addr.litmus
/opt/litmus-tests-riscv/tests/non-mixed-size/RELAX/Rfi/LB+addr-rfi-data+ctrlfencei-rfi-ctrl.litmus
/opt/litmus-tests-riscv/tests/non-mixed-size/RELAX/Rfi/LB+addr-rfi-data+ctrlfencei-rfi-ctrlfencei.litmus
/opt/litmus-tests-riscv/tests/non-mixed-size/RELAX/Rfi/LB+addr-rfi-data+ctrlfencei-rfi-data.litmus
/opt/litmus-tests-riscv/tests/non-mixed-size/RELAX/Rfi/LB+addr-rfi-data+data-rfi-addr.litmus
/opt/litmus-tests-riscv/tests/non-mixed-size/RELAX/Rfi/LB+addr-rfi-data+data-rfi-ctrl.litmus
/opt/litmus-tests-riscv/tests/non-mixed-size/RELAX/Rfi/LB+addr-rfi-data+data-rfi-ctrlfencei.litmus
/opt/litmus-tests-riscv/tests/non-mixed-size/RELAX/Rfi/LB+addr-rfi-data+data-rfi-data.litmus
/opt/litmus-tests-riscv/tests/non-mixed-size/RELAX/Rfi/LB+addr-rfi-datas.litmus
/opt/litmus-tests-riscv/tests/non-mixed-size/RELAX/Rfi/LB+ctrl+addr-rfi-addr.litmus
/opt/litmus-tests-riscv/tests/non-mixed-size/RELAX/Rfi/LB+ctrl+addr-rfi-ctrl.litmus
/opt/litmus-tests-riscv/tests/non-mixed-size/RELAX/Rfi/LB+ctrl+addr-rfi-ctrlfencei.litmus
/opt/litmus-tests-riscv/tests/non-mixed-size/RELAX/Rfi/LB+ctrl+addr-rfi-data.litmus
/opt/litmus-tests-riscv/tests/non-mixed-size/RELAX/Rfi/LB+ctrl+ctrl-rfi-addr.litmus
/opt/litmus-tests-riscv/tests/non-mixed-size/RELAX/Rfi/LB+ctrl+ctrl-rfi-ctrl.litmus
/opt/litmus-tests-riscv/tests/non-mixed-size/RELAX/Rfi/LB+ctrl+ctrl-rfi-ctrlfencei.litmus
/opt/litmus-tests-riscv/tests/non-mixed-size/RELAX/Rfi/LB+ctrl+ctrl-rfi-data.litmus
/opt/litmus-tests-riscv/tests/non-mixed-size/RELAX/Rfi/LB+ctrl+ctrlfencei-rfi-addr.litmus
/opt/litmus-tests-riscv/tests/non-mixed-size/RELAX/Rfi/LB+ctrl+ctrlfencei-rfi-ctrl.litmus
/opt/litmus-tests-riscv/tests/non-mixed-size/RELAX/Rfi/LB+ctrl+ctrlfencei-rfi-ctrlfencei.litmus
/opt/litmus-tests-riscv/tests/non-mixed-size/RELAX/Rfi/LB+ctrl+ctrlfencei-rfi-data.litmus
/opt/litmus-tests-riscv/tests/non-mixed-size/RELAX/Rfi/LB+ctrl+data-rfi-addr.litmus
/opt/litmus-tests-riscv/tests/non-mixed-size/RELAX/Rfi/LB+ctrl+data-rfi-ctrl.litmus
/opt/litmus-tests-riscv/tests/non-mixed-size/RELAX/Rfi/LB+ctrl+data-rfi-ctrlfencei.litmus
/opt/litmus-tests-riscv/tests/non-mixed-size/RELAX/Rfi/LB+ctrl+data-rfi-data.litmus
/opt/litmus-tests-riscv/tests/non-mixed-size/RELAX/Rfi/LB+ctrl-rfi-addr+ctrl-rfi-ctrl.litmus
/opt/litmus-tests-riscv/tests/non-mixed-size/RELAX/Rfi/LB+ctrl-rfi-addr+ctrl-rfi-ctrlfencei.litmus
/opt/litmus-tests-riscv/tests/non-mixed-size/RELAX/Rfi/LB+ctrl-rfi-addr+ctrl-rfi-data.litmus
/opt/litmus-tests-riscv/tests/non-mixed-size/RELAX/Rfi/LB+ctrl-rfi-addr+ctrlfencei-rfi-addr.litmus
/opt/litmus-tests-riscv/tests/non-mixed-size/RELAX/Rfi/LB+ctrl-rfi-addr+ctrlfencei-rfi-ctrl.litmus
/opt/litmus-tests-riscv/tests/non-mixed-size/RELAX/Rfi/LB+ctrl-rfi-addr+ctrlfencei-rfi-ctrlfencei.litmus
/opt/litmus-tests-riscv/tests/non-mixed-size/RELAX/Rfi/LB+ctrl-rfi-addr+ctrlfencei-rfi-data.litmus
/opt/litmus-tests-riscv/tests/non-mixed-size/RELAX/Rfi/LB+ctrl-rfi-addrs.litmus
/opt/litmus-tests-riscv/tests/non-mixed-size/RELAX/Rfi/LB+ctrl-rfi-ctrl+ctrl-rfi-ctrlfencei.litmus
/opt/litmus-tests-riscv/tests/non-mixed-size/RELAX/Rfi/LB+ctrl-rfi-ctrl+ctrlfencei-rfi-addr.litmus
/opt/litmus-tests-riscv/tests/non-mixed-size/RELAX/Rfi/LB+ctrl-rfi-ctrl+ctrlfencei-rfi-ctrl.litmus
/opt/litmus-tests-riscv/tests/non-mixed-size/RELAX/Rfi/LB+ctrl-rfi-ctrl+ctrlfencei-rfi-ctrlfencei.litmus
/opt/litmus-tests-riscv/tests/non-mixed-size/RELAX/Rfi/LB+ctrl-rfi-ctrl+ctrlfencei-rfi-data.litmus
/opt/litmus-tests-riscv/tests/non-mixed-size/RELAX/Rfi/LB+ctrl-rfi-ctrlfencei+ctrlfencei-rfi-addr.litmus
/opt/litmus-tests-riscv/tests/non-mixed-size/RELAX/Rfi/LB+ctrl-rfi-ctrlfencei+ctrlfencei-rfi-ctrl.litmus
/opt/litmus-tests-riscv/tests/non-mixed-size/RELAX/Rfi/LB+ctrl-rfi-ctrlfencei+ctrlfencei-rfi-ctrlfencei.litmus
/opt/litmus-tests-riscv/tests/non-mixed-size/RELAX/Rfi/LB+ctrl-rfi-ctrlfencei+ctrlfencei-rfi-data.litmus
/opt/litmus-tests-riscv/tests/non-mixed-size/RELAX/Rfi/LB+ctrl-rfi-ctrlfenceis.litmus
/opt/litmus-tests-riscv/tests/non-mixed-size/RELAX/Rfi/LB+ctrl-rfi-ctrls.litmus
/opt/litmus-tests-riscv/tests/non-mixed-size/RELAX/Rfi/LB+ctrl-rfi-data+ctrl-rfi-ctrl.litmus
/opt/litmus-tests-riscv/tests/non-mixed-size/RELAX/Rfi/LB+ctrl-rfi-data+ctrl-rfi-ctrlfencei.litmus
/opt/litmus-tests-riscv/tests/non-mixed-size/RELAX/Rfi/LB+ctrl-rfi-data+ctrlfencei-rfi-addr.litmus
/opt/litmus-tests-riscv/tests/non-mixed-size/RELAX/Rfi/LB+ctrl-rfi-data+ctrlfencei-rfi-ctrl.litmus
/opt/litmus-tests-riscv/tests/non-mixed-size/RELAX/Rfi/LB+ctrl-rfi-data+ctrlfencei-rfi-ctrlfencei.litmus
/opt/litmus-tests-riscv/tests/non-mixed-size/RELAX/Rfi/LB+ctrl-rfi-data+ctrlfencei-rfi-data.litmus
/opt/litmus-tests-riscv/tests/non-mixed-size/RELAX/Rfi/LB+ctrl-rfi-datas.litmus
/opt/litmus-tests-riscv/tests/non-mixed-size/RELAX/Rfi/LB+ctrlfencei+addr-rfi-addr.litmus
/opt/litmus-tests-riscv/tests/non-mixed-size/RELAX/Rfi/LB+ctrlfencei+addr-rfi-ctrl.litmus
/opt/litmus-tests-riscv/tests/non-mixed-size/RELAX/Rfi/LB+ctrlfencei+addr-rfi-ctrlfencei.litmus
/opt/litmus-tests-riscv/tests/non-mixed-size/RELAX/Rfi/LB+ctrlfencei+addr-rfi-data.litmus
/opt/litmus-tests-riscv/tests/non-mixed-size/RELAX/Rfi/LB+ctrlfencei+ctrl-rfi-addr.litmus
/opt/litmus-tests-riscv/tests/non-mixed-size/RELAX/Rfi/LB+ctrlfencei+ctrl-rfi-ctrl.litmus
/opt/litmus-tests-riscv/tests/non-mixed-size/RELAX/Rfi/LB+ctrlfencei+ctrl-rfi-ctrlfencei.litmus
/opt/litmus-tests-riscv/tests/non-mixed-size/RELAX/Rfi/LB+ctrlfencei+ctrl-rfi-data.litmus
/opt/litmus-tests-riscv/tests/non-mixed-size/RELAX/Rfi/LB+ctrlfencei+ctrlfencei-rfi-addr.litmus
/opt/litmus-tests-riscv/tests/non-mixed-size/RELAX/Rfi/LB+ctrlfencei+ctrlfencei-rfi-ctrl.litmus
/opt/litmus-tests-riscv/tests/non-mixed-size/RELAX/Rfi/LB+ctrlfencei+ctrlfencei-rfi-ctrlfencei.litmus
/opt/litmus-tests-riscv/tests/non-mixed-size/RELAX/Rfi/LB+ctrlfencei+ctrlfencei-rfi-data.litmus
/opt/litmus-tests-riscv/tests/non-mixed-size/RELAX/Rfi/LB+ctrlfencei+data-rfi-addr.litmus
/opt/litmus-tests-riscv/tests/non-mixed-size/RELAX/Rfi/LB+ctrlfencei+data-rfi-ctrl.litmus
/opt/litmus-tests-riscv/tests/non-mixed-size/RELAX/Rfi/LB+ctrlfencei+data-rfi-ctrlfencei.litmus
/opt/litmus-tests-riscv/tests/non-mixed-size/RELAX/Rfi/LB+ctrlfencei+data-rfi-data.litmus
/opt/litmus-tests-riscv/tests/non-mixed-size/RELAX/Rfi/LB+ctrlfencei-rfi-addr+ctrlfencei-rfi-ctrl.litmus
/opt/litmus-tests-riscv/tests/non-mixed-size/RELAX/Rfi/LB+ctrlfencei-rfi-addr+ctrlfencei-rfi-ctrlfencei.litmus
/opt/litmus-tests-riscv/tests/non-mixed-size/RELAX/Rfi/LB+ctrlfencei-rfi-addr+ctrlfencei-rfi-data.litmus
/opt/litmus-tests-riscv/tests/non-mixed-size/RELAX/Rfi/LB+ctrlfencei-rfi-addrs.litmus
/opt/litmus-tests-riscv/tests/non-mixed-size/RELAX/Rfi/LB+ctrlfencei-rfi-ctrl+ctrlfencei-rfi-ctrlfencei.litmus
/opt/litmus-tests-riscv/tests/non-mixed-size/RELAX/Rfi/LB+ctrlfencei-rfi-ctrlfenceis.litmus
/opt/litmus-tests-riscv/tests/non-mixed-size/RELAX/Rfi/LB+ctrlfencei-rfi-ctrls.litmus
/opt/litmus-tests-riscv/tests/non-mixed-size/RELAX/Rfi/LB+ctrlfencei-rfi-data+ctrlfencei-rfi-ctrl.litmus
/opt/litmus-tests-riscv/tests/non-mixed-size/RELAX/Rfi/LB+ctrlfencei-rfi-data+ctrlfencei-rfi-ctrlfencei.litmus
/opt/litmus-tests-riscv/tests/non-mixed-size/RELAX/Rfi/LB+ctrlfencei-rfi-datas.litmus
/opt/litmus-tests-riscv/tests/non-mixed-size/RELAX/Rfi/LB+data+addr-rfi-addr.litmus
/opt/litmus-tests-riscv/tests/non-mixed-size/RELAX/Rfi/LB+data+addr-rfi-ctrl.litmus
/opt/litmus-tests-riscv/tests/non-mixed-size/RELAX/Rfi/LB+data+addr-rfi-ctrlfencei.litmus
/opt/litmus-tests-riscv/tests/non-mixed-size/RELAX/Rfi/LB+data+addr-rfi-data.litmus
/opt/litmus-tests-riscv/tests/non-mixed-size/RELAX/Rfi/LB+data+ctrl-rfi-addr.litmus
/opt/litmus-tests-riscv/tests/non-mixed-size/RELAX/Rfi/LB+data+ctrl-rfi-ctrl.litmus
/opt/litmus-tests-riscv/tests/non-mixed-size/RELAX/Rfi/LB+data+ctrl-rfi-ctrlfencei.litmus
/opt/litmus-tests-riscv/tests/non-mixed-size/RELAX/Rfi/LB+data+ctrl-rfi-data.litmus
/opt/litmus-tests-riscv/tests/non-mixed-size/RELAX/Rfi/LB+data+ctrlfencei-rfi-addr.litmus
/opt/litmus-tests-riscv/tests/non-mixed-size/RELAX/Rfi/LB+data+ctrlfencei-rfi-ctrl.litmus
/opt/litmus-tests-riscv/tests/non-mixed-size/RELAX/Rfi/LB+data+ctrlfencei-rfi-ctrlfencei.litmus
/opt/litmus-tests-riscv/tests/non-mixed-size/RELAX/Rfi/LB+data+ctrlfencei-rfi-data.litmus
/opt/litmus-tests-riscv/tests/non-mixed-size/RELAX/Rfi/LB+data+data-rfi-addr.litmus
/opt/litmus-tests-riscv/tests/non-mixed-size/RELAX/Rfi/LB+data+data-rfi-ctrl.litmus
/opt/litmus-tests-riscv/tests/non-mixed-size/RELAX/Rfi/LB+data+data-rfi-ctrlfencei.litmus
/opt/litmus-tests-riscv/tests/non-mixed-size/RELAX/Rfi/LB+data+data-rfi-data.litmus
/opt/litmus-tests-riscv/tests/non-mixed-size/RELAX/Rfi/LB+data-rfi-addr+ctrl-rfi-addr.litmus
/opt/litmus-tests-riscv/tests/non-mixed-size/RELAX/Rfi/LB+data-rfi-addr+ctrl-rfi-ctrl.litmus
/opt/litmus-tests-riscv/tests/non-mixed-size/RELAX/Rfi/LB+data-rfi-addr+ctrl-rfi-ctrlfencei.litmus
/opt/litmus-tests-riscv/tests/non-mixed-size/RELAX/Rfi/LB+data-rfi-addr+ctrl-rfi-data.litmus
/opt/litmus-tests-riscv/tests/non-mixed-size/RELAX/Rfi/LB+data-rfi-addr+ctrlfencei-rfi-addr.litmus
/opt/litmus-tests-riscv/tests/non-mixed-size/RELAX/Rfi/LB+data-rfi-addr+ctrlfencei-rfi-ctrl.litmus
/opt/litmus-tests-riscv/tests/non-mixed-size/RELAX/Rfi/LB+data-rfi-addr+ctrlfencei-rfi-ctrlfencei.litmus
/opt/litmus-tests-riscv/tests/non-mixed-size/RELAX/Rfi/LB+data-rfi-addr+ctrlfencei-rfi-data.litmus
/opt/litmus-tests-riscv/tests/non-mixed-size/RELAX/Rfi/LB+data-rfi-addr+data-rfi-ctrl.litmus
/opt/litmus-tests-riscv/tests/non-mixed-size/RELAX/Rfi/LB+data-rfi-addr+data-rfi-ctrlfencei.litmus
/opt/litmus-tests-riscv/tests/non-mixed-size/RELAX/Rfi/LB+data-rfi-addr+data-rfi-data.litmus
/opt/litmus-tests-riscv/tests/non-mixed-size/RELAX/Rfi/LB+data-rfi-addrs.litmus
/opt/litmus-tests-riscv/tests/non-mixed-size/RELAX/Rfi/LB+data-rfi-ctrl+ctrl-rfi-addr.litmus
/opt/litmus-tests-riscv/tests/non-mixed-size/RELAX/Rfi/LB+data-rfi-ctrl+ctrl-rfi-ctrl.litmus
/opt/litmus-tests-riscv/tests/non-mixed-size/RELAX/Rfi/LB+data-rfi-ctrl+ctrl-rfi-ctrlfencei.litmus
/opt/litmus-tests-riscv/tests/non-mixed-size/RELAX/Rfi/LB+data-rfi-ctrl+ctrl-rfi-data.litmus
/opt/litmus-tests-riscv/tests/non-mixed-size/RELAX/Rfi/LB+data-rfi-ctrl+ctrlfencei-rfi-addr.litmus
/opt/litmus-tests-riscv/tests/non-mixed-size/RELAX/Rfi/LB+data-rfi-ctrl+ctrlfencei-rfi-ctrl.litmus
/opt/litmus-tests-riscv/tests/non-mixed-size/RELAX/Rfi/LB+data-rfi-ctrl+ctrlfencei-rfi-ctrlfencei.litmus
/opt/litmus-tests-riscv/tests/non-mixed-size/RELAX/Rfi/LB+data-rfi-ctrl+ctrlfencei-rfi-data.litmus
/opt/litmus-tests-riscv/tests/non-mixed-size/RELAX/Rfi/LB+data-rfi-ctrl+data-rfi-ctrlfencei.litmus
/opt/litmus-tests-riscv/tests/non-mixed-size/RELAX/Rfi/LB+data-rfi-ctrlfencei+ctrl-rfi-addr.litmus
/opt/litmus-tests-riscv/tests/non-mixed-size/RELAX/Rfi/LB+data-rfi-ctrlfencei+ctrl-rfi-ctrl.litmus
/opt/litmus-tests-riscv/tests/non-mixed-size/RELAX/Rfi/LB+data-rfi-ctrlfencei+ctrl-rfi-ctrlfencei.litmus
/opt/litmus-tests-riscv/tests/non-mixed-size/RELAX/Rfi/LB+data-rfi-ctrlfencei+ctrl-rfi-data.litmus
/opt/litmus-tests-riscv/tests/non-mixed-size/RELAX/Rfi/LB+data-rfi-ctrlfencei+ctrlfencei-rfi-addr.litmus
/opt/litmus-tests-riscv/tests/non-mixed-size/RELAX/Rfi/LB+data-rfi-ctrlfencei+ctrlfencei-rfi-ctrl.litmus
/opt/litmus-tests-riscv/tests/non-mixed-size/RELAX/Rfi/LB+data-rfi-ctrlfencei+ctrlfencei-rfi-ctrlfencei.litmus
/opt/litmus-tests-riscv/tests/non-mixed-size/RELAX/Rfi/LB+data-rfi-ctrlfencei+ctrlfencei-rfi-data.litmus
/opt/litmus-tests-riscv/tests/non-mixed-size/RELAX/Rfi/LB+data-rfi-ctrlfenceis.litmus
/opt/litmus-tests-riscv/tests/non-mixed-size/RELAX/Rfi/LB+data-rfi-ctrls.litmus
/opt/litmus-tests-riscv/tests/non-mixed-size/RELAX/Rfi/LB+data-rfi-data+ctrl-rfi-addr.litmus
/opt/litmus-tests-riscv/tests/non-mixed-size/RELAX/Rfi/LB+data-rfi-data+ctrl-rfi-ctrl.litmus
/opt/litmus-tests-riscv/tests/non-mixed-size/RELAX/Rfi/LB+data-rfi-data+ctrl-rfi-ctrlfencei.litmus
/opt/litmus-tests-riscv/tests/non-mixed-size/RELAX/Rfi/LB+data-rfi-data+ctrl-rfi-data.litmus
/opt/litmus-tests-riscv/tests/non-mixed-size/RELAX/Rfi/LB+data-rfi-data+ctrlfencei-rfi-addr.litmus
/opt/litmus-tests-riscv/tests/non-mixed-size/RELAX/Rfi/LB+data-rfi-data+ctrlfencei-rfi-ctrl.litmus
/opt/litmus-tests-riscv/tests/non-mixed-size/RELAX/Rfi/LB+data-rfi-data+ctrlfencei-rfi-ctrlfencei.litmus
/opt/litmus-tests-riscv/tests/non-mixed-size/RELAX/Rfi/LB+data-rfi-data+ctrlfencei-rfi-data.litmus
/opt/litmus-tests-riscv/tests/non-mixed-size/RELAX/Rfi/LB+data-rfi-data+data-rfi-ctrl.litmus
/opt/litmus-tests-riscv/tests/non-mixed-size/RELAX/Rfi/LB+data-rfi-data+data-rfi-ctrlfencei.litmus
/opt/litmus-tests-riscv/tests/non-mixed-size/RELAX/Rfi/LB+data-rfi-datas.litmus
/opt/litmus-tests-riscv/tests/non-mixed-size/RELAX/Rfi/LB+fence.r.rw+addr-rfi-addr.litmus
/opt/litmus-tests-riscv/tests/non-mixed-size/RELAX/Rfi/LB+fence.r.rw+addr-rfi-ctrl.litmus
/opt/litmus-tests-riscv/tests/non-mixed-size/RELAX/Rfi/LB+fence.r.rw+addr-rfi-ctrlfencei.litmus
/opt/litmus-tests-riscv/tests/non-mixed-size/RELAX/Rfi/LB+fence.r.rw+addr-rfi-data.litmus
/opt/litmus-tests-riscv/tests/non-mixed-size/RELAX/Rfi/LB+fence.r.rw+ctrl-rfi-addr.litmus
/opt/litmus-tests-riscv/tests/non-mixed-size/RELAX/Rfi/LB+fence.r.rw+ctrl-rfi-ctrl.litmus
/opt/litmus-tests-riscv/tests/non-mixed-size/RELAX/Rfi/LB+fence.r.rw+ctrl-rfi-ctrlfencei.litmus
/opt/litmus-tests-riscv/tests/non-mixed-size/RELAX/Rfi/LB+fence.r.rw+ctrl-rfi-data.litmus
/opt/litmus-tests-riscv/tests/non-mixed-size/RELAX/Rfi/LB+fence.r.rw+ctrlfencei-rfi-addr.litmus
/opt/litmus-tests-riscv/tests/non-mixed-size/RELAX/Rfi/LB+fence.r.rw+ctrlfencei-rfi-ctrl.litmus
/opt/litmus-tests-riscv/tests/non-mixed-size/RELAX/Rfi/LB+fence.r.rw+ctrlfencei-rfi-ctrlfencei.litmus
/opt/litmus-tests-riscv/tests/non-mixed-size/RELAX/Rfi/LB+fence.r.rw+ctrlfencei-rfi-data.litmus
/opt/litmus-tests-riscv/tests/non-mixed-size/RELAX/Rfi/LB+fence.r.rw+data-rfi-addr.litmus
/opt/litmus-tests-riscv/tests/non-mixed-size/RELAX/Rfi/LB+fence.r.rw+data-rfi-ctrl.litmus
/opt/litmus-tests-riscv/tests/non-mixed-size/RELAX/Rfi/LB+fence.r.rw+data-rfi-ctrlfencei.litmus
/opt/litmus-tests-riscv/tests/non-mixed-size/RELAX/Rfi/LB+fence.r.rw+data-rfi-data.litmus
/opt/litmus-tests-riscv/tests/non-mixed-size/RELAX/Rfi/LB+fence.rw.rw+addr-rfi-addr.litmus
/opt/litmus-tests-riscv/tests/non-mixed-size/RELAX/Rfi/LB+fence.rw.rw+addr-rfi-ctrl.litmus
/opt/litmus-tests-riscv/tests/non-mixed-size/RELAX/Rfi/LB+fence.rw.rw+addr-rfi-ctrlfencei.litmus
/opt/litmus-tests-riscv/tests/non-mixed-size/RELAX/Rfi/LB+fence.rw.rw+addr-rfi-data.litmus
/opt/litmus-tests-riscv/tests/non-mixed-size/RELAX/Rfi/LB+fence.rw.rw+ctrl-rfi-addr.litmus
/opt/litmus-tests-riscv/tests/non-mixed-size/RELAX/Rfi/LB+fence.rw.rw+ctrl-rfi-ctrl.litmus
/opt/litmus-tests-riscv/tests/non-mixed-size/RELAX/Rfi/LB+fence.rw.rw+ctrl-rfi-ctrlfencei.litmus
/opt/litmus-tests-riscv/tests/non-mixed-size/RELAX/Rfi/LB+fence.rw.rw+ctrl-rfi-data.litmus
/opt/litmus-tests-riscv/tests/non-mixed-size/RELAX/Rfi/LB+fence.rw.rw+ctrlfencei-rfi-addr.litmus
/opt/litmus-tests-riscv/tests/non-mixed-size/RELAX/Rfi/LB+fence.rw.rw+ctrlfencei-rfi-ctrl.litmus
/opt/litmus-tests-riscv/tests/non-mixed-size/RELAX/Rfi/LB+fence.rw.rw+ctrlfencei-rfi-ctrlfencei.litmus
/opt/litmus-tests-riscv/tests/non-mixed-size/RELAX/Rfi/LB+fence.rw.rw+ctrlfencei-rfi-data.litmus
/opt/litmus-tests-riscv/tests/non-mixed-size/RELAX/Rfi/LB+fence.rw.rw+data-rfi-addr.litmus
/opt/litmus-tests-riscv/tests/non-mixed-size/RELAX/Rfi/LB+fence.rw.rw+data-rfi-ctrl.litmus
/opt/litmus-tests-riscv/tests/non-mixed-size/RELAX/Rfi/LB+fence.rw.rw+data-rfi-ctrlfencei.litmus
/opt/litmus-tests-riscv/tests/non-mixed-size/RELAX/Rfi/LB+fence.rw.rw+data-rfi-data.litmus
/opt/litmus-tests-riscv/tests/non-mixed-size/RELAX/Rfi/LB+fence.rw.w+addr-rfi-addr.litmus
/opt/litmus-tests-riscv/tests/non-mixed-size/RELAX/Rfi/LB+fence.rw.w+addr-rfi-ctrl.litmus
/opt/litmus-tests-riscv/tests/non-mixed-size/RELAX/Rfi/LB+fence.rw.w+addr-rfi-ctrlfencei.litmus
/opt/litmus-tests-riscv/tests/non-mixed-size/RELAX/Rfi/LB+fence.rw.w+addr-rfi-data.litmus
/opt/litmus-tests-riscv/tests/non-mixed-size/RELAX/Rfi/LB+fence.rw.w+ctrl-rfi-addr.litmus
/opt/litmus-tests-riscv/tests/non-mixed-size/RELAX/Rfi/LB+fence.rw.w+ctrl-rfi-ctrl.litmus
/opt/litmus-tests-riscv/tests/non-mixed-size/RELAX/Rfi/LB+fence.rw.w+ctrl-rfi-ctrlfencei.litmus
/opt/litmus-tests-riscv/tests/non-mixed-size/RELAX/Rfi/LB+fence.rw.w+ctrl-rfi-data.litmus
/opt/litmus-tests-riscv/tests/non-mixed-size/RELAX/Rfi/LB+fence.rw.w+ctrlfencei-rfi-addr.litmus
/opt/litmus-tests-riscv/tests/non-mixed-size/RELAX/Rfi/LB+fence.rw.w+ctrlfencei-rfi-ctrl.litmus
/opt/litmus-tests-riscv/tests/non-mixed-size/RELAX/Rfi/LB+fence.rw.w+ctrlfencei-rfi-ctrlfencei.litmus
/opt/litmus-tests-riscv/tests/non-mixed-size/RELAX/Rfi/LB+fence.rw.w+ctrlfencei-rfi-data.litmus
/opt/litmus-tests-riscv/tests/non-mixed-size/RELAX/Rfi/LB+fence.rw.w+data-rfi-addr.litmus
/opt/litmus-tests-riscv/tests/non-mixed-size/RELAX/Rfi/LB+fence.rw.w+data-rfi-ctrl.litmus
/opt/litmus-tests-riscv/tests/non-mixed-size/RELAX/Rfi/LB+fence.rw.w+data-rfi-ctrlfencei.litmus
/opt/litmus-tests-riscv/tests/non-mixed-size/RELAX/Rfi/LB+fence.rw.w+data-rfi-data.litmus
/opt/litmus-tests-riscv/tests/non-mixed-size/RELAX/Rfi/MP+fence.rw.rw+addr-rfi-addr.litmus
/opt/litmus-tests-riscv/tests/non-mixed-size/RELAX/Rfi/MP+fence.rw.rw+addr-rfi-addrs.litmus
/opt/litmus-tests-riscv/tests/non-mixed-size/RELAX/Rfi/MP+fence.rw.rw+addr-rfi-ctrlfencei.litmus
/opt/litmus-tests-riscv/tests/non-mixed-size/RELAX/Rfi/MP+fence.rw.rw+addr-rfi-ctrlfenceis.litmus
/opt/litmus-tests-riscv/tests/non-mixed-size/RELAX/Rfi/MP+fence.rw.rw+addr-rfi.litmus
/opt/litmus-tests-riscv/tests/non-mixed-size/RELAX/Rfi/MP+fence.rw.rw+ctrl-rfi-addr.litmus
/opt/litmus-tests-riscv/tests/non-mixed-size/RELAX/Rfi/MP+fence.rw.rw+ctrl-rfi-addrs.litmus
/opt/litmus-tests-riscv/tests/non-mixed-size/RELAX/Rfi/MP+fence.rw.rw+ctrl-rfi-ctrlfencei.litmus
/opt/litmus-tests-riscv/tests/non-mixed-size/RELAX/Rfi/MP+fence.rw.rw+ctrl-rfi-ctrlfenceis.litmus
/opt/litmus-tests-riscv/tests/non-mixed-size/RELAX/Rfi/MP+fence.rw.rw+ctrl-rfi.litmus
/opt/litmus-tests-riscv/tests/non-mixed-size/RELAX/Rfi/MP+fence.rw.rw+ctrlfencei-rfi-addr.litmus
/opt/litmus-tests-riscv/tests/non-mixed-size/RELAX/Rfi/MP+fence.rw.rw+ctrlfencei-rfi-addrs.litmus
/opt/litmus-tests-riscv/tests/non-mixed-size/RELAX/Rfi/MP+fence.rw.rw+ctrlfencei-rfi-ctrlfencei.litmus
/opt/litmus-tests-riscv/tests/non-mixed-size/RELAX/Rfi/MP+fence.rw.rw+ctrlfencei-rfi-ctrlfenceis.litmus
/opt/litmus-tests-riscv/tests/non-mixed-size/RELAX/Rfi/MP+fence.rw.rw+ctrlfencei-rfi.litmus
/opt/litmus-tests-riscv/tests/non-mixed-size/RELAX/Rfi/MP+fence.rw.rw+data-rfi-addr.litmus
/opt/litmus-tests-riscv/tests/non-mixed-size/RELAX/Rfi/MP+fence.rw.rw+data-rfi-addrs.litmus
/opt/litmus-tests-riscv/tests/non-mixed-size/RELAX/Rfi/MP+fence.rw.rw+data-rfi-ctrlfencei.litmus
/opt/litmus-tests-riscv/tests/non-mixed-size/RELAX/Rfi/MP+fence.rw.rw+data-rfi-ctrlfenceis.litmus
/opt/litmus-tests-riscv/tests/non-mixed-size/RELAX/Rfi/MP+fence.rw.rw+data-rfi.litmus
/opt/litmus-tests-riscv/tests/non-mixed-size/RELAX/Rfi/MP+fence.rw.w+addr-rfi-addr.litmus
/opt/litmus-tests-riscv/tests/non-mixed-size/RELAX/Rfi/MP+fence.rw.w+addr-rfi-addrs.litmus
/opt/litmus-tests-riscv/tests/non-mixed-size/RELAX/Rfi/MP+fence.rw.w+addr-rfi-ctrlfencei.litmus
/opt/litmus-tests-riscv/tests/non-mixed-size/RELAX/Rfi/MP+fence.rw.w+addr-rfi-ctrlfenceis.litmus
/opt/litmus-tests-riscv/tests/non-mixed-size/RELAX/Rfi/MP+fence.rw.w+addr-rfi.litmus
/opt/litmus-tests-riscv/tests/non-mixed-size/RELAX/Rfi/MP+fence.rw.w+ctrl-rfi-addr.litmus
/opt/litmus-tests-riscv/tests/non-mixed-size/RELAX/Rfi/MP+fence.rw.w+ctrl-rfi-addrs.litmus
/opt/litmus-tests-riscv/tests/non-mixed-size/RELAX/Rfi/MP+fence.rw.w+ctrl-rfi-ctrlfencei.litmus
/opt/litmus-tests-riscv/tests/non-mixed-size/RELAX/Rfi/MP+fence.rw.w+ctrl-rfi-ctrlfenceis.litmus
/opt/litmus-tests-riscv/tests/non-mixed-size/RELAX/Rfi/MP+fence.rw.w+ctrl-rfi.litmus
/opt/litmus-tests-riscv/tests/non-mixed-size/RELAX/Rfi/MP+fence.rw.w+ctrlfencei-rfi-addr.litmus
/opt/litmus-tests-riscv/tests/non-mixed-size/RELAX/Rfi/MP+fence.rw.w+ctrlfencei-rfi-addrs.litmus
/opt/litmus-tests-riscv/tests/non-mixed-size/RELAX/Rfi/MP+fence.rw.w+ctrlfencei-rfi-ctrlfencei.litmus
/opt/litmus-tests-riscv/tests/non-mixed-size/RELAX/Rfi/MP+fence.rw.w+ctrlfencei-rfi-ctrlfenceis.litmus
/opt/litmus-tests-riscv/tests/non-mixed-size/RELAX/Rfi/MP+fence.rw.w+ctrlfencei-rfi.litmus
/opt/litmus-tests-riscv/tests/non-mixed-size/RELAX/Rfi/MP+fence.rw.w+data-rfi-addr.litmus
/opt/litmus-tests-riscv/tests/non-mixed-size/RELAX/Rfi/MP+fence.rw.w+data-rfi-addrs.litmus
/opt/litmus-tests-riscv/tests/non-mixed-size/RELAX/Rfi/MP+fence.rw.w+data-rfi-ctrlfencei.litmus
/opt/litmus-tests-riscv/tests/non-mixed-size/RELAX/Rfi/MP+fence.rw.w+data-rfi-ctrlfenceis.litmus
/opt/litmus-tests-riscv/tests/non-mixed-size/RELAX/Rfi/MP+fence.rw.w+data-rfi.litmus
/opt/litmus-tests-riscv/tests/non-mixed-size/RELAX/Rfi/MP+fence.w.w+addr-rfi-addr.litmus
/opt/litmus-tests-riscv/tests/non-mixed-size/RELAX/Rfi/MP+fence.w.w+addr-rfi-addrs.litmus
/opt/litmus-tests-riscv/tests/non-mixed-size/RELAX/Rfi/MP+fence.w.w+addr-rfi-ctrlfencei.litmus
/opt/litmus-tests-riscv/tests/non-mixed-size/RELAX/Rfi/MP+fence.w.w+addr-rfi-ctrlfenceis.litmus
/opt/litmus-tests-riscv/tests/non-mixed-size/RELAX/Rfi/MP+fence.w.w+addr-rfi.litmus
/opt/litmus-tests-riscv/tests/non-mixed-size/RELAX/Rfi/MP+fence.w.w+ctrl-rfi-addr.litmus
/opt/litmus-tests-riscv/tests/non-mixed-size/RELAX/Rfi/MP+fence.w.w+ctrl-rfi-addrs.litmus
/opt/litmus-tests-riscv/tests/non-mixed-size/RELAX/Rfi/MP+fence.w.w+ctrl-rfi-ctrlfencei.litmus
/opt/litmus-tests-riscv/tests/non-mixed-size/RELAX/Rfi/MP+fence.w.w+ctrl-rfi-ctrlfenceis.litmus
/opt/litmus-tests-riscv/tests/non-mixed-size/RELAX/Rfi/MP+fence.w.w+ctrl-rfi.litmus
/opt/litmus-tests-riscv/tests/non-mixed-size/RELAX/Rfi/MP+fence.w.w+ctrlfencei-rfi-addr.litmus
/opt/litmus-tests-riscv/tests/non-mixed-size/RELAX/Rfi/MP+fence.w.w+ctrlfencei-rfi-addrs.litmus
/opt/litmus-tests-riscv/tests/non-mixed-size/RELAX/Rfi/MP+fence.w.w+ctrlfencei-rfi-ctrlfencei.litmus
/opt/litmus-tests-riscv/tests/non-mixed-size/RELAX/Rfi/MP+fence.w.w+ctrlfencei-rfi-ctrlfenceis.litmus
/opt/litmus-tests-riscv/tests/non-mixed-size/RELAX/Rfi/MP+fence.w.w+ctrlfencei-rfi.litmus
/opt/litmus-tests-riscv/tests/non-mixed-size/RELAX/Rfi/MP+fence.w.w+data-rfi-addr.litmus
/opt/litmus-tests-riscv/tests/non-mixed-size/RELAX/Rfi/MP+fence.w.w+data-rfi-addrs.litmus
/opt/litmus-tests-riscv/tests/non-mixed-size/RELAX/Rfi/MP+fence.w.w+data-rfi-ctrlfencei.litmus
/opt/litmus-tests-riscv/tests/non-mixed-size/RELAX/Rfi/MP+fence.w.w+data-rfi-ctrlfenceis.litmus
/opt/litmus-tests-riscv/tests/non-mixed-size/RELAX/Rfi/MP+fence.w.w+data-rfi.litmus
/opt/litmus-tests-riscv/tests/non-mixed-size/RELAX/Rfi/MP+pos-rfi-addr+addr-rfi-addr.litmus
/opt/litmus-tests-riscv/tests/non-mixed-size/RELAX/Rfi/MP+pos-rfi-addr+addr-rfi-ctrlfencei.litmus
/opt/litmus-tests-riscv/tests/non-mixed-size/RELAX/Rfi/MP+pos-rfi-addr+addr.litmus
/opt/litmus-tests-riscv/tests/non-mixed-size/RELAX/Rfi/MP+pos-rfi-addr+ctrl-rfi-addr.litmus
/opt/litmus-tests-riscv/tests/non-mixed-size/RELAX/Rfi/MP+pos-rfi-addr+ctrl-rfi-ctrlfencei.litmus
/opt/litmus-tests-riscv/tests/non-mixed-size/RELAX/Rfi/MP+pos-rfi-addr+ctrlfencei-rfi-addr.litmus
/opt/litmus-tests-riscv/tests/non-mixed-size/RELAX/Rfi/MP+pos-rfi-addr+ctrlfencei-rfi-ctrlfencei.litmus
/opt/litmus-tests-riscv/tests/non-mixed-size/RELAX/Rfi/MP+pos-rfi-addr+ctrlfencei.litmus
/opt/litmus-tests-riscv/tests/non-mixed-size/RELAX/Rfi/MP+pos-rfi-addr+data-rfi-addr.litmus
/opt/litmus-tests-riscv/tests/non-mixed-size/RELAX/Rfi/MP+pos-rfi-addr+data-rfi-ctrlfencei.litmus
/opt/litmus-tests-riscv/tests/non-mixed-size/RELAX/Rfi/MP+pos-rfi-addr+fence.r.rw.litmus
/opt/litmus-tests-riscv/tests/non-mixed-size/RELAX/Rfi/MP+pos-rfi-addr+fence.rw.rw.litmus
/opt/litmus-tests-riscv/tests/non-mixed-size/RELAX/Rfi/MP+pos-rfi-ctrl+addr-rfi-addr.litmus
/opt/litmus-tests-riscv/tests/non-mixed-size/RELAX/Rfi/MP+pos-rfi-ctrl+addr-rfi-ctrlfencei.litmus
/opt/litmus-tests-riscv/tests/non-mixed-size/RELAX/Rfi/MP+pos-rfi-ctrl+addr.litmus
/opt/litmus-tests-riscv/tests/non-mixed-size/RELAX/Rfi/MP+pos-rfi-ctrl+ctrl-rfi-addr.litmus
/opt/litmus-tests-riscv/tests/non-mixed-size/RELAX/Rfi/MP+pos-rfi-ctrl+ctrl-rfi-ctrlfencei.litmus
/opt/litmus-tests-riscv/tests/non-mixed-size/RELAX/Rfi/MP+pos-rfi-ctrl+ctrlfencei-rfi-addr.litmus
/opt/litmus-tests-riscv/tests/non-mixed-size/RELAX/Rfi/MP+pos-rfi-ctrl+ctrlfencei-rfi-ctrlfencei.litmus
/opt/litmus-tests-riscv/tests/non-mixed-size/RELAX/Rfi/MP+pos-rfi-ctrl+ctrlfencei.litmus
/opt/litmus-tests-riscv/tests/non-mixed-size/RELAX/Rfi/MP+pos-rfi-ctrl+data-rfi-addr.litmus
/opt/litmus-tests-riscv/tests/non-mixed-size/RELAX/Rfi/MP+pos-rfi-ctrl+data-rfi-ctrlfencei.litmus
/opt/litmus-tests-riscv/tests/non-mixed-size/RELAX/Rfi/MP+pos-rfi-ctrl+fence.r.rw.litmus
/opt/litmus-tests-riscv/tests/non-mixed-size/RELAX/Rfi/MP+pos-rfi-ctrl+fence.rw.rw.litmus
/opt/litmus-tests-riscv/tests/non-mixed-size/RELAX/Rfi/MP+pos-rfi-ctrlfencei+addr-rfi-addr.litmus
/opt/litmus-tests-riscv/tests/non-mixed-size/RELAX/Rfi/MP+pos-rfi-ctrlfencei+addr-rfi-ctrlfencei.litmus
/opt/litmus-tests-riscv/tests/non-mixed-size/RELAX/Rfi/MP+pos-rfi-ctrlfencei+addr.litmus
/opt/litmus-tests-riscv/tests/non-mixed-size/RELAX/Rfi/MP+pos-rfi-ctrlfencei+ctrl-rfi-addr.litmus
/opt/litmus-tests-riscv/tests/non-mixed-size/RELAX/Rfi/MP+pos-rfi-ctrlfencei+ctrl-rfi-ctrlfencei.litmus
/opt/litmus-tests-riscv/tests/non-mixed-size/RELAX/Rfi/MP+pos-rfi-ctrlfencei+ctrlfencei-rfi-addr.litmus
/opt/litmus-tests-riscv/tests/non-mixed-size/RELAX/Rfi/MP+pos-rfi-ctrlfencei+ctrlfencei-rfi-ctrlfencei.litmus
/opt/litmus-tests-riscv/tests/non-mixed-size/RELAX/Rfi/MP+pos-rfi-ctrlfencei+ctrlfencei.litmus
/opt/litmus-tests-riscv/tests/non-mixed-size/RELAX/Rfi/MP+pos-rfi-ctrlfencei+data-rfi-addr.litmus
/opt/litmus-tests-riscv/tests/non-mixed-size/RELAX/Rfi/MP+pos-rfi-ctrlfencei+data-rfi-ctrlfencei.litmus
/opt/litmus-tests-riscv/tests/non-mixed-size/RELAX/Rfi/MP+pos-rfi-ctrlfencei+fence.r.rw.litmus
/opt/litmus-tests-riscv/tests/non-mixed-size/RELAX/Rfi/MP+pos-rfi-ctrlfencei+fence.rw.rw.litmus
/opt/litmus-tests-riscv/tests/non-mixed-size/RELAX/Rfi/MP+pos-rfi-data+addr-rfi-addr.litmus
/opt/litmus-tests-riscv/tests/non-mixed-size/RELAX/Rfi/MP+pos-rfi-data+addr-rfi-ctrlfencei.litmus
/opt/litmus-tests-riscv/tests/non-mixed-size/RELAX/Rfi/MP+pos-rfi-data+addr.litmus
/opt/litmus-tests-riscv/tests/non-mixed-size/RELAX/Rfi/MP+pos-rfi-data+ctrl-rfi-addr.litmus
/opt/litmus-tests-riscv/tests/non-mixed-size/RELAX/Rfi/MP+pos-rfi-data+ctrl-rfi-ctrlfencei.litmus
/opt/litmus-tests-riscv/tests/non-mixed-size/RELAX/Rfi/MP+pos-rfi-data+ctrlfencei-rfi-addr.litmus
/opt/litmus-tests-riscv/tests/non-mixed-size/RELAX/Rfi/MP+pos-rfi-data+ctrlfencei-rfi-ctrlfencei.litmus
/opt/litmus-tests-riscv/tests/non-mixed-size/RELAX/Rfi/MP+pos-rfi-data+ctrlfencei.litmus
/opt/litmus-tests-riscv/tests/non-mixed-size/RELAX/Rfi/MP+pos-rfi-data+data-rfi-addr.litmus
/opt/litmus-tests-riscv/tests/non-mixed-size/RELAX/Rfi/MP+pos-rfi-data+data-rfi-ctrlfencei.litmus
/opt/litmus-tests-riscv/tests/non-mixed-size/RELAX/Rfi/MP+pos-rfi-data+fence.r.rw.litmus
/opt/litmus-tests-riscv/tests/non-mixed-size/RELAX/Rfi/MP+pos-rfi-data+fence.rw.rw.litmus
/opt/litmus-tests-riscv/tests/non-mixed-size/RELAX/Rfi/MP+rfi-addr+addr-rfi-addr.litmus
/opt/litmus-tests-riscv/tests/non-mixed-size/RELAX/Rfi/MP+rfi-addr+addr-rfi-addrs.litmus
/opt/litmus-tests-riscv/tests/non-mixed-size/RELAX/Rfi/MP+rfi-addr+addr-rfi-ctrlfencei.litmus
/opt/litmus-tests-riscv/tests/non-mixed-size/RELAX/Rfi/MP+rfi-addr+addr-rfi-ctrlfenceis.litmus
/opt/litmus-tests-riscv/tests/non-mixed-size/RELAX/Rfi/MP+rfi-addr+addr-rfi.litmus
/opt/litmus-tests-riscv/tests/non-mixed-size/RELAX/Rfi/MP+rfi-addr+addr.litmus
/opt/litmus-tests-riscv/tests/non-mixed-size/RELAX/Rfi/MP+rfi-addr+ctrl-rfi-addr.litmus
/opt/litmus-tests-riscv/tests/non-mixed-size/RELAX/Rfi/MP+rfi-addr+ctrl-rfi-addrs.litmus
/opt/litmus-tests-riscv/tests/non-mixed-size/RELAX/Rfi/MP+rfi-addr+ctrl-rfi-ctrlfencei.litmus
/opt/litmus-tests-riscv/tests/non-mixed-size/RELAX/Rfi/MP+rfi-addr+ctrl-rfi-ctrlfenceis.litmus
/opt/litmus-tests-riscv/tests/non-mixed-size/RELAX/Rfi/MP+rfi-addr+ctrl-rfi.litmus
/opt/litmus-tests-riscv/tests/non-mixed-size/RELAX/Rfi/MP+rfi-addr+ctrlfencei-rfi-addr.litmus
/opt/litmus-tests-riscv/tests/non-mixed-size/RELAX/Rfi/MP+rfi-addr+ctrlfencei-rfi-addrs.litmus
/opt/litmus-tests-riscv/tests/non-mixed-size/RELAX/Rfi/MP+rfi-addr+ctrlfencei-rfi-ctrlfencei.litmus
/opt/litmus-tests-riscv/tests/non-mixed-size/RELAX/Rfi/MP+rfi-addr+ctrlfencei-rfi-ctrlfenceis.litmus
/opt/litmus-tests-riscv/tests/non-mixed-size/RELAX/Rfi/MP+rfi-addr+ctrlfencei-rfi.litmus
/opt/litmus-tests-riscv/tests/non-mixed-size/RELAX/Rfi/MP+rfi-addr+ctrlfencei.litmus
/opt/litmus-tests-riscv/tests/non-mixed-size/RELAX/Rfi/MP+rfi-addr+data-rfi-addr.litmus
/opt/litmus-tests-riscv/tests/non-mixed-size/RELAX/Rfi/MP+rfi-addr+data-rfi-addrs.litmus
/opt/litmus-tests-riscv/tests/non-mixed-size/RELAX/Rfi/MP+rfi-addr+data-rfi-ctrlfencei.litmus
/opt/litmus-tests-riscv/tests/non-mixed-size/RELAX/Rfi/MP+rfi-addr+data-rfi-ctrlfenceis.litmus
/opt/litmus-tests-riscv/tests/non-mixed-size/RELAX/Rfi/MP+rfi-addr+data-rfi.litmus
/opt/litmus-tests-riscv/tests/non-mixed-size/RELAX/Rfi/MP+rfi-addr+fence.r.rw.litmus
/opt/litmus-tests-riscv/tests/non-mixed-size/RELAX/Rfi/MP+rfi-addr+fence.rw.rw.litmus
/opt/litmus-tests-riscv/tests/non-mixed-size/RELAX/Rfi/MP+rfi-ctrl+addr-rfi-addr.litmus
/opt/litmus-tests-riscv/tests/non-mixed-size/RELAX/Rfi/MP+rfi-ctrl+addr-rfi-addrs.litmus
/opt/litmus-tests-riscv/tests/non-mixed-size/RELAX/Rfi/MP+rfi-ctrl+addr-rfi-ctrlfencei.litmus
/opt/litmus-tests-riscv/tests/non-mixed-size/RELAX/Rfi/MP+rfi-ctrl+addr-rfi-ctrlfenceis.litmus
/opt/litmus-tests-riscv/tests/non-mixed-size/RELAX/Rfi/MP+rfi-ctrl+addr-rfi.litmus
/opt/litmus-tests-riscv/tests/non-mixed-size/RELAX/Rfi/MP+rfi-ctrl+addr.litmus
/opt/litmus-tests-riscv/tests/non-mixed-size/RELAX/Rfi/MP+rfi-ctrl+ctrl-rfi-addr.litmus
/opt/litmus-tests-riscv/tests/non-mixed-size/RELAX/Rfi/MP+rfi-ctrl+ctrl-rfi-addrs.litmus
/opt/litmus-tests-riscv/tests/non-mixed-size/RELAX/Rfi/MP+rfi-ctrl+ctrl-rfi-ctrlfencei.litmus
/opt/litmus-tests-riscv/tests/non-mixed-size/RELAX/Rfi/MP+rfi-ctrl+ctrl-rfi-ctrlfenceis.litmus
/opt/litmus-tests-riscv/tests/non-mixed-size/RELAX/Rfi/MP+rfi-ctrl+ctrl-rfi.litmus
/opt/litmus-tests-riscv/tests/non-mixed-size/RELAX/Rfi/MP+rfi-ctrl+ctrlfencei-rfi-addr.litmus
/opt/litmus-tests-riscv/tests/non-mixed-size/RELAX/Rfi/MP+rfi-ctrl+ctrlfencei-rfi-addrs.litmus
/opt/litmus-tests-riscv/tests/non-mixed-size/RELAX/Rfi/MP+rfi-ctrl+ctrlfencei-rfi-ctrlfencei.litmus
/opt/litmus-tests-riscv/tests/non-mixed-size/RELAX/Rfi/MP+rfi-ctrl+ctrlfencei-rfi-ctrlfenceis.litmus
/opt/litmus-tests-riscv/tests/non-mixed-size/RELAX/Rfi/MP+rfi-ctrl+ctrlfencei-rfi.litmus
/opt/litmus-tests-riscv/tests/non-mixed-size/RELAX/Rfi/MP+rfi-ctrl+ctrlfencei.litmus
/opt/litmus-tests-riscv/tests/non-mixed-size/RELAX/Rfi/MP+rfi-ctrl+data-rfi-addr.litmus
/opt/litmus-tests-riscv/tests/non-mixed-size/RELAX/Rfi/MP+rfi-ctrl+data-rfi-addrs.litmus
/opt/litmus-tests-riscv/tests/non-mixed-size/RELAX/Rfi/MP+rfi-ctrl+data-rfi-ctrlfencei.litmus
/opt/litmus-tests-riscv/tests/non-mixed-size/RELAX/Rfi/MP+rfi-ctrl+data-rfi-ctrlfenceis.litmus
/opt/litmus-tests-riscv/tests/non-mixed-size/RELAX/Rfi/MP+rfi-ctrl+data-rfi.litmus
/opt/litmus-tests-riscv/tests/non-mixed-size/RELAX/Rfi/MP+rfi-ctrl+fence.r.rw.litmus
/opt/litmus-tests-riscv/tests/non-mixed-size/RELAX/Rfi/MP+rfi-ctrl+fence.rw.rw.litmus
/opt/litmus-tests-riscv/tests/non-mixed-size/RELAX/Rfi/MP+rfi-ctrlfencei+addr-rfi-addr.litmus
/opt/litmus-tests-riscv/tests/non-mixed-size/RELAX/Rfi/MP+rfi-ctrlfencei+addr-rfi-addrs.litmus
/opt/litmus-tests-riscv/tests/non-mixed-size/RELAX/Rfi/MP+rfi-ctrlfencei+addr-rfi-ctrlfencei.litmus
/opt/litmus-tests-riscv/tests/non-mixed-size/RELAX/Rfi/MP+rfi-ctrlfencei+addr-rfi-ctrlfenceis.litmus
/opt/litmus-tests-riscv/tests/non-mixed-size/RELAX/Rfi/MP+rfi-ctrlfencei+addr-rfi.litmus
/opt/litmus-tests-riscv/tests/non-mixed-size/RELAX/Rfi/MP+rfi-ctrlfencei+addr.litmus
/opt/litmus-tests-riscv/tests/non-mixed-size/RELAX/Rfi/MP+rfi-ctrlfencei+ctrl-rfi-addr.litmus
/opt/litmus-tests-riscv/tests/non-mixed-size/RELAX/Rfi/MP+rfi-ctrlfencei+ctrl-rfi-addrs.litmus
/opt/litmus-tests-riscv/tests/non-mixed-size/RELAX/Rfi/MP+rfi-ctrlfencei+ctrl-rfi-ctrlfencei.litmus
/opt/litmus-tests-riscv/tests/non-mixed-size/RELAX/Rfi/MP+rfi-ctrlfencei+ctrl-rfi-ctrlfenceis.litmus
/opt/litmus-tests-riscv/tests/non-mixed-size/RELAX/Rfi/MP+rfi-ctrlfencei+ctrl-rfi.litmus
/opt/litmus-tests-riscv/tests/non-mixed-size/RELAX/Rfi/MP+rfi-ctrlfencei+ctrlfencei-rfi-addr.litmus
/opt/litmus-tests-riscv/tests/non-mixed-size/RELAX/Rfi/MP+rfi-ctrlfencei+ctrlfencei-rfi-addrs.litmus
/opt/litmus-tests-riscv/tests/non-mixed-size/RELAX/Rfi/MP+rfi-ctrlfencei+ctrlfencei-rfi-ctrlfencei.litmus
/opt/litmus-tests-riscv/tests/non-mixed-size/RELAX/Rfi/MP+rfi-ctrlfencei+ctrlfencei-rfi-ctrlfenceis.litmus
/opt/litmus-tests-riscv/tests/non-mixed-size/RELAX/Rfi/MP+rfi-ctrlfencei+ctrlfencei-rfi.litmus
/opt/litmus-tests-riscv/tests/non-mixed-size/RELAX/Rfi/MP+rfi-ctrlfencei+ctrlfencei.litmus
/opt/litmus-tests-riscv/tests/non-mixed-size/RELAX/Rfi/MP+rfi-ctrlfencei+data-rfi-addr.litmus
/opt/litmus-tests-riscv/tests/non-mixed-size/RELAX/Rfi/MP+rfi-ctrlfencei+data-rfi-addrs.litmus
/opt/litmus-tests-riscv/tests/non-mixed-size/RELAX/Rfi/MP+rfi-ctrlfencei+data-rfi-ctrlfencei.litmus
/opt/litmus-tests-riscv/tests/non-mixed-size/RELAX/Rfi/MP+rfi-ctrlfencei+data-rfi-ctrlfenceis.litmus
/opt/litmus-tests-riscv/tests/non-mixed-size/RELAX/Rfi/MP+rfi-ctrlfencei+data-rfi.litmus
/opt/litmus-tests-riscv/tests/non-mixed-size/RELAX/Rfi/MP+rfi-ctrlfencei+fence.r.rw.litmus
/opt/litmus-tests-riscv/tests/non-mixed-size/RELAX/Rfi/MP+rfi-ctrlfencei+fence.rw.rw.litmus
/opt/litmus-tests-riscv/tests/non-mixed-size/RELAX/Rfi/MP+rfi-data+addr-rfi-addr.litmus
/opt/litmus-tests-riscv/tests/non-mixed-size/RELAX/Rfi/MP+rfi-data+addr-rfi-addrs.litmus
/opt/litmus-tests-riscv/tests/non-mixed-size/RELAX/Rfi/MP+rfi-data+addr-rfi-ctrlfencei.litmus
/opt/litmus-tests-riscv/tests/non-mixed-size/RELAX/Rfi/MP+rfi-data+addr-rfi-ctrlfenceis.litmus
/opt/litmus-tests-riscv/tests/non-mixed-size/RELAX/Rfi/MP+rfi-data+addr-rfi.litmus
/opt/litmus-tests-riscv/tests/non-mixed-size/RELAX/Rfi/MP+rfi-data+addr.litmus
/opt/litmus-tests-riscv/tests/non-mixed-size/RELAX/Rfi/MP+rfi-data+ctrl-rfi-addr.litmus
/opt/litmus-tests-riscv/tests/non-mixed-size/RELAX/Rfi/MP+rfi-data+ctrl-rfi-addrs.litmus
/opt/litmus-tests-riscv/tests/non-mixed-size/RELAX/Rfi/MP+rfi-data+ctrl-rfi-ctrlfencei.litmus
/opt/litmus-tests-riscv/tests/non-mixed-size/RELAX/Rfi/MP+rfi-data+ctrl-rfi-ctrlfenceis.litmus
/opt/litmus-tests-riscv/tests/non-mixed-size/RELAX/Rfi/MP+rfi-data+ctrl-rfi.litmus
/opt/litmus-tests-riscv/tests/non-mixed-size/RELAX/Rfi/MP+rfi-data+ctrlfencei-rfi-addr.litmus
/opt/litmus-tests-riscv/tests/non-mixed-size/RELAX/Rfi/MP+rfi-data+ctrlfencei-rfi-addrs.litmus
/opt/litmus-tests-riscv/tests/non-mixed-size/RELAX/Rfi/MP+rfi-data+ctrlfencei-rfi-ctrlfencei.litmus
/opt/litmus-tests-riscv/tests/non-mixed-size/RELAX/Rfi/MP+rfi-data+ctrlfencei-rfi-ctrlfenceis.litmus
/opt/litmus-tests-riscv/tests/non-mixed-size/RELAX/Rfi/MP+rfi-data+ctrlfencei-rfi.litmus
/opt/litmus-tests-riscv/tests/non-mixed-size/RELAX/Rfi/MP+rfi-data+ctrlfencei.litmus
/opt/litmus-tests-riscv/tests/non-mixed-size/RELAX/Rfi/MP+rfi-data+data-rfi-addr.litmus
/opt/litmus-tests-riscv/tests/non-mixed-size/RELAX/Rfi/MP+rfi-data+data-rfi-addrs.litmus
/opt/litmus-tests-riscv/tests/non-mixed-size/RELAX/Rfi/MP+rfi-data+data-rfi-ctrlfencei.litmus
/opt/litmus-tests-riscv/tests/non-mixed-size/RELAX/Rfi/MP+rfi-data+data-rfi-ctrlfenceis.litmus
/opt/litmus-tests-riscv/tests/non-mixed-size/RELAX/Rfi/MP+rfi-data+data-rfi.litmus
/opt/litmus-tests-riscv/tests/non-mixed-size/RELAX/Rfi/MP+rfi-data+fence.r.rw.litmus
/opt/litmus-tests-riscv/tests/non-mixed-size/RELAX/Rfi/MP+rfi-data+fence.rw.rw.litmus
/opt/litmus-tests-riscv/tests/non-mixed-size/RELAX/Rfi/R+fence.rw.rw+rfi-addr-rfi.litmus
/opt/litmus-tests-riscv/tests/non-mixed-size/RELAX/Rfi/R+fence.rw.rw+rfi-addr.litmus
/opt/litmus-tests-riscv/tests/non-mixed-size/RELAX/Rfi/R+fence.rw.rw+rfi-ctrl-rfi.litmus
/opt/litmus-tests-riscv/tests/non-mixed-size/RELAX/Rfi/R+fence.rw.rw+rfi-ctrlfencei-rfi.litmus
/opt/litmus-tests-riscv/tests/non-mixed-size/RELAX/Rfi/R+fence.rw.rw+rfi-ctrlfencei.litmus
/opt/litmus-tests-riscv/tests/non-mixed-size/RELAX/Rfi/R+fence.rw.rw+rfi-data-rfi.litmus
/opt/litmus-tests-riscv/tests/non-mixed-size/RELAX/Rfi/R+fence.rw.w+rfi-addr-rfi.litmus
/opt/litmus-tests-riscv/tests/non-mixed-size/RELAX/Rfi/R+fence.rw.w+rfi-addr.litmus
/opt/litmus-tests-riscv/tests/non-mixed-size/RELAX/Rfi/R+fence.rw.w+rfi-ctrl-rfi.litmus
/opt/litmus-tests-riscv/tests/non-mixed-size/RELAX/Rfi/R+fence.rw.w+rfi-ctrlfencei-rfi.litmus
/opt/litmus-tests-riscv/tests/non-mixed-size/RELAX/Rfi/R+fence.rw.w+rfi-ctrlfencei.litmus
/opt/litmus-tests-riscv/tests/non-mixed-size/RELAX/Rfi/R+fence.rw.w+rfi-data-rfi.litmus
/opt/litmus-tests-riscv/tests/non-mixed-size/RELAX/Rfi/R+fence.w.w+rfi-addr-rfi.litmus
/opt/litmus-tests-riscv/tests/non-mixed-size/RELAX/Rfi/R+fence.w.w+rfi-addr.litmus
/opt/litmus-tests-riscv/tests/non-mixed-size/RELAX/Rfi/R+fence.w.w+rfi-ctrl-rfi.litmus
/opt/litmus-tests-riscv/tests/non-mixed-size/RELAX/Rfi/R+fence.w.w+rfi-ctrlfencei-rfi.litmus
/opt/litmus-tests-riscv/tests/non-mixed-size/RELAX/Rfi/R+fence.w.w+rfi-ctrlfencei.litmus
/opt/litmus-tests-riscv/tests/non-mixed-size/RELAX/Rfi/R+fence.w.w+rfi-data-rfi.litmus
/opt/litmus-tests-riscv/tests/non-mixed-size/RELAX/Rfi/R+pos-rfi-addr+fence.rw.rw.litmus
/opt/litmus-tests-riscv/tests/non-mixed-size/RELAX/Rfi/R+pos-rfi-addr+rfi-addr.litmus
/opt/litmus-tests-riscv/tests/non-mixed-size/RELAX/Rfi/R+pos-rfi-addr+rfi-ctrlfencei.litmus
/opt/litmus-tests-riscv/tests/non-mixed-size/RELAX/Rfi/R+pos-rfi-ctrl+fence.rw.rw.litmus
/opt/litmus-tests-riscv/tests/non-mixed-size/RELAX/Rfi/R+pos-rfi-ctrl+rfi-addr.litmus
/opt/litmus-tests-riscv/tests/non-mixed-size/RELAX/Rfi/R+pos-rfi-ctrl+rfi-ctrlfencei.litmus
/opt/litmus-tests-riscv/tests/non-mixed-size/RELAX/Rfi/R+pos-rfi-ctrlfencei+fence.rw.rw.litmus
/opt/litmus-tests-riscv/tests/non-mixed-size/RELAX/Rfi/R+pos-rfi-ctrlfencei+rfi-addr.litmus
/opt/litmus-tests-riscv/tests/non-mixed-size/RELAX/Rfi/R+pos-rfi-ctrlfencei+rfi-ctrlfencei.litmus
/opt/litmus-tests-riscv/tests/non-mixed-size/RELAX/Rfi/R+pos-rfi-data+fence.rw.rw.litmus
/opt/litmus-tests-riscv/tests/non-mixed-size/RELAX/Rfi/R+pos-rfi-data+rfi-addr.litmus
/opt/litmus-tests-riscv/tests/non-mixed-size/RELAX/Rfi/R+pos-rfi-data+rfi-ctrlfencei.litmus
/opt/litmus-tests-riscv/tests/non-mixed-size/RELAX/Rfi/R+rfi-addr+fence.rw.rw.litmus
/opt/litmus-tests-riscv/tests/non-mixed-size/RELAX/Rfi/R+rfi-addr+rfi-addr-rfi.litmus
/opt/litmus-tests-riscv/tests/non-mixed-size/RELAX/Rfi/R+rfi-addr+rfi-ctrl-rfi.litmus
/opt/litmus-tests-riscv/tests/non-mixed-size/RELAX/Rfi/R+rfi-addr+rfi-ctrlfencei-rfi.litmus
/opt/litmus-tests-riscv/tests/non-mixed-size/RELAX/Rfi/R+rfi-addr+rfi-ctrlfencei.litmus
/opt/litmus-tests-riscv/tests/non-mixed-size/RELAX/Rfi/R+rfi-addr+rfi-data-rfi.litmus
/opt/litmus-tests-riscv/tests/non-mixed-size/RELAX/Rfi/R+rfi-addrs.litmus
/opt/litmus-tests-riscv/tests/non-mixed-size/RELAX/Rfi/R+rfi-ctrl+fence.rw.rw.litmus
/opt/litmus-tests-riscv/tests/non-mixed-size/RELAX/Rfi/R+rfi-ctrl+rfi-addr-rfi.litmus
/opt/litmus-tests-riscv/tests/non-mixed-size/RELAX/Rfi/R+rfi-ctrl+rfi-addr.litmus
/opt/litmus-tests-riscv/tests/non-mixed-size/RELAX/Rfi/R+rfi-ctrl+rfi-ctrl-rfi.litmus
/opt/litmus-tests-riscv/tests/non-mixed-size/RELAX/Rfi/R+rfi-ctrl+rfi-ctrlfencei-rfi.litmus
/opt/litmus-tests-riscv/tests/non-mixed-size/RELAX/Rfi/R+rfi-ctrl+rfi-ctrlfencei.litmus
/opt/litmus-tests-riscv/tests/non-mixed-size/RELAX/Rfi/R+rfi-ctrl+rfi-data-rfi.litmus
/opt/litmus-tests-riscv/tests/non-mixed-size/RELAX/Rfi/R+rfi-ctrlfencei+fence.rw.rw.litmus
/opt/litmus-tests-riscv/tests/non-mixed-size/RELAX/Rfi/R+rfi-ctrlfencei+rfi-addr-rfi.litmus
/opt/litmus-tests-riscv/tests/non-mixed-size/RELAX/Rfi/R+rfi-ctrlfencei+rfi-addr.litmus
/opt/litmus-tests-riscv/tests/non-mixed-size/RELAX/Rfi/R+rfi-ctrlfencei+rfi-ctrl-rfi.litmus
/opt/litmus-tests-riscv/tests/non-mixed-size/RELAX/Rfi/R+rfi-ctrlfencei+rfi-ctrlfencei-rfi.litmus
/opt/litmus-tests-riscv/tests/non-mixed-size/RELAX/Rfi/R+rfi-ctrlfencei+rfi-data-rfi.litmus
/opt/litmus-tests-riscv/tests/non-mixed-size/RELAX/Rfi/R+rfi-ctrlfenceis.litmus
/opt/litmus-tests-riscv/tests/non-mixed-size/RELAX/Rfi/R+rfi-data+fence.rw.rw.litmus
/opt/litmus-tests-riscv/tests/non-mixed-size/RELAX/Rfi/R+rfi-data+rfi-addr-rfi.litmus
/opt/litmus-tests-riscv/tests/non-mixed-size/RELAX/Rfi/R+rfi-data+rfi-addr.litmus
/opt/litmus-tests-riscv/tests/non-mixed-size/RELAX/Rfi/R+rfi-data+rfi-ctrl-rfi.litmus
/opt/litmus-tests-riscv/tests/non-mixed-size/RELAX/Rfi/R+rfi-data+rfi-ctrlfencei-rfi.litmus
/opt/litmus-tests-riscv/tests/non-mixed-size/RELAX/Rfi/R+rfi-data+rfi-ctrlfencei.litmus
/opt/litmus-tests-riscv/tests/non-mixed-size/RELAX/Rfi/R+rfi-data+rfi-data-rfi.litmus
/opt/litmus-tests-riscv/tests/non-mixed-size/RELAX/Rfi/S+fence.rw.rw+addr-rfi-addr.litmus
/opt/litmus-tests-riscv/tests/non-mixed-size/RELAX/Rfi/S+fence.rw.rw+addr-rfi-ctrl.litmus
/opt/litmus-tests-riscv/tests/non-mixed-size/RELAX/Rfi/S+fence.rw.rw+addr-rfi-ctrlfencei.litmus
/opt/litmus-tests-riscv/tests/non-mixed-size/RELAX/Rfi/S+fence.rw.rw+addr-rfi-data.litmus
/opt/litmus-tests-riscv/tests/non-mixed-size/RELAX/Rfi/S+fence.rw.rw+ctrl-rfi-addr.litmus
/opt/litmus-tests-riscv/tests/non-mixed-size/RELAX/Rfi/S+fence.rw.rw+ctrl-rfi-ctrl.litmus
/opt/litmus-tests-riscv/tests/non-mixed-size/RELAX/Rfi/S+fence.rw.rw+ctrl-rfi-ctrlfencei.litmus
/opt/litmus-tests-riscv/tests/non-mixed-size/RELAX/Rfi/S+fence.rw.rw+ctrl-rfi-data.litmus
/opt/litmus-tests-riscv/tests/non-mixed-size/RELAX/Rfi/S+fence.rw.rw+ctrlfencei-rfi-addr.litmus
/opt/litmus-tests-riscv/tests/non-mixed-size/RELAX/Rfi/S+fence.rw.rw+ctrlfencei-rfi-ctrl.litmus
/opt/litmus-tests-riscv/tests/non-mixed-size/RELAX/Rfi/S+fence.rw.rw+ctrlfencei-rfi-ctrlfencei.litmus
/opt/litmus-tests-riscv/tests/non-mixed-size/RELAX/Rfi/S+fence.rw.rw+ctrlfencei-rfi-data.litmus
/opt/litmus-tests-riscv/tests/non-mixed-size/RELAX/Rfi/S+fence.rw.rw+data-rfi-addr.litmus
/opt/litmus-tests-riscv/tests/non-mixed-size/RELAX/Rfi/S+fence.rw.rw+data-rfi-ctrl.litmus
/opt/litmus-tests-riscv/tests/non-mixed-size/RELAX/Rfi/S+fence.rw.rw+data-rfi-ctrlfencei.litmus
/opt/litmus-tests-riscv/tests/non-mixed-size/RELAX/Rfi/S+fence.rw.rw+data-rfi-data.litmus
/opt/litmus-tests-riscv/tests/non-mixed-size/RELAX/Rfi/S+fence.rw.w+addr-rfi-addr.litmus
/opt/litmus-tests-riscv/tests/non-mixed-size/RELAX/Rfi/S+fence.rw.w+addr-rfi-ctrl.litmus
/opt/litmus-tests-riscv/tests/non-mixed-size/RELAX/Rfi/S+fence.rw.w+addr-rfi-ctrlfencei.litmus
/opt/litmus-tests-riscv/tests/non-mixed-size/RELAX/Rfi/S+fence.rw.w+addr-rfi-data.litmus
/opt/litmus-tests-riscv/tests/non-mixed-size/RELAX/Rfi/S+fence.rw.w+ctrl-rfi-addr.litmus
/opt/litmus-tests-riscv/tests/non-mixed-size/RELAX/Rfi/S+fence.rw.w+ctrl-rfi-ctrl.litmus
/opt/litmus-tests-riscv/tests/non-mixed-size/RELAX/Rfi/S+fence.rw.w+ctrl-rfi-ctrlfencei.litmus
/opt/litmus-tests-riscv/tests/non-mixed-size/RELAX/Rfi/S+fence.rw.w+ctrl-rfi-data.litmus
/opt/litmus-tests-riscv/tests/non-mixed-size/RELAX/Rfi/S+fence.rw.w+ctrlfencei-rfi-addr.litmus
/opt/litmus-tests-riscv/tests/non-mixed-size/RELAX/Rfi/S+fence.rw.w+ctrlfencei-rfi-ctrl.litmus
/opt/litmus-tests-riscv/tests/non-mixed-size/RELAX/Rfi/S+fence.rw.w+ctrlfencei-rfi-ctrlfencei.litmus
/opt/litmus-tests-riscv/tests/non-mixed-size/RELAX/Rfi/S+fence.rw.w+ctrlfencei-rfi-data.litmus
/opt/litmus-tests-riscv/tests/non-mixed-size/RELAX/Rfi/S+fence.rw.w+data-rfi-addr.litmus
/opt/litmus-tests-riscv/tests/non-mixed-size/RELAX/Rfi/S+fence.rw.w+data-rfi-ctrl.litmus
/opt/litmus-tests-riscv/tests/non-mixed-size/RELAX/Rfi/S+fence.rw.w+data-rfi-ctrlfencei.litmus
/opt/litmus-tests-riscv/tests/non-mixed-size/RELAX/Rfi/S+fence.rw.w+data-rfi-data.litmus
/opt/litmus-tests-riscv/tests/non-mixed-size/RELAX/Rfi/S+fence.w.w+addr-rfi-addr.litmus
/opt/litmus-tests-riscv/tests/non-mixed-size/RELAX/Rfi/S+fence.w.w+addr-rfi-ctrl.litmus
/opt/litmus-tests-riscv/tests/non-mixed-size/RELAX/Rfi/S+fence.w.w+addr-rfi-ctrlfencei.litmus
/opt/litmus-tests-riscv/tests/non-mixed-size/RELAX/Rfi/S+fence.w.w+addr-rfi-data.litmus
/opt/litmus-tests-riscv/tests/non-mixed-size/RELAX/Rfi/S+fence.w.w+ctrl-rfi-addr.litmus
/opt/litmus-tests-riscv/tests/non-mixed-size/RELAX/Rfi/S+fence.w.w+ctrl-rfi-ctrl.litmus
/opt/litmus-tests-riscv/tests/non-mixed-size/RELAX/Rfi/S+fence.w.w+ctrl-rfi-ctrlfencei.litmus
/opt/litmus-tests-riscv/tests/non-mixed-size/RELAX/Rfi/S+fence.w.w+ctrl-rfi-data.litmus
/opt/litmus-tests-riscv/tests/non-mixed-size/RELAX/Rfi/S+fence.w.w+ctrlfencei-rfi-addr.litmus
/opt/litmus-tests-riscv/tests/non-mixed-size/RELAX/Rfi/S+fence.w.w+ctrlfencei-rfi-ctrl.litmus
/opt/litmus-tests-riscv/tests/non-mixed-size/RELAX/Rfi/S+fence.w.w+ctrlfencei-rfi-ctrlfencei.litmus
/opt/litmus-tests-riscv/tests/non-mixed-size/RELAX/Rfi/S+fence.w.w+ctrlfencei-rfi-data.litmus
/opt/litmus-tests-riscv/tests/non-mixed-size/RELAX/Rfi/S+fence.w.w+data-rfi-addr.litmus
/opt/litmus-tests-riscv/tests/non-mixed-size/RELAX/Rfi/S+fence.w.w+data-rfi-ctrl.litmus
/opt/litmus-tests-riscv/tests/non-mixed-size/RELAX/Rfi/S+fence.w.w+data-rfi-ctrlfencei.litmus
/opt/litmus-tests-riscv/tests/non-mixed-size/RELAX/Rfi/S+fence.w.w+data-rfi-data.litmus
/opt/litmus-tests-riscv/tests/non-mixed-size/RELAX/Rfi/S+rfi-addr+addr-rfi-addr.litmus
/opt/litmus-tests-riscv/tests/non-mixed-size/RELAX/Rfi/S+rfi-addr+addr-rfi-ctrl.litmus
/opt/litmus-tests-riscv/tests/non-mixed-size/RELAX/Rfi/S+rfi-addr+addr-rfi-ctrlfencei.litmus
/opt/litmus-tests-riscv/tests/non-mixed-size/RELAX/Rfi/S+rfi-addr+addr-rfi-data.litmus
/opt/litmus-tests-riscv/tests/non-mixed-size/RELAX/Rfi/S+rfi-addr+addr.litmus
/opt/litmus-tests-riscv/tests/non-mixed-size/RELAX/Rfi/S+rfi-addr+ctrl-rfi-addr.litmus
/opt/litmus-tests-riscv/tests/non-mixed-size/RELAX/Rfi/S+rfi-addr+ctrl-rfi-ctrl.litmus
/opt/litmus-tests-riscv/tests/non-mixed-size/RELAX/Rfi/S+rfi-addr+ctrl-rfi-ctrlfencei.litmus
/opt/litmus-tests-riscv/tests/non-mixed-size/RELAX/Rfi/S+rfi-addr+ctrl-rfi-data.litmus
/opt/litmus-tests-riscv/tests/non-mixed-size/RELAX/Rfi/S+rfi-addr+ctrl.litmus
/opt/litmus-tests-riscv/tests/non-mixed-size/RELAX/Rfi/S+rfi-addr+ctrlfencei-rfi-addr.litmus
/opt/litmus-tests-riscv/tests/non-mixed-size/RELAX/Rfi/S+rfi-addr+ctrlfencei-rfi-ctrl.litmus
/opt/litmus-tests-riscv/tests/non-mixed-size/RELAX/Rfi/S+rfi-addr+ctrlfencei-rfi-ctrlfencei.litmus
/opt/litmus-tests-riscv/tests/non-mixed-size/RELAX/Rfi/S+rfi-addr+ctrlfencei-rfi-data.litmus
/opt/litmus-tests-riscv/tests/non-mixed-size/RELAX/Rfi/S+rfi-addr+ctrlfencei.litmus
/opt/litmus-tests-riscv/tests/non-mixed-size/RELAX/Rfi/S+rfi-addr+data-rfi-addr.litmus
/opt/litmus-tests-riscv/tests/non-mixed-size/RELAX/Rfi/S+rfi-addr+data-rfi-ctrl.litmus
/opt/litmus-tests-riscv/tests/non-mixed-size/RELAX/Rfi/S+rfi-addr+data-rfi-ctrlfencei.litmus
/opt/litmus-tests-riscv/tests/non-mixed-size/RELAX/Rfi/S+rfi-addr+data-rfi-data.litmus
/opt/litmus-tests-riscv/tests/non-mixed-size/RELAX/Rfi/S+rfi-addr+data.litmus
/opt/litmus-tests-riscv/tests/non-mixed-size/RELAX/Rfi/S+rfi-addr+fence.r.rw.litmus
/opt/litmus-tests-riscv/tests/non-mixed-size/RELAX/Rfi/S+rfi-addr+fence.rw.rw.litmus
/opt/litmus-tests-riscv/tests/non-mixed-size/RELAX/Rfi/S+rfi-addr+fence.rw.w.litmus
/opt/litmus-tests-riscv/tests/non-mixed-size/RELAX/Rfi/S+rfi-ctrl+addr-rfi-addr.litmus
/opt/litmus-tests-riscv/tests/non-mixed-size/RELAX/Rfi/S+rfi-ctrl+addr-rfi-ctrl.litmus
/opt/litmus-tests-riscv/tests/non-mixed-size/RELAX/Rfi/S+rfi-ctrl+addr-rfi-ctrlfencei.litmus
/opt/litmus-tests-riscv/tests/non-mixed-size/RELAX/Rfi/S+rfi-ctrl+addr-rfi-data.litmus
/opt/litmus-tests-riscv/tests/non-mixed-size/RELAX/Rfi/S+rfi-ctrl+addr.litmus
/opt/litmus-tests-riscv/tests/non-mixed-size/RELAX/Rfi/S+rfi-ctrl+ctrl-rfi-addr.litmus
/opt/litmus-tests-riscv/tests/non-mixed-size/RELAX/Rfi/S+rfi-ctrl+ctrl-rfi-ctrl.litmus
/opt/litmus-tests-riscv/tests/non-mixed-size/RELAX/Rfi/S+rfi-ctrl+ctrl-rfi-ctrlfencei.litmus
/opt/litmus-tests-riscv/tests/non-mixed-size/RELAX/Rfi/S+rfi-ctrl+ctrl-rfi-data.litmus
/opt/litmus-tests-riscv/tests/non-mixed-size/RELAX/Rfi/S+rfi-ctrl+ctrl.litmus
/opt/litmus-tests-riscv/tests/non-mixed-size/RELAX/Rfi/S+rfi-ctrl+ctrlfencei-rfi-addr.litmus
/opt/litmus-tests-riscv/tests/non-mixed-size/RELAX/Rfi/S+rfi-ctrl+ctrlfencei-rfi-ctrl.litmus
/opt/litmus-tests-riscv/tests/non-mixed-size/RELAX/Rfi/S+rfi-ctrl+ctrlfencei-rfi-ctrlfencei.litmus
/opt/litmus-tests-riscv/tests/non-mixed-size/RELAX/Rfi/S+rfi-ctrl+ctrlfencei-rfi-data.litmus
/opt/litmus-tests-riscv/tests/non-mixed-size/RELAX/Rfi/S+rfi-ctrl+ctrlfencei.litmus
/opt/litmus-tests-riscv/tests/non-mixed-size/RELAX/Rfi/S+rfi-ctrl+data-rfi-addr.litmus
/opt/litmus-tests-riscv/tests/non-mixed-size/RELAX/Rfi/S+rfi-ctrl+data-rfi-ctrl.litmus
/opt/litmus-tests-riscv/tests/non-mixed-size/RELAX/Rfi/S+rfi-ctrl+data-rfi-ctrlfencei.litmus
/opt/litmus-tests-riscv/tests/non-mixed-size/RELAX/Rfi/S+rfi-ctrl+data-rfi-data.litmus
/opt/litmus-tests-riscv/tests/non-mixed-size/RELAX/Rfi/S+rfi-ctrl+data.litmus
/opt/litmus-tests-riscv/tests/non-mixed-size/RELAX/Rfi/S+rfi-ctrl+fence.r.rw.litmus
/opt/litmus-tests-riscv/tests/non-mixed-size/RELAX/Rfi/S+rfi-ctrl+fence.rw.rw.litmus
/opt/litmus-tests-riscv/tests/non-mixed-size/RELAX/Rfi/S+rfi-ctrl+fence.rw.w.litmus
/opt/litmus-tests-riscv/tests/non-mixed-size/RELAX/Rfi/S+rfi-ctrlfencei+addr-rfi-addr.litmus
/opt/litmus-tests-riscv/tests/non-mixed-size/RELAX/Rfi/S+rfi-ctrlfencei+addr-rfi-ctrl.litmus
/opt/litmus-tests-riscv/tests/non-mixed-size/RELAX/Rfi/S+rfi-ctrlfencei+addr-rfi-ctrlfencei.litmus
/opt/litmus-tests-riscv/tests/non-mixed-size/RELAX/Rfi/S+rfi-ctrlfencei+addr-rfi-data.litmus
/opt/litmus-tests-riscv/tests/non-mixed-size/RELAX/Rfi/S+rfi-ctrlfencei+addr.litmus
/opt/litmus-tests-riscv/tests/non-mixed-size/RELAX/Rfi/S+rfi-ctrlfencei+ctrl-rfi-addr.litmus
/opt/litmus-tests-riscv/tests/non-mixed-size/RELAX/Rfi/S+rfi-ctrlfencei+ctrl-rfi-ctrl.litmus
/opt/litmus-tests-riscv/tests/non-mixed-size/RELAX/Rfi/S+rfi-ctrlfencei+ctrl-rfi-ctrlfencei.litmus
/opt/litmus-tests-riscv/tests/non-mixed-size/RELAX/Rfi/S+rfi-ctrlfencei+ctrl-rfi-data.litmus
/opt/litmus-tests-riscv/tests/non-mixed-size/RELAX/Rfi/S+rfi-ctrlfencei+ctrl.litmus
/opt/litmus-tests-riscv/tests/non-mixed-size/RELAX/Rfi/S+rfi-ctrlfencei+ctrlfencei-rfi-addr.litmus
/opt/litmus-tests-riscv/tests/non-mixed-size/RELAX/Rfi/S+rfi-ctrlfencei+ctrlfencei-rfi-ctrl.litmus
/opt/litmus-tests-riscv/tests/non-mixed-size/RELAX/Rfi/S+rfi-ctrlfencei+ctrlfencei-rfi-ctrlfencei.litmus
/opt/litmus-tests-riscv/tests/non-mixed-size/RELAX/Rfi/S+rfi-ctrlfencei+ctrlfencei-rfi-data.litmus
/opt/litmus-tests-riscv/tests/non-mixed-size/RELAX/Rfi/S+rfi-ctrlfencei+ctrlfencei.litmus
/opt/litmus-tests-riscv/tests/non-mixed-size/RELAX/Rfi/S+rfi-ctrlfencei+data-rfi-addr.litmus
/opt/litmus-tests-riscv/tests/non-mixed-size/RELAX/Rfi/S+rfi-ctrlfencei+data-rfi-ctrl.litmus
/opt/litmus-tests-riscv/tests/non-mixed-size/RELAX/Rfi/S+rfi-ctrlfencei+data-rfi-ctrlfencei.litmus
/opt/litmus-tests-riscv/tests/non-mixed-size/RELAX/Rfi/S+rfi-ctrlfencei+data-rfi-data.litmus
/opt/litmus-tests-riscv/tests/non-mixed-size/RELAX/Rfi/S+rfi-ctrlfencei+data.litmus
/opt/litmus-tests-riscv/tests/non-mixed-size/RELAX/Rfi/S+rfi-ctrlfencei+fence.r.rw.litmus
/opt/litmus-tests-riscv/tests/non-mixed-size/RELAX/Rfi/S+rfi-ctrlfencei+fence.rw.rw.litmus
/opt/litmus-tests-riscv/tests/non-mixed-size/RELAX/Rfi/S+rfi-ctrlfencei+fence.rw.w.litmus
/opt/litmus-tests-riscv/tests/non-mixed-size/RELAX/Rfi/S+rfi-data+addr-rfi-addr.litmus
/opt/litmus-tests-riscv/tests/non-mixed-size/RELAX/Rfi/S+rfi-data+addr-rfi-ctrl.litmus
/opt/litmus-tests-riscv/tests/non-mixed-size/RELAX/Rfi/S+rfi-data+addr-rfi-ctrlfencei.litmus
/opt/litmus-tests-riscv/tests/non-mixed-size/RELAX/Rfi/S+rfi-data+addr-rfi-data.litmus
/opt/litmus-tests-riscv/tests/non-mixed-size/RELAX/Rfi/S+rfi-data+addr.litmus
/opt/litmus-tests-riscv/tests/non-mixed-size/RELAX/Rfi/S+rfi-data+ctrl-rfi-addr.litmus
/opt/litmus-tests-riscv/tests/non-mixed-size/RELAX/Rfi/S+rfi-data+ctrl-rfi-ctrl.litmus
/opt/litmus-tests-riscv/tests/non-mixed-size/RELAX/Rfi/S+rfi-data+ctrl-rfi-ctrlfencei.litmus
/opt/litmus-tests-riscv/tests/non-mixed-size/RELAX/Rfi/S+rfi-data+ctrl-rfi-data.litmus
/opt/litmus-tests-riscv/tests/non-mixed-size/RELAX/Rfi/S+rfi-data+ctrl.litmus
/opt/litmus-tests-riscv/tests/non-mixed-size/RELAX/Rfi/S+rfi-data+ctrlfencei-rfi-addr.litmus
/opt/litmus-tests-riscv/tests/non-mixed-size/RELAX/Rfi/S+rfi-data+ctrlfencei-rfi-ctrl.litmus
/opt/litmus-tests-riscv/tests/non-mixed-size/RELAX/Rfi/S+rfi-data+ctrlfencei-rfi-ctrlfencei.litmus
/opt/litmus-tests-riscv/tests/non-mixed-size/RELAX/Rfi/S+rfi-data+ctrlfencei-rfi-data.litmus
/opt/litmus-tests-riscv/tests/non-mixed-size/RELAX/Rfi/S+rfi-data+ctrlfencei.litmus
/opt/litmus-tests-riscv/tests/non-mixed-size/RELAX/Rfi/S+rfi-data+data-rfi-addr.litmus
/opt/litmus-tests-riscv/tests/non-mixed-size/RELAX/Rfi/S+rfi-data+data-rfi-ctrl.litmus
/opt/litmus-tests-riscv/tests/non-mixed-size/RELAX/Rfi/S+rfi-data+data-rfi-ctrlfencei.litmus
/opt/litmus-tests-riscv/tests/non-mixed-size/RELAX/Rfi/S+rfi-data+data-rfi-data.litmus
/opt/litmus-tests-riscv/tests/non-mixed-size/RELAX/Rfi/S+rfi-data+data.litmus
/opt/litmus-tests-riscv/tests/non-mixed-size/RELAX/Rfi/S+rfi-data+fence.r.rw.litmus
/opt/litmus-tests-riscv/tests/non-mixed-size/RELAX/Rfi/S+rfi-data+fence.rw.rw.litmus
/opt/litmus-tests-riscv/tests/non-mixed-size/RELAX/Rfi/S+rfi-data+fence.rw.w.litmus
/opt/litmus-tests-riscv/tests/non-mixed-size/RELAX/Rfi/SB+fence.rw.rw+pos-rfi-addr.litmus
/opt/litmus-tests-riscv/tests/non-mixed-size/RELAX/Rfi/SB+fence.rw.rw+pos-rfi-ctrlfencei.litmus
/opt/litmus-tests-riscv/tests/non-mixed-size/RELAX/Rfi/SB+fence.rw.rw+rfi-addr-rfi.litmus
/opt/litmus-tests-riscv/tests/non-mixed-size/RELAX/Rfi/SB+fence.rw.rw+rfi-addr.litmus
/opt/litmus-tests-riscv/tests/non-mixed-size/RELAX/Rfi/SB+fence.rw.rw+rfi-ctrl-rfi.litmus
/opt/litmus-tests-riscv/tests/non-mixed-size/RELAX/Rfi/SB+fence.rw.rw+rfi-ctrlfencei-rfi.litmus
/opt/litmus-tests-riscv/tests/non-mixed-size/RELAX/Rfi/SB+fence.rw.rw+rfi-ctrlfencei.litmus
/opt/litmus-tests-riscv/tests/non-mixed-size/RELAX/Rfi/SB+fence.rw.rw+rfi-data-rfi.litmus
/opt/litmus-tests-riscv/tests/non-mixed-size/RELAX/Rfi/SB+pos-rfi-addr+pos-rfi-ctrlfencei.litmus
/opt/litmus-tests-riscv/tests/non-mixed-size/RELAX/Rfi/SB+pos-rfi-addrs.litmus
/opt/litmus-tests-riscv/tests/non-mixed-size/RELAX/Rfi/SB+pos-rfi-ctrlfenceis.litmus
/opt/litmus-tests-riscv/tests/non-mixed-size/RELAX/Rfi/SB+rfi-addr+pos-rfi-addr.litmus
/opt/litmus-tests-riscv/tests/non-mixed-size/RELAX/Rfi/SB+rfi-addr+pos-rfi-ctrlfencei.litmus
/opt/litmus-tests-riscv/tests/non-mixed-size/RELAX/Rfi/SB+rfi-addr+rfi-addr-rfi.litmus
/opt/litmus-tests-riscv/tests/non-mixed-size/RELAX/Rfi/SB+rfi-addr+rfi-ctrl-rfi.litmus
/opt/litmus-tests-riscv/tests/non-mixed-size/RELAX/Rfi/SB+rfi-addr+rfi-ctrlfencei-rfi.litmus
/opt/litmus-tests-riscv/tests/non-mixed-size/RELAX/Rfi/SB+rfi-addr+rfi-ctrlfencei.litmus
/opt/litmus-tests-riscv/tests/non-mixed-size/RELAX/Rfi/SB+rfi-addr+rfi-data-rfi.litmus
/opt/litmus-tests-riscv/tests/non-mixed-size/RELAX/Rfi/SB+rfi-addr-rfi+rfi-ctrl-rfi.litmus
/opt/litmus-tests-riscv/tests/non-mixed-size/RELAX/Rfi/SB+rfi-addr-rfi+rfi-ctrlfencei-rfi.litmus
/opt/litmus-tests-riscv/tests/non-mixed-size/RELAX/Rfi/SB+rfi-addr-rfi+rfi-data-rfi.litmus
/opt/litmus-tests-riscv/tests/non-mixed-size/RELAX/Rfi/SB+rfi-addr-rfis.litmus
/opt/litmus-tests-riscv/tests/non-mixed-size/RELAX/Rfi/SB+rfi-addrs.litmus
/opt/litmus-tests-riscv/tests/non-mixed-size/RELAX/Rfi/SB+rfi-ctrl-rfi+rfi-ctrlfencei-rfi.litmus
/opt/litmus-tests-riscv/tests/non-mixed-size/RELAX/Rfi/SB+rfi-ctrl-rfis.litmus
/opt/litmus-tests-riscv/tests/non-mixed-size/RELAX/Rfi/SB+rfi-ctrlfencei+pos-rfi-addr.litmus
/opt/litmus-tests-riscv/tests/non-mixed-size/RELAX/Rfi/SB+rfi-ctrlfencei+pos-rfi-ctrlfencei.litmus
/opt/litmus-tests-riscv/tests/non-mixed-size/RELAX/Rfi/SB+rfi-ctrlfencei+rfi-addr-rfi.litmus
/opt/litmus-tests-riscv/tests/non-mixed-size/RELAX/Rfi/SB+rfi-ctrlfencei+rfi-ctrl-rfi.litmus
/opt/litmus-tests-riscv/tests/non-mixed-size/RELAX/Rfi/SB+rfi-ctrlfencei+rfi-ctrlfencei-rfi.litmus
/opt/litmus-tests-riscv/tests/non-mixed-size/RELAX/Rfi/SB+rfi-ctrlfencei+rfi-data-rfi.litmus
/opt/litmus-tests-riscv/tests/non-mixed-size/RELAX/Rfi/SB+rfi-ctrlfencei-rfis.litmus
/opt/litmus-tests-riscv/tests/non-mixed-size/RELAX/Rfi/SB+rfi-ctrlfenceis.litmus
/opt/litmus-tests-riscv/tests/non-mixed-size/RELAX/Rfi/SB+rfi-data-rfi+rfi-ctrl-rfi.litmus
/opt/litmus-tests-riscv/tests/non-mixed-size/RELAX/Rfi/SB+rfi-data-rfi+rfi-ctrlfencei-rfi.litmus
/opt/litmus-tests-riscv/tests/non-mixed-size/RELAX/Rfi/SB+rfi-data-rfis.litmus
/opt/litmus-tests-riscv/tests/non-mixed-size/RelAcq_2_THREAD/2+2W.litmus
/opt/litmus-tests-riscv/tests/non-mixed-size/RelAcq_2_THREAD/LB.litmus
/opt/litmus-tests-riscv/tests/non-mixed-size/RelAcq_2_THREAD/MP.litmus
/opt/litmus-tests-riscv/tests/non-mixed-size/RelAcq_2_THREAD/R.litmus
/opt/litmus-tests-riscv/tests/non-mixed-size/RelAcq_2_THREAD/S.litmus
/opt/litmus-tests-riscv/tests/non-mixed-size/RelAcq_2_THREAD/SB.litmus
/opt/litmus-tests-riscv/tests/non-mixed-size/SAFE/2+2W+[rf-addr-fr]+fence.rw.rw.litmus
/opt/litmus-tests-riscv/tests/non-mixed-size/SAFE/2+2W+[rf-addr-fr]+fence.rw.w.litmus
/opt/litmus-tests-riscv/tests/non-mixed-size/SAFE/2+2W+[rf-addr-fr]+fence.w.w.litmus
/opt/litmus-tests-riscv/tests/non-mixed-size/SAFE/2+2W+[rf-ctrlfencei-fr]+fence.rw.rw.litmus
/opt/litmus-tests-riscv/tests/non-mixed-size/SAFE/2+2W+[rf-ctrlfencei-fr]+fence.rw.w.litmus
/opt/litmus-tests-riscv/tests/non-mixed-size/SAFE/2+2W+[rf-ctrlfencei-fr]+fence.w.w.litmus
/opt/litmus-tests-riscv/tests/non-mixed-size/SAFE/2+2W+[rf-fence.r.rw-fr]+fence.rw.rw.litmus
/opt/litmus-tests-riscv/tests/non-mixed-size/SAFE/2+2W+[rf-fence.r.rw-fr]+fence.rw.w.litmus
/opt/litmus-tests-riscv/tests/non-mixed-size/SAFE/2+2W+[rf-fence.r.rw-fr]+fence.w.w.litmus
/opt/litmus-tests-riscv/tests/non-mixed-size/SAFE/2+2W+[rf-fence.rw.rw-fr]+fence.rw.rw.litmus
/opt/litmus-tests-riscv/tests/non-mixed-size/SAFE/2+2W+[rf-fence.rw.rw-fr]+fence.rw.w.litmus
/opt/litmus-tests-riscv/tests/non-mixed-size/SAFE/2+2W+[rf-fence.rw.rw-fr]+fence.w.w.litmus
/opt/litmus-tests-riscv/tests/non-mixed-size/SAFE/2+2W+fence.rw.rws.litmus
/opt/litmus-tests-riscv/tests/non-mixed-size/SAFE/2+2W+fence.rw.w+fence.rw.rw.litmus
/opt/litmus-tests-riscv/tests/non-mixed-size/SAFE/2+2W+fence.rw.ws.litmus
/opt/litmus-tests-riscv/tests/non-mixed-size/SAFE/2+2W+fence.w.w+fence.rw.rw.litmus
/opt/litmus-tests-riscv/tests/non-mixed-size/SAFE/2+2W+fence.w.w+fence.rw.w.litmus
/opt/litmus-tests-riscv/tests/non-mixed-size/SAFE/2+2W+fence.w.ws.litmus
/opt/litmus-tests-riscv/tests/non-mixed-size/SAFE/3.2W+fence.rw.rws.litmus
/opt/litmus-tests-riscv/tests/non-mixed-size/SAFE/3.2W+fence.rw.w+fence.rw.rw+fence.rw.rw.litmus
/opt/litmus-tests-riscv/tests/non-mixed-size/SAFE/3.2W+fence.rw.w+fence.rw.w+fence.rw.rw.litmus
/opt/litmus-tests-riscv/tests/non-mixed-size/SAFE/3.2W+fence.rw.ws.litmus
/opt/litmus-tests-riscv/tests/non-mixed-size/SAFE/3.2W+fence.w.w+fence.rw.rw+fence.rw.rw.litmus
/opt/litmus-tests-riscv/tests/non-mixed-size/SAFE/3.2W+fence.w.w+fence.rw.rw+fence.rw.w.litmus
/opt/litmus-tests-riscv/tests/non-mixed-size/SAFE/3.2W+fence.w.w+fence.rw.w+fence.rw.rw.litmus
/opt/litmus-tests-riscv/tests/non-mixed-size/SAFE/3.2W+fence.w.w+fence.rw.w+fence.rw.w.litmus
/opt/litmus-tests-riscv/tests/non-mixed-size/SAFE/3.2W+fence.w.w+fence.w.w+fence.rw.rw.litmus
/opt/litmus-tests-riscv/tests/non-mixed-size/SAFE/3.2W+fence.w.w+fence.w.w+fence.rw.w.litmus
/opt/litmus-tests-riscv/tests/non-mixed-size/SAFE/3.2W+fence.w.ws.litmus
/opt/litmus-tests-riscv/tests/non-mixed-size/SAFE/3.LB+addr+addr+ctrl.litmus
/opt/litmus-tests-riscv/tests/non-mixed-size/SAFE/3.LB+addr+addr+ctrlfencei.litmus
/opt/litmus-tests-riscv/tests/non-mixed-size/SAFE/3.LB+addr+addr+data.litmus
/opt/litmus-tests-riscv/tests/non-mixed-size/SAFE/3.LB+addr+addr+pos.litmus
/opt/litmus-tests-riscv/tests/non-mixed-size/SAFE/3.LB+addr+ctrl+ctrl.litmus
/opt/litmus-tests-riscv/tests/non-mixed-size/SAFE/3.LB+addr+ctrl+ctrlfencei.litmus
/opt/litmus-tests-riscv/tests/non-mixed-size/SAFE/3.LB+addr+ctrl+data.litmus
/opt/litmus-tests-riscv/tests/non-mixed-size/SAFE/3.LB+addr+ctrl+pos.litmus
/opt/litmus-tests-riscv/tests/non-mixed-size/SAFE/3.LB+addr+ctrlfencei+ctrl.litmus
/opt/litmus-tests-riscv/tests/non-mixed-size/SAFE/3.LB+addr+ctrlfencei+ctrlfencei.litmus
/opt/litmus-tests-riscv/tests/non-mixed-size/SAFE/3.LB+addr+ctrlfencei+data.litmus
/opt/litmus-tests-riscv/tests/non-mixed-size/SAFE/3.LB+addr+ctrlfencei+pos.litmus
/opt/litmus-tests-riscv/tests/non-mixed-size/SAFE/3.LB+addr+data+ctrl.litmus
/opt/litmus-tests-riscv/tests/non-mixed-size/SAFE/3.LB+addr+data+ctrlfencei.litmus
/opt/litmus-tests-riscv/tests/non-mixed-size/SAFE/3.LB+addr+data+data.litmus
/opt/litmus-tests-riscv/tests/non-mixed-size/SAFE/3.LB+addr+data+pos.litmus
/opt/litmus-tests-riscv/tests/non-mixed-size/SAFE/3.LB+addr+pos+ctrl.litmus
/opt/litmus-tests-riscv/tests/non-mixed-size/SAFE/3.LB+addr+pos+ctrlfencei.litmus
/opt/litmus-tests-riscv/tests/non-mixed-size/SAFE/3.LB+addr+pos+data.litmus
/opt/litmus-tests-riscv/tests/non-mixed-size/SAFE/3.LB+addrs.litmus
/opt/litmus-tests-riscv/tests/non-mixed-size/SAFE/3.LB+ctrl+ctrl+ctrlfencei.litmus
/opt/litmus-tests-riscv/tests/non-mixed-size/SAFE/3.LB+ctrl+ctrl+pos.litmus
/opt/litmus-tests-riscv/tests/non-mixed-size/SAFE/3.LB+ctrl+ctrlfencei+ctrlfencei.litmus
/opt/litmus-tests-riscv/tests/non-mixed-size/SAFE/3.LB+ctrl+ctrlfencei+pos.litmus
/opt/litmus-tests-riscv/tests/non-mixed-size/SAFE/3.LB+ctrl+pos+ctrlfencei.litmus
/opt/litmus-tests-riscv/tests/non-mixed-size/SAFE/3.LB+ctrlfencei+ctrlfencei+pos.litmus
/opt/litmus-tests-riscv/tests/non-mixed-size/SAFE/3.LB+ctrlfenceis.litmus
/opt/litmus-tests-riscv/tests/non-mixed-size/SAFE/3.LB+ctrls.litmus
/opt/litmus-tests-riscv/tests/non-mixed-size/SAFE/3.LB+data+ctrl+ctrl.litmus
/opt/litmus-tests-riscv/tests/non-mixed-size/SAFE/3.LB+data+ctrl+ctrlfencei.litmus
/opt/litmus-tests-riscv/tests/non-mixed-size/SAFE/3.LB+data+ctrl+pos.litmus
/opt/litmus-tests-riscv/tests/non-mixed-size/SAFE/3.LB+data+ctrlfencei+ctrl.litmus
/opt/litmus-tests-riscv/tests/non-mixed-size/SAFE/3.LB+data+ctrlfencei+ctrlfencei.litmus
/opt/litmus-tests-riscv/tests/non-mixed-size/SAFE/3.LB+data+ctrlfencei+pos.litmus
/opt/litmus-tests-riscv/tests/non-mixed-size/SAFE/3.LB+data+data+ctrl.litmus
/opt/litmus-tests-riscv/tests/non-mixed-size/SAFE/3.LB+data+data+ctrlfencei.litmus
/opt/litmus-tests-riscv/tests/non-mixed-size/SAFE/3.LB+data+data+pos.litmus
/opt/litmus-tests-riscv/tests/non-mixed-size/SAFE/3.LB+data+pos+ctrl.litmus
/opt/litmus-tests-riscv/tests/non-mixed-size/SAFE/3.LB+data+pos+ctrlfencei.litmus
/opt/litmus-tests-riscv/tests/non-mixed-size/SAFE/3.LB+datas.litmus
/opt/litmus-tests-riscv/tests/non-mixed-size/SAFE/3.LB+fence.r.rw+addr+addr.litmus
/opt/litmus-tests-riscv/tests/non-mixed-size/SAFE/3.LB+fence.r.rw+addr+ctrl.litmus
/opt/litmus-tests-riscv/tests/non-mixed-size/SAFE/3.LB+fence.r.rw+addr+ctrlfencei.litmus
/opt/litmus-tests-riscv/tests/non-mixed-size/SAFE/3.LB+fence.r.rw+addr+data.litmus
/opt/litmus-tests-riscv/tests/non-mixed-size/SAFE/3.LB+fence.r.rw+addr+fence.rw.rw.litmus
/opt/litmus-tests-riscv/tests/non-mixed-size/SAFE/3.LB+fence.r.rw+addr+fence.rw.w.litmus
/opt/litmus-tests-riscv/tests/non-mixed-size/SAFE/3.LB+fence.r.rw+addr+pos.litmus
/opt/litmus-tests-riscv/tests/non-mixed-size/SAFE/3.LB+fence.r.rw+ctrl+addr.litmus
/opt/litmus-tests-riscv/tests/non-mixed-size/SAFE/3.LB+fence.r.rw+ctrl+ctrl.litmus
/opt/litmus-tests-riscv/tests/non-mixed-size/SAFE/3.LB+fence.r.rw+ctrl+ctrlfencei.litmus
/opt/litmus-tests-riscv/tests/non-mixed-size/SAFE/3.LB+fence.r.rw+ctrl+data.litmus
/opt/litmus-tests-riscv/tests/non-mixed-size/SAFE/3.LB+fence.r.rw+ctrl+fence.rw.rw.litmus
/opt/litmus-tests-riscv/tests/non-mixed-size/SAFE/3.LB+fence.r.rw+ctrl+fence.rw.w.litmus
/opt/litmus-tests-riscv/tests/non-mixed-size/SAFE/3.LB+fence.r.rw+ctrl+pos.litmus
/opt/litmus-tests-riscv/tests/non-mixed-size/SAFE/3.LB+fence.r.rw+ctrlfencei+addr.litmus
/opt/litmus-tests-riscv/tests/non-mixed-size/SAFE/3.LB+fence.r.rw+ctrlfencei+ctrl.litmus
/opt/litmus-tests-riscv/tests/non-mixed-size/SAFE/3.LB+fence.r.rw+ctrlfencei+ctrlfencei.litmus
/opt/litmus-tests-riscv/tests/non-mixed-size/SAFE/3.LB+fence.r.rw+ctrlfencei+data.litmus
/opt/litmus-tests-riscv/tests/non-mixed-size/SAFE/3.LB+fence.r.rw+ctrlfencei+fence.rw.rw.litmus
/opt/litmus-tests-riscv/tests/non-mixed-size/SAFE/3.LB+fence.r.rw+ctrlfencei+fence.rw.w.litmus
/opt/litmus-tests-riscv/tests/non-mixed-size/SAFE/3.LB+fence.r.rw+ctrlfencei+pos.litmus
/opt/litmus-tests-riscv/tests/non-mixed-size/SAFE/3.LB+fence.r.rw+data+addr.litmus
/opt/litmus-tests-riscv/tests/non-mixed-size/SAFE/3.LB+fence.r.rw+data+ctrl.litmus
/opt/litmus-tests-riscv/tests/non-mixed-size/SAFE/3.LB+fence.r.rw+data+ctrlfencei.litmus
/opt/litmus-tests-riscv/tests/non-mixed-size/SAFE/3.LB+fence.r.rw+data+data.litmus
/opt/litmus-tests-riscv/tests/non-mixed-size/SAFE/3.LB+fence.r.rw+data+fence.rw.rw.litmus
/opt/litmus-tests-riscv/tests/non-mixed-size/SAFE/3.LB+fence.r.rw+data+fence.rw.w.litmus
/opt/litmus-tests-riscv/tests/non-mixed-size/SAFE/3.LB+fence.r.rw+data+pos.litmus
/opt/litmus-tests-riscv/tests/non-mixed-size/SAFE/3.LB+fence.r.rw+fence.r.rw+addr.litmus
/opt/litmus-tests-riscv/tests/non-mixed-size/SAFE/3.LB+fence.r.rw+fence.r.rw+ctrl.litmus
/opt/litmus-tests-riscv/tests/non-mixed-size/SAFE/3.LB+fence.r.rw+fence.r.rw+ctrlfencei.litmus
/opt/litmus-tests-riscv/tests/non-mixed-size/SAFE/3.LB+fence.r.rw+fence.r.rw+data.litmus
/opt/litmus-tests-riscv/tests/non-mixed-size/SAFE/3.LB+fence.r.rw+fence.r.rw+fence.rw.rw.litmus
/opt/litmus-tests-riscv/tests/non-mixed-size/SAFE/3.LB+fence.r.rw+fence.r.rw+fence.rw.w.litmus
/opt/litmus-tests-riscv/tests/non-mixed-size/SAFE/3.LB+fence.r.rw+fence.r.rw+pos.litmus
/opt/litmus-tests-riscv/tests/non-mixed-size/SAFE/3.LB+fence.r.rw+fence.rw.rw+addr.litmus
/opt/litmus-tests-riscv/tests/non-mixed-size/SAFE/3.LB+fence.r.rw+fence.rw.rw+ctrl.litmus
/opt/litmus-tests-riscv/tests/non-mixed-size/SAFE/3.LB+fence.r.rw+fence.rw.rw+ctrlfencei.litmus
/opt/litmus-tests-riscv/tests/non-mixed-size/SAFE/3.LB+fence.r.rw+fence.rw.rw+data.litmus
/opt/litmus-tests-riscv/tests/non-mixed-size/SAFE/3.LB+fence.r.rw+fence.rw.rw+fence.rw.rw.litmus
/opt/litmus-tests-riscv/tests/non-mixed-size/SAFE/3.LB+fence.r.rw+fence.rw.rw+fence.rw.w.litmus
/opt/litmus-tests-riscv/tests/non-mixed-size/SAFE/3.LB+fence.r.rw+fence.rw.rw+pos.litmus
/opt/litmus-tests-riscv/tests/non-mixed-size/SAFE/3.LB+fence.r.rw+fence.rw.w+addr.litmus
/opt/litmus-tests-riscv/tests/non-mixed-size/SAFE/3.LB+fence.r.rw+fence.rw.w+ctrl.litmus
/opt/litmus-tests-riscv/tests/non-mixed-size/SAFE/3.LB+fence.r.rw+fence.rw.w+ctrlfencei.litmus
/opt/litmus-tests-riscv/tests/non-mixed-size/SAFE/3.LB+fence.r.rw+fence.rw.w+data.litmus
/opt/litmus-tests-riscv/tests/non-mixed-size/SAFE/3.LB+fence.r.rw+fence.rw.w+fence.rw.rw.litmus
/opt/litmus-tests-riscv/tests/non-mixed-size/SAFE/3.LB+fence.r.rw+fence.rw.w+fence.rw.w.litmus
/opt/litmus-tests-riscv/tests/non-mixed-size/SAFE/3.LB+fence.r.rw+fence.rw.w+pos.litmus
/opt/litmus-tests-riscv/tests/non-mixed-size/SAFE/3.LB+fence.r.rw+pos+addr.litmus
/opt/litmus-tests-riscv/tests/non-mixed-size/SAFE/3.LB+fence.r.rw+pos+ctrl.litmus
/opt/litmus-tests-riscv/tests/non-mixed-size/SAFE/3.LB+fence.r.rw+pos+ctrlfencei.litmus
/opt/litmus-tests-riscv/tests/non-mixed-size/SAFE/3.LB+fence.r.rw+pos+data.litmus
/opt/litmus-tests-riscv/tests/non-mixed-size/SAFE/3.LB+fence.r.rw+pos+fence.rw.rw.litmus
/opt/litmus-tests-riscv/tests/non-mixed-size/SAFE/3.LB+fence.r.rw+pos+fence.rw.w.litmus
/opt/litmus-tests-riscv/tests/non-mixed-size/SAFE/3.LB+fence.r.rws.litmus
/opt/litmus-tests-riscv/tests/non-mixed-size/SAFE/3.LB+fence.rw.rw+addr+addr.litmus
/opt/litmus-tests-riscv/tests/non-mixed-size/SAFE/3.LB+fence.rw.rw+addr+ctrl.litmus
/opt/litmus-tests-riscv/tests/non-mixed-size/SAFE/3.LB+fence.rw.rw+addr+ctrlfencei.litmus
/opt/litmus-tests-riscv/tests/non-mixed-size/SAFE/3.LB+fence.rw.rw+addr+data.litmus
/opt/litmus-tests-riscv/tests/non-mixed-size/SAFE/3.LB+fence.rw.rw+addr+pos.litmus
/opt/litmus-tests-riscv/tests/non-mixed-size/SAFE/3.LB+fence.rw.rw+ctrl+addr.litmus
/opt/litmus-tests-riscv/tests/non-mixed-size/SAFE/3.LB+fence.rw.rw+ctrl+ctrl.litmus
/opt/litmus-tests-riscv/tests/non-mixed-size/SAFE/3.LB+fence.rw.rw+ctrl+ctrlfencei.litmus
/opt/litmus-tests-riscv/tests/non-mixed-size/SAFE/3.LB+fence.rw.rw+ctrl+data.litmus
/opt/litmus-tests-riscv/tests/non-mixed-size/SAFE/3.LB+fence.rw.rw+ctrl+pos.litmus
/opt/litmus-tests-riscv/tests/non-mixed-size/SAFE/3.LB+fence.rw.rw+ctrlfencei+addr.litmus
/opt/litmus-tests-riscv/tests/non-mixed-size/SAFE/3.LB+fence.rw.rw+ctrlfencei+ctrl.litmus
/opt/litmus-tests-riscv/tests/non-mixed-size/SAFE/3.LB+fence.rw.rw+ctrlfencei+ctrlfencei.litmus
/opt/litmus-tests-riscv/tests/non-mixed-size/SAFE/3.LB+fence.rw.rw+ctrlfencei+data.litmus
/opt/litmus-tests-riscv/tests/non-mixed-size/SAFE/3.LB+fence.rw.rw+ctrlfencei+pos.litmus
/opt/litmus-tests-riscv/tests/non-mixed-size/SAFE/3.LB+fence.rw.rw+data+addr.litmus
/opt/litmus-tests-riscv/tests/non-mixed-size/SAFE/3.LB+fence.rw.rw+data+ctrl.litmus
/opt/litmus-tests-riscv/tests/non-mixed-size/SAFE/3.LB+fence.rw.rw+data+ctrlfencei.litmus
/opt/litmus-tests-riscv/tests/non-mixed-size/SAFE/3.LB+fence.rw.rw+data+data.litmus
/opt/litmus-tests-riscv/tests/non-mixed-size/SAFE/3.LB+fence.rw.rw+data+pos.litmus
/opt/litmus-tests-riscv/tests/non-mixed-size/SAFE/3.LB+fence.rw.rw+fence.rw.rw+addr.litmus
/opt/litmus-tests-riscv/tests/non-mixed-size/SAFE/3.LB+fence.rw.rw+fence.rw.rw+ctrl.litmus
/opt/litmus-tests-riscv/tests/non-mixed-size/SAFE/3.LB+fence.rw.rw+fence.rw.rw+ctrlfencei.litmus
/opt/litmus-tests-riscv/tests/non-mixed-size/SAFE/3.LB+fence.rw.rw+fence.rw.rw+data.litmus
/opt/litmus-tests-riscv/tests/non-mixed-size/SAFE/3.LB+fence.rw.rw+fence.rw.rw+pos.litmus
/opt/litmus-tests-riscv/tests/non-mixed-size/SAFE/3.LB+fence.rw.rw+pos+addr.litmus
/opt/litmus-tests-riscv/tests/non-mixed-size/SAFE/3.LB+fence.rw.rw+pos+ctrl.litmus
/opt/litmus-tests-riscv/tests/non-mixed-size/SAFE/3.LB+fence.rw.rw+pos+ctrlfencei.litmus
/opt/litmus-tests-riscv/tests/non-mixed-size/SAFE/3.LB+fence.rw.rw+pos+data.litmus
/opt/litmus-tests-riscv/tests/non-mixed-size/SAFE/3.LB+fence.rw.rws.litmus
/opt/litmus-tests-riscv/tests/non-mixed-size/SAFE/3.LB+fence.rw.w+addr+addr.litmus
/opt/litmus-tests-riscv/tests/non-mixed-size/SAFE/3.LB+fence.rw.w+addr+ctrl.litmus
/opt/litmus-tests-riscv/tests/non-mixed-size/SAFE/3.LB+fence.rw.w+addr+ctrlfencei.litmus
/opt/litmus-tests-riscv/tests/non-mixed-size/SAFE/3.LB+fence.rw.w+addr+data.litmus
/opt/litmus-tests-riscv/tests/non-mixed-size/SAFE/3.LB+fence.rw.w+addr+fence.rw.rw.litmus
/opt/litmus-tests-riscv/tests/non-mixed-size/SAFE/3.LB+fence.rw.w+addr+pos.litmus
/opt/litmus-tests-riscv/tests/non-mixed-size/SAFE/3.LB+fence.rw.w+ctrl+addr.litmus
/opt/litmus-tests-riscv/tests/non-mixed-size/SAFE/3.LB+fence.rw.w+ctrl+ctrl.litmus
/opt/litmus-tests-riscv/tests/non-mixed-size/SAFE/3.LB+fence.rw.w+ctrl+ctrlfencei.litmus
/opt/litmus-tests-riscv/tests/non-mixed-size/SAFE/3.LB+fence.rw.w+ctrl+data.litmus
/opt/litmus-tests-riscv/tests/non-mixed-size/SAFE/3.LB+fence.rw.w+ctrl+fence.rw.rw.litmus
/opt/litmus-tests-riscv/tests/non-mixed-size/SAFE/3.LB+fence.rw.w+ctrl+pos.litmus
/opt/litmus-tests-riscv/tests/non-mixed-size/SAFE/3.LB+fence.rw.w+ctrlfencei+addr.litmus
/opt/litmus-tests-riscv/tests/non-mixed-size/SAFE/3.LB+fence.rw.w+ctrlfencei+ctrl.litmus
/opt/litmus-tests-riscv/tests/non-mixed-size/SAFE/3.LB+fence.rw.w+ctrlfencei+ctrlfencei.litmus
/opt/litmus-tests-riscv/tests/non-mixed-size/SAFE/3.LB+fence.rw.w+ctrlfencei+data.litmus
/opt/litmus-tests-riscv/tests/non-mixed-size/SAFE/3.LB+fence.rw.w+ctrlfencei+fence.rw.rw.litmus
/opt/litmus-tests-riscv/tests/non-mixed-size/SAFE/3.LB+fence.rw.w+ctrlfencei+pos.litmus
/opt/litmus-tests-riscv/tests/non-mixed-size/SAFE/3.LB+fence.rw.w+data+addr.litmus
/opt/litmus-tests-riscv/tests/non-mixed-size/SAFE/3.LB+fence.rw.w+data+ctrl.litmus
/opt/litmus-tests-riscv/tests/non-mixed-size/SAFE/3.LB+fence.rw.w+data+ctrlfencei.litmus
/opt/litmus-tests-riscv/tests/non-mixed-size/SAFE/3.LB+fence.rw.w+data+data.litmus
/opt/litmus-tests-riscv/tests/non-mixed-size/SAFE/3.LB+fence.rw.w+data+fence.rw.rw.litmus
/opt/litmus-tests-riscv/tests/non-mixed-size/SAFE/3.LB+fence.rw.w+data+pos.litmus
/opt/litmus-tests-riscv/tests/non-mixed-size/SAFE/3.LB+fence.rw.w+fence.rw.rw+addr.litmus
/opt/litmus-tests-riscv/tests/non-mixed-size/SAFE/3.LB+fence.rw.w+fence.rw.rw+ctrl.litmus
/opt/litmus-tests-riscv/tests/non-mixed-size/SAFE/3.LB+fence.rw.w+fence.rw.rw+ctrlfencei.litmus
/opt/litmus-tests-riscv/tests/non-mixed-size/SAFE/3.LB+fence.rw.w+fence.rw.rw+data.litmus
/opt/litmus-tests-riscv/tests/non-mixed-size/SAFE/3.LB+fence.rw.w+fence.rw.rw+fence.rw.rw.litmus
/opt/litmus-tests-riscv/tests/non-mixed-size/SAFE/3.LB+fence.rw.w+fence.rw.rw+pos.litmus
/opt/litmus-tests-riscv/tests/non-mixed-size/SAFE/3.LB+fence.rw.w+fence.rw.w+addr.litmus
/opt/litmus-tests-riscv/tests/non-mixed-size/SAFE/3.LB+fence.rw.w+fence.rw.w+ctrl.litmus
/opt/litmus-tests-riscv/tests/non-mixed-size/SAFE/3.LB+fence.rw.w+fence.rw.w+ctrlfencei.litmus
/opt/litmus-tests-riscv/tests/non-mixed-size/SAFE/3.LB+fence.rw.w+fence.rw.w+data.litmus
/opt/litmus-tests-riscv/tests/non-mixed-size/SAFE/3.LB+fence.rw.w+fence.rw.w+fence.rw.rw.litmus
/opt/litmus-tests-riscv/tests/non-mixed-size/SAFE/3.LB+fence.rw.w+fence.rw.w+pos.litmus
/opt/litmus-tests-riscv/tests/non-mixed-size/SAFE/3.LB+fence.rw.w+pos+addr.litmus
/opt/litmus-tests-riscv/tests/non-mixed-size/SAFE/3.LB+fence.rw.w+pos+ctrl.litmus
/opt/litmus-tests-riscv/tests/non-mixed-size/SAFE/3.LB+fence.rw.w+pos+ctrlfencei.litmus
/opt/litmus-tests-riscv/tests/non-mixed-size/SAFE/3.LB+fence.rw.w+pos+data.litmus
/opt/litmus-tests-riscv/tests/non-mixed-size/SAFE/3.LB+fence.rw.w+pos+fence.rw.rw.litmus
/opt/litmus-tests-riscv/tests/non-mixed-size/SAFE/3.LB+fence.rw.ws.litmus
/opt/litmus-tests-riscv/tests/non-mixed-size/SAFE/3.SB+fence.rw.rws+fence.rw.rw+fence.rw.rw.litmus
/opt/litmus-tests-riscv/tests/non-mixed-size/SAFE/3.SB+fence.rw.rws.litmus
/opt/litmus-tests-riscv/tests/non-mixed-size/SAFE/IRIW+addr+ctrlfencei.litmus
/opt/litmus-tests-riscv/tests/non-mixed-size/SAFE/IRIW+addrs.litmus
/opt/litmus-tests-riscv/tests/non-mixed-size/SAFE/IRIW+ctrlfenceis.litmus
/opt/litmus-tests-riscv/tests/non-mixed-size/SAFE/IRIW+fence.r.rw+addr.litmus
/opt/litmus-tests-riscv/tests/non-mixed-size/SAFE/IRIW+fence.r.rw+ctrlfencei.litmus
/opt/litmus-tests-riscv/tests/non-mixed-size/SAFE/IRIW+fence.r.rw+fence.rw.rw.litmus
/opt/litmus-tests-riscv/tests/non-mixed-size/SAFE/IRIW+fence.r.rws.litmus
/opt/litmus-tests-riscv/tests/non-mixed-size/SAFE/IRIW+fence.rw.rw+addr.litmus
/opt/litmus-tests-riscv/tests/non-mixed-size/SAFE/IRIW+fence.rw.rw+ctrlfencei.litmus
/opt/litmus-tests-riscv/tests/non-mixed-size/SAFE/IRIW+fence.rw.rws.litmus
/opt/litmus-tests-riscv/tests/non-mixed-size/SAFE/IRRWIW+addr+ctrl.litmus
/opt/litmus-tests-riscv/tests/non-mixed-size/SAFE/IRRWIW+addr+ctrlfencei.litmus
/opt/litmus-tests-riscv/tests/non-mixed-size/SAFE/IRRWIW+addr+data.litmus
/opt/litmus-tests-riscv/tests/non-mixed-size/SAFE/IRRWIW+addr+fence.r.rw.litmus
/opt/litmus-tests-riscv/tests/non-mixed-size/SAFE/IRRWIW+addr+fence.rw.rw.litmus
/opt/litmus-tests-riscv/tests/non-mixed-size/SAFE/IRRWIW+addr+fence.rw.w.litmus
/opt/litmus-tests-riscv/tests/non-mixed-size/SAFE/IRRWIW+addrs.litmus
/opt/litmus-tests-riscv/tests/non-mixed-size/SAFE/IRRWIW+ctrlfencei+addr.litmus
/opt/litmus-tests-riscv/tests/non-mixed-size/SAFE/IRRWIW+ctrlfencei+ctrl.litmus
/opt/litmus-tests-riscv/tests/non-mixed-size/SAFE/IRRWIW+ctrlfencei+data.litmus
/opt/litmus-tests-riscv/tests/non-mixed-size/SAFE/IRRWIW+ctrlfencei+fence.r.rw.litmus
/opt/litmus-tests-riscv/tests/non-mixed-size/SAFE/IRRWIW+ctrlfencei+fence.rw.rw.litmus
/opt/litmus-tests-riscv/tests/non-mixed-size/SAFE/IRRWIW+ctrlfencei+fence.rw.w.litmus
/opt/litmus-tests-riscv/tests/non-mixed-size/SAFE/IRRWIW+ctrlfenceis.litmus
/opt/litmus-tests-riscv/tests/non-mixed-size/SAFE/IRRWIW+fence.r.rw+addr.litmus
/opt/litmus-tests-riscv/tests/non-mixed-size/SAFE/IRRWIW+fence.r.rw+ctrl.litmus
/opt/litmus-tests-riscv/tests/non-mixed-size/SAFE/IRRWIW+fence.r.rw+ctrlfencei.litmus
/opt/litmus-tests-riscv/tests/non-mixed-size/SAFE/IRRWIW+fence.r.rw+data.litmus
/opt/litmus-tests-riscv/tests/non-mixed-size/SAFE/IRRWIW+fence.r.rw+fence.rw.rw.litmus
/opt/litmus-tests-riscv/tests/non-mixed-size/SAFE/IRRWIW+fence.r.rw+fence.rw.w.litmus
/opt/litmus-tests-riscv/tests/non-mixed-size/SAFE/IRRWIW+fence.r.rws.litmus
/opt/litmus-tests-riscv/tests/non-mixed-size/SAFE/IRRWIW+fence.rw.rw+addr.litmus
/opt/litmus-tests-riscv/tests/non-mixed-size/SAFE/IRRWIW+fence.rw.rw+ctrl.litmus
/opt/litmus-tests-riscv/tests/non-mixed-size/SAFE/IRRWIW+fence.rw.rw+ctrlfencei.litmus
/opt/litmus-tests-riscv/tests/non-mixed-size/SAFE/IRRWIW+fence.rw.rw+data.litmus
/opt/litmus-tests-riscv/tests/non-mixed-size/SAFE/IRRWIW+fence.rw.rw+fence.r.rw.litmus
/opt/litmus-tests-riscv/tests/non-mixed-size/SAFE/IRRWIW+fence.rw.rw+fence.rw.w.litmus
/opt/litmus-tests-riscv/tests/non-mixed-size/SAFE/IRRWIW+fence.rw.rws.litmus
/opt/litmus-tests-riscv/tests/non-mixed-size/SAFE/IRWIW+addr+ctrl.litmus
/opt/litmus-tests-riscv/tests/non-mixed-size/SAFE/IRWIW+addr+ctrlfencei.litmus
/opt/litmus-tests-riscv/tests/non-mixed-size/SAFE/IRWIW+addr+data.litmus
/opt/litmus-tests-riscv/tests/non-mixed-size/SAFE/IRWIW+addrs.litmus
/opt/litmus-tests-riscv/tests/non-mixed-size/SAFE/IRWIW+ctrl+ctrlfencei.litmus
/opt/litmus-tests-riscv/tests/non-mixed-size/SAFE/IRWIW+ctrlfenceis.litmus
/opt/litmus-tests-riscv/tests/non-mixed-size/SAFE/IRWIW+ctrls.litmus
/opt/litmus-tests-riscv/tests/non-mixed-size/SAFE/IRWIW+data+ctrl.litmus
/opt/litmus-tests-riscv/tests/non-mixed-size/SAFE/IRWIW+data+ctrlfencei.litmus
/opt/litmus-tests-riscv/tests/non-mixed-size/SAFE/IRWIW+datas.litmus
/opt/litmus-tests-riscv/tests/non-mixed-size/SAFE/IRWIW+fence.r.rw+addr.litmus
/opt/litmus-tests-riscv/tests/non-mixed-size/SAFE/IRWIW+fence.r.rw+ctrl.litmus
/opt/litmus-tests-riscv/tests/non-mixed-size/SAFE/IRWIW+fence.r.rw+ctrlfencei.litmus
/opt/litmus-tests-riscv/tests/non-mixed-size/SAFE/IRWIW+fence.r.rw+data.litmus
/opt/litmus-tests-riscv/tests/non-mixed-size/SAFE/IRWIW+fence.r.rw+fence.rw.rw.litmus
/opt/litmus-tests-riscv/tests/non-mixed-size/SAFE/IRWIW+fence.r.rw+fence.rw.w.litmus
/opt/litmus-tests-riscv/tests/non-mixed-size/SAFE/IRWIW+fence.r.rws.litmus
/opt/litmus-tests-riscv/tests/non-mixed-size/SAFE/IRWIW+fence.rw.rw+addr.litmus
/opt/litmus-tests-riscv/tests/non-mixed-size/SAFE/IRWIW+fence.rw.rw+ctrl.litmus
/opt/litmus-tests-riscv/tests/non-mixed-size/SAFE/IRWIW+fence.rw.rw+ctrlfencei.litmus
/opt/litmus-tests-riscv/tests/non-mixed-size/SAFE/IRWIW+fence.rw.rw+data.litmus
/opt/litmus-tests-riscv/tests/non-mixed-size/SAFE/IRWIW+fence.rw.rws.litmus
/opt/litmus-tests-riscv/tests/non-mixed-size/SAFE/IRWIW+fence.rw.w+addr.litmus
/opt/litmus-tests-riscv/tests/non-mixed-size/SAFE/IRWIW+fence.rw.w+ctrl.litmus
/opt/litmus-tests-riscv/tests/non-mixed-size/SAFE/IRWIW+fence.rw.w+ctrlfencei.litmus
/opt/litmus-tests-riscv/tests/non-mixed-size/SAFE/IRWIW+fence.rw.w+data.litmus
/opt/litmus-tests-riscv/tests/non-mixed-size/SAFE/IRWIW+fence.rw.w+fence.rw.rw.litmus
/opt/litmus-tests-riscv/tests/non-mixed-size/SAFE/IRWIW+fence.rw.ws.litmus
/opt/litmus-tests-riscv/tests/non-mixed-size/SAFE/ISA2+fence.rw.rw+addr+addr.litmus
/opt/litmus-tests-riscv/tests/non-mixed-size/SAFE/ISA2+fence.rw.rw+addr+addrs.litmus
/opt/litmus-tests-riscv/tests/non-mixed-size/SAFE/ISA2+fence.rw.rw+addr+ctrlfencei.litmus
/opt/litmus-tests-riscv/tests/non-mixed-size/SAFE/ISA2+fence.rw.rw+addr+ctrlfenceis.litmus
/opt/litmus-tests-riscv/tests/non-mixed-size/SAFE/ISA2+fence.rw.rw+addr+fence.r.rw.litmus
/opt/litmus-tests-riscv/tests/non-mixed-size/SAFE/ISA2+fence.rw.rw+addr+fence.r.rws.litmus
/opt/litmus-tests-riscv/tests/non-mixed-size/SAFE/ISA2+fence.rw.rw+addr+fence.rw.rw.litmus
/opt/litmus-tests-riscv/tests/non-mixed-size/SAFE/ISA2+fence.rw.rw+addr+fence.rw.rws.litmus
/opt/litmus-tests-riscv/tests/non-mixed-size/SAFE/ISA2+fence.rw.rw+ctrl+addr.litmus
/opt/litmus-tests-riscv/tests/non-mixed-size/SAFE/ISA2+fence.rw.rw+ctrl+addrs.litmus
/opt/litmus-tests-riscv/tests/non-mixed-size/SAFE/ISA2+fence.rw.rw+ctrl+ctrlfencei.litmus
/opt/litmus-tests-riscv/tests/non-mixed-size/SAFE/ISA2+fence.rw.rw+ctrl+ctrlfenceis.litmus
/opt/litmus-tests-riscv/tests/non-mixed-size/SAFE/ISA2+fence.rw.rw+ctrl+fence.r.rw.litmus
/opt/litmus-tests-riscv/tests/non-mixed-size/SAFE/ISA2+fence.rw.rw+ctrl+fence.r.rws.litmus
/opt/litmus-tests-riscv/tests/non-mixed-size/SAFE/ISA2+fence.rw.rw+ctrl+fence.rw.rw.litmus
/opt/litmus-tests-riscv/tests/non-mixed-size/SAFE/ISA2+fence.rw.rw+ctrl+fence.rw.rws.litmus
/opt/litmus-tests-riscv/tests/non-mixed-size/SAFE/ISA2+fence.rw.rw+ctrlfencei+addr.litmus
/opt/litmus-tests-riscv/tests/non-mixed-size/SAFE/ISA2+fence.rw.rw+ctrlfencei+addrs.litmus
/opt/litmus-tests-riscv/tests/non-mixed-size/SAFE/ISA2+fence.rw.rw+ctrlfencei+ctrlfencei.litmus
/opt/litmus-tests-riscv/tests/non-mixed-size/SAFE/ISA2+fence.rw.rw+ctrlfencei+ctrlfenceis.litmus
/opt/litmus-tests-riscv/tests/non-mixed-size/SAFE/ISA2+fence.rw.rw+ctrlfencei+fence.r.rw.litmus
/opt/litmus-tests-riscv/tests/non-mixed-size/SAFE/ISA2+fence.rw.rw+ctrlfencei+fence.r.rws.litmus
/opt/litmus-tests-riscv/tests/non-mixed-size/SAFE/ISA2+fence.rw.rw+ctrlfencei+fence.rw.rw.litmus
/opt/litmus-tests-riscv/tests/non-mixed-size/SAFE/ISA2+fence.rw.rw+ctrlfencei+fence.rw.rws.litmus
/opt/litmus-tests-riscv/tests/non-mixed-size/SAFE/ISA2+fence.rw.rw+data+addr.litmus
/opt/litmus-tests-riscv/tests/non-mixed-size/SAFE/ISA2+fence.rw.rw+data+addrs.litmus
/opt/litmus-tests-riscv/tests/non-mixed-size/SAFE/ISA2+fence.rw.rw+data+ctrlfencei.litmus
/opt/litmus-tests-riscv/tests/non-mixed-size/SAFE/ISA2+fence.rw.rw+data+ctrlfenceis.litmus
/opt/litmus-tests-riscv/tests/non-mixed-size/SAFE/ISA2+fence.rw.rw+data+fence.r.rw.litmus
/opt/litmus-tests-riscv/tests/non-mixed-size/SAFE/ISA2+fence.rw.rw+data+fence.r.rws.litmus
/opt/litmus-tests-riscv/tests/non-mixed-size/SAFE/ISA2+fence.rw.rw+data+fence.rw.rw.litmus
/opt/litmus-tests-riscv/tests/non-mixed-size/SAFE/ISA2+fence.rw.rw+data+fence.rw.rws.litmus
/opt/litmus-tests-riscv/tests/non-mixed-size/SAFE/ISA2+fence.rw.rw+fence.r.rw+addr.litmus
/opt/litmus-tests-riscv/tests/non-mixed-size/SAFE/ISA2+fence.rw.rw+fence.r.rw+addrs.litmus
/opt/litmus-tests-riscv/tests/non-mixed-size/SAFE/ISA2+fence.rw.rw+fence.r.rw+ctrlfencei.litmus
/opt/litmus-tests-riscv/tests/non-mixed-size/SAFE/ISA2+fence.rw.rw+fence.r.rw+ctrlfenceis.litmus
/opt/litmus-tests-riscv/tests/non-mixed-size/SAFE/ISA2+fence.rw.rw+fence.r.rw+fence.r.rw.litmus
/opt/litmus-tests-riscv/tests/non-mixed-size/SAFE/ISA2+fence.rw.rw+fence.r.rw+fence.r.rws.litmus
/opt/litmus-tests-riscv/tests/non-mixed-size/SAFE/ISA2+fence.rw.rw+fence.r.rw+fence.rw.rw.litmus
/opt/litmus-tests-riscv/tests/non-mixed-size/SAFE/ISA2+fence.rw.rw+fence.r.rw+fence.rw.rws.litmus
/opt/litmus-tests-riscv/tests/non-mixed-size/SAFE/ISA2+fence.rw.rw+fence.rw.rw+addr.litmus
/opt/litmus-tests-riscv/tests/non-mixed-size/SAFE/ISA2+fence.rw.rw+fence.rw.rw+addrs.litmus
/opt/litmus-tests-riscv/tests/non-mixed-size/SAFE/ISA2+fence.rw.rw+fence.rw.rw+ctrlfencei.litmus
/opt/litmus-tests-riscv/tests/non-mixed-size/SAFE/ISA2+fence.rw.rw+fence.rw.rw+ctrlfenceis.litmus
/opt/litmus-tests-riscv/tests/non-mixed-size/SAFE/ISA2+fence.rw.rw+fence.rw.rw+fence.r.rw.litmus
/opt/litmus-tests-riscv/tests/non-mixed-size/SAFE/ISA2+fence.rw.rw+fence.rw.rw+fence.r.rws.litmus
/opt/litmus-tests-riscv/tests/non-mixed-size/SAFE/ISA2+fence.rw.rw+fence.rw.rw+fence.rw.rws.litmus
/opt/litmus-tests-riscv/tests/non-mixed-size/SAFE/ISA2+fence.rw.rw+fence.rw.w+addr.litmus
/opt/litmus-tests-riscv/tests/non-mixed-size/SAFE/ISA2+fence.rw.rw+fence.rw.w+addrs.litmus
/opt/litmus-tests-riscv/tests/non-mixed-size/SAFE/ISA2+fence.rw.rw+fence.rw.w+ctrlfencei.litmus
/opt/litmus-tests-riscv/tests/non-mixed-size/SAFE/ISA2+fence.rw.rw+fence.rw.w+ctrlfenceis.litmus
/opt/litmus-tests-riscv/tests/non-mixed-size/SAFE/ISA2+fence.rw.rw+fence.rw.w+fence.r.rw.litmus
/opt/litmus-tests-riscv/tests/non-mixed-size/SAFE/ISA2+fence.rw.rw+fence.rw.w+fence.r.rws.litmus
/opt/litmus-tests-riscv/tests/non-mixed-size/SAFE/ISA2+fence.rw.rw+fence.rw.w+fence.rw.rw.litmus
/opt/litmus-tests-riscv/tests/non-mixed-size/SAFE/ISA2+fence.rw.rw+fence.rw.w+fence.rw.rws.litmus
/opt/litmus-tests-riscv/tests/non-mixed-size/SAFE/ISA2+fence.rw.rw+pos+addr.litmus
/opt/litmus-tests-riscv/tests/non-mixed-size/SAFE/ISA2+fence.rw.rw+pos+ctrlfencei.litmus
/opt/litmus-tests-riscv/tests/non-mixed-size/SAFE/ISA2+fence.rw.rw+pos+fence.r.rw.litmus
/opt/litmus-tests-riscv/tests/non-mixed-size/SAFE/ISA2+fence.rw.rw+pos+fence.rw.rw.litmus
/opt/litmus-tests-riscv/tests/non-mixed-size/SAFE/ISA2+fence.rw.rws.litmus
/opt/litmus-tests-riscv/tests/non-mixed-size/SAFE/ISA2+fence.rw.w+addr+addr.litmus
/opt/litmus-tests-riscv/tests/non-mixed-size/SAFE/ISA2+fence.rw.w+addr+addrs.litmus
/opt/litmus-tests-riscv/tests/non-mixed-size/SAFE/ISA2+fence.rw.w+addr+ctrlfencei.litmus
/opt/litmus-tests-riscv/tests/non-mixed-size/SAFE/ISA2+fence.rw.w+addr+ctrlfenceis.litmus
/opt/litmus-tests-riscv/tests/non-mixed-size/SAFE/ISA2+fence.rw.w+addr+fence.r.rw.litmus
/opt/litmus-tests-riscv/tests/non-mixed-size/SAFE/ISA2+fence.rw.w+addr+fence.r.rws.litmus
/opt/litmus-tests-riscv/tests/non-mixed-size/SAFE/ISA2+fence.rw.w+addr+fence.rw.rw.litmus
/opt/litmus-tests-riscv/tests/non-mixed-size/SAFE/ISA2+fence.rw.w+addr+fence.rw.rws.litmus
/opt/litmus-tests-riscv/tests/non-mixed-size/SAFE/ISA2+fence.rw.w+ctrl+addr.litmus
/opt/litmus-tests-riscv/tests/non-mixed-size/SAFE/ISA2+fence.rw.w+ctrl+addrs.litmus
/opt/litmus-tests-riscv/tests/non-mixed-size/SAFE/ISA2+fence.rw.w+ctrl+ctrlfencei.litmus
/opt/litmus-tests-riscv/tests/non-mixed-size/SAFE/ISA2+fence.rw.w+ctrl+ctrlfenceis.litmus
/opt/litmus-tests-riscv/tests/non-mixed-size/SAFE/ISA2+fence.rw.w+ctrl+fence.r.rw.litmus
/opt/litmus-tests-riscv/tests/non-mixed-size/SAFE/ISA2+fence.rw.w+ctrl+fence.r.rws.litmus
/opt/litmus-tests-riscv/tests/non-mixed-size/SAFE/ISA2+fence.rw.w+ctrl+fence.rw.rw.litmus
/opt/litmus-tests-riscv/tests/non-mixed-size/SAFE/ISA2+fence.rw.w+ctrl+fence.rw.rws.litmus
/opt/litmus-tests-riscv/tests/non-mixed-size/SAFE/ISA2+fence.rw.w+ctrlfencei+addr.litmus
/opt/litmus-tests-riscv/tests/non-mixed-size/SAFE/ISA2+fence.rw.w+ctrlfencei+addrs.litmus
/opt/litmus-tests-riscv/tests/non-mixed-size/SAFE/ISA2+fence.rw.w+ctrlfencei+ctrlfencei.litmus
/opt/litmus-tests-riscv/tests/non-mixed-size/SAFE/ISA2+fence.rw.w+ctrlfencei+ctrlfenceis.litmus
/opt/litmus-tests-riscv/tests/non-mixed-size/SAFE/ISA2+fence.rw.w+ctrlfencei+fence.r.rw.litmus
/opt/litmus-tests-riscv/tests/non-mixed-size/SAFE/ISA2+fence.rw.w+ctrlfencei+fence.r.rws.litmus
/opt/litmus-tests-riscv/tests/non-mixed-size/SAFE/ISA2+fence.rw.w+ctrlfencei+fence.rw.rw.litmus
/opt/litmus-tests-riscv/tests/non-mixed-size/SAFE/ISA2+fence.rw.w+ctrlfencei+fence.rw.rws.litmus
/opt/litmus-tests-riscv/tests/non-mixed-size/SAFE/ISA2+fence.rw.w+data+addr.litmus
/opt/litmus-tests-riscv/tests/non-mixed-size/SAFE/ISA2+fence.rw.w+data+addrs.litmus
/opt/litmus-tests-riscv/tests/non-mixed-size/SAFE/ISA2+fence.rw.w+data+ctrlfencei.litmus
/opt/litmus-tests-riscv/tests/non-mixed-size/SAFE/ISA2+fence.rw.w+data+ctrlfenceis.litmus
/opt/litmus-tests-riscv/tests/non-mixed-size/SAFE/ISA2+fence.rw.w+data+fence.r.rw.litmus
/opt/litmus-tests-riscv/tests/non-mixed-size/SAFE/ISA2+fence.rw.w+data+fence.r.rws.litmus
/opt/litmus-tests-riscv/tests/non-mixed-size/SAFE/ISA2+fence.rw.w+data+fence.rw.rw.litmus
/opt/litmus-tests-riscv/tests/non-mixed-size/SAFE/ISA2+fence.rw.w+data+fence.rw.rws.litmus
/opt/litmus-tests-riscv/tests/non-mixed-size/SAFE/ISA2+fence.rw.w+fence.r.rw+addr.litmus
/opt/litmus-tests-riscv/tests/non-mixed-size/SAFE/ISA2+fence.rw.w+fence.r.rw+addrs.litmus
/opt/litmus-tests-riscv/tests/non-mixed-size/SAFE/ISA2+fence.rw.w+fence.r.rw+ctrlfencei.litmus
/opt/litmus-tests-riscv/tests/non-mixed-size/SAFE/ISA2+fence.rw.w+fence.r.rw+ctrlfenceis.litmus
/opt/litmus-tests-riscv/tests/non-mixed-size/SAFE/ISA2+fence.rw.w+fence.r.rw+fence.r.rw.litmus
/opt/litmus-tests-riscv/tests/non-mixed-size/SAFE/ISA2+fence.rw.w+fence.r.rw+fence.r.rws.litmus
/opt/litmus-tests-riscv/tests/non-mixed-size/SAFE/ISA2+fence.rw.w+fence.r.rw+fence.rw.rw.litmus
/opt/litmus-tests-riscv/tests/non-mixed-size/SAFE/ISA2+fence.rw.w+fence.r.rw+fence.rw.rws.litmus
/opt/litmus-tests-riscv/tests/non-mixed-size/SAFE/ISA2+fence.rw.w+fence.rw.rw+addr.litmus
/opt/litmus-tests-riscv/tests/non-mixed-size/SAFE/ISA2+fence.rw.w+fence.rw.rw+addrs.litmus
/opt/litmus-tests-riscv/tests/non-mixed-size/SAFE/ISA2+fence.rw.w+fence.rw.rw+ctrlfencei.litmus
/opt/litmus-tests-riscv/tests/non-mixed-size/SAFE/ISA2+fence.rw.w+fence.rw.rw+ctrlfenceis.litmus
/opt/litmus-tests-riscv/tests/non-mixed-size/SAFE/ISA2+fence.rw.w+fence.rw.rw+fence.r.rw.litmus
/opt/litmus-tests-riscv/tests/non-mixed-size/SAFE/ISA2+fence.rw.w+fence.rw.rw+fence.r.rws.litmus
/opt/litmus-tests-riscv/tests/non-mixed-size/SAFE/ISA2+fence.rw.w+fence.rw.rw+fence.rw.rw.litmus
/opt/litmus-tests-riscv/tests/non-mixed-size/SAFE/ISA2+fence.rw.w+fence.rw.rw+fence.rw.rws.litmus
/opt/litmus-tests-riscv/tests/non-mixed-size/SAFE/ISA2+fence.rw.w+fence.rw.w+addr.litmus
/opt/litmus-tests-riscv/tests/non-mixed-size/SAFE/ISA2+fence.rw.w+fence.rw.w+addrs.litmus
/opt/litmus-tests-riscv/tests/non-mixed-size/SAFE/ISA2+fence.rw.w+fence.rw.w+ctrlfencei.litmus
/opt/litmus-tests-riscv/tests/non-mixed-size/SAFE/ISA2+fence.rw.w+fence.rw.w+ctrlfenceis.litmus
/opt/litmus-tests-riscv/tests/non-mixed-size/SAFE/ISA2+fence.rw.w+fence.rw.w+fence.r.rw.litmus
/opt/litmus-tests-riscv/tests/non-mixed-size/SAFE/ISA2+fence.rw.w+fence.rw.w+fence.r.rws.litmus
/opt/litmus-tests-riscv/tests/non-mixed-size/SAFE/ISA2+fence.rw.w+fence.rw.w+fence.rw.rw.litmus
/opt/litmus-tests-riscv/tests/non-mixed-size/SAFE/ISA2+fence.rw.w+fence.rw.w+fence.rw.rws.litmus
/opt/litmus-tests-riscv/tests/non-mixed-size/SAFE/ISA2+fence.rw.w+pos+addr.litmus
/opt/litmus-tests-riscv/tests/non-mixed-size/SAFE/ISA2+fence.rw.w+pos+ctrlfencei.litmus
/opt/litmus-tests-riscv/tests/non-mixed-size/SAFE/ISA2+fence.rw.w+pos+fence.r.rw.litmus
/opt/litmus-tests-riscv/tests/non-mixed-size/SAFE/ISA2+fence.rw.w+pos+fence.rw.rw.litmus
/opt/litmus-tests-riscv/tests/non-mixed-size/SAFE/ISA2+fence.w.w+addr+addr.litmus
/opt/litmus-tests-riscv/tests/non-mixed-size/SAFE/ISA2+fence.w.w+addr+addrs.litmus
/opt/litmus-tests-riscv/tests/non-mixed-size/SAFE/ISA2+fence.w.w+addr+ctrlfencei.litmus
/opt/litmus-tests-riscv/tests/non-mixed-size/SAFE/ISA2+fence.w.w+addr+ctrlfenceis.litmus
/opt/litmus-tests-riscv/tests/non-mixed-size/SAFE/ISA2+fence.w.w+addr+fence.r.rw.litmus
/opt/litmus-tests-riscv/tests/non-mixed-size/SAFE/ISA2+fence.w.w+addr+fence.r.rws.litmus
/opt/litmus-tests-riscv/tests/non-mixed-size/SAFE/ISA2+fence.w.w+addr+fence.rw.rw.litmus
/opt/litmus-tests-riscv/tests/non-mixed-size/SAFE/ISA2+fence.w.w+addr+fence.rw.rws.litmus
/opt/litmus-tests-riscv/tests/non-mixed-size/SAFE/ISA2+fence.w.w+ctrl+addr.litmus
/opt/litmus-tests-riscv/tests/non-mixed-size/SAFE/ISA2+fence.w.w+ctrl+addrs.litmus
/opt/litmus-tests-riscv/tests/non-mixed-size/SAFE/ISA2+fence.w.w+ctrl+ctrlfencei.litmus
/opt/litmus-tests-riscv/tests/non-mixed-size/SAFE/ISA2+fence.w.w+ctrl+ctrlfenceis.litmus
/opt/litmus-tests-riscv/tests/non-mixed-size/SAFE/ISA2+fence.w.w+ctrl+fence.r.rw.litmus
/opt/litmus-tests-riscv/tests/non-mixed-size/SAFE/ISA2+fence.w.w+ctrl+fence.r.rws.litmus
/opt/litmus-tests-riscv/tests/non-mixed-size/SAFE/ISA2+fence.w.w+ctrl+fence.rw.rw.litmus
/opt/litmus-tests-riscv/tests/non-mixed-size/SAFE/ISA2+fence.w.w+ctrl+fence.rw.rws.litmus
/opt/litmus-tests-riscv/tests/non-mixed-size/SAFE/ISA2+fence.w.w+ctrlfencei+addr.litmus
/opt/litmus-tests-riscv/tests/non-mixed-size/SAFE/ISA2+fence.w.w+ctrlfencei+addrs.litmus
/opt/litmus-tests-riscv/tests/non-mixed-size/SAFE/ISA2+fence.w.w+ctrlfencei+ctrlfencei.litmus
/opt/litmus-tests-riscv/tests/non-mixed-size/SAFE/ISA2+fence.w.w+ctrlfencei+ctrlfenceis.litmus
/opt/litmus-tests-riscv/tests/non-mixed-size/SAFE/ISA2+fence.w.w+ctrlfencei+fence.r.rw.litmus
/opt/litmus-tests-riscv/tests/non-mixed-size/SAFE/ISA2+fence.w.w+ctrlfencei+fence.r.rws.litmus
/opt/litmus-tests-riscv/tests/non-mixed-size/SAFE/ISA2+fence.w.w+ctrlfencei+fence.rw.rw.litmus
/opt/litmus-tests-riscv/tests/non-mixed-size/SAFE/ISA2+fence.w.w+ctrlfencei+fence.rw.rws.litmus
/opt/litmus-tests-riscv/tests/non-mixed-size/SAFE/ISA2+fence.w.w+data+addr.litmus
/opt/litmus-tests-riscv/tests/non-mixed-size/SAFE/ISA2+fence.w.w+data+addrs.litmus
/opt/litmus-tests-riscv/tests/non-mixed-size/SAFE/ISA2+fence.w.w+data+ctrlfencei.litmus
/opt/litmus-tests-riscv/tests/non-mixed-size/SAFE/ISA2+fence.w.w+data+ctrlfenceis.litmus
/opt/litmus-tests-riscv/tests/non-mixed-size/SAFE/ISA2+fence.w.w+data+fence.r.rw.litmus
/opt/litmus-tests-riscv/tests/non-mixed-size/SAFE/ISA2+fence.w.w+data+fence.r.rws.litmus
/opt/litmus-tests-riscv/tests/non-mixed-size/SAFE/ISA2+fence.w.w+data+fence.rw.rw.litmus
/opt/litmus-tests-riscv/tests/non-mixed-size/SAFE/ISA2+fence.w.w+data+fence.rw.rws.litmus
/opt/litmus-tests-riscv/tests/non-mixed-size/SAFE/ISA2+fence.w.w+fence.r.rw+addr.litmus
/opt/litmus-tests-riscv/tests/non-mixed-size/SAFE/ISA2+fence.w.w+fence.r.rw+addrs.litmus
/opt/litmus-tests-riscv/tests/non-mixed-size/SAFE/ISA2+fence.w.w+fence.r.rw+ctrlfencei.litmus
/opt/litmus-tests-riscv/tests/non-mixed-size/SAFE/ISA2+fence.w.w+fence.r.rw+ctrlfenceis.litmus
/opt/litmus-tests-riscv/tests/non-mixed-size/SAFE/ISA2+fence.w.w+fence.r.rw+fence.r.rw.litmus
/opt/litmus-tests-riscv/tests/non-mixed-size/SAFE/ISA2+fence.w.w+fence.r.rw+fence.r.rws.litmus
/opt/litmus-tests-riscv/tests/non-mixed-size/SAFE/ISA2+fence.w.w+fence.r.rw+fence.rw.rw.litmus
/opt/litmus-tests-riscv/tests/non-mixed-size/SAFE/ISA2+fence.w.w+fence.r.rw+fence.rw.rws.litmus
/opt/litmus-tests-riscv/tests/non-mixed-size/SAFE/ISA2+fence.w.w+fence.rw.rw+addr.litmus
/opt/litmus-tests-riscv/tests/non-mixed-size/SAFE/ISA2+fence.w.w+fence.rw.rw+addrs.litmus
/opt/litmus-tests-riscv/tests/non-mixed-size/SAFE/ISA2+fence.w.w+fence.rw.rw+ctrlfencei.litmus
/opt/litmus-tests-riscv/tests/non-mixed-size/SAFE/ISA2+fence.w.w+fence.rw.rw+ctrlfenceis.litmus
/opt/litmus-tests-riscv/tests/non-mixed-size/SAFE/ISA2+fence.w.w+fence.rw.rw+fence.r.rw.litmus
/opt/litmus-tests-riscv/tests/non-mixed-size/SAFE/ISA2+fence.w.w+fence.rw.rw+fence.r.rws.litmus
/opt/litmus-tests-riscv/tests/non-mixed-size/SAFE/ISA2+fence.w.w+fence.rw.rw+fence.rw.rw.litmus
/opt/litmus-tests-riscv/tests/non-mixed-size/SAFE/ISA2+fence.w.w+fence.rw.rw+fence.rw.rws.litmus
/opt/litmus-tests-riscv/tests/non-mixed-size/SAFE/ISA2+fence.w.w+fence.rw.w+addr.litmus
/opt/litmus-tests-riscv/tests/non-mixed-size/SAFE/ISA2+fence.w.w+fence.rw.w+addrs.litmus
/opt/litmus-tests-riscv/tests/non-mixed-size/SAFE/ISA2+fence.w.w+fence.rw.w+ctrlfencei.litmus
/opt/litmus-tests-riscv/tests/non-mixed-size/SAFE/ISA2+fence.w.w+fence.rw.w+ctrlfenceis.litmus
/opt/litmus-tests-riscv/tests/non-mixed-size/SAFE/ISA2+fence.w.w+fence.rw.w+fence.r.rw.litmus
/opt/litmus-tests-riscv/tests/non-mixed-size/SAFE/ISA2+fence.w.w+fence.rw.w+fence.r.rws.litmus
/opt/litmus-tests-riscv/tests/non-mixed-size/SAFE/ISA2+fence.w.w+fence.rw.w+fence.rw.rw.litmus
/opt/litmus-tests-riscv/tests/non-mixed-size/SAFE/ISA2+fence.w.w+fence.rw.w+fence.rw.rws.litmus
/opt/litmus-tests-riscv/tests/non-mixed-size/SAFE/ISA2+fence.w.w+pos+addr.litmus
/opt/litmus-tests-riscv/tests/non-mixed-size/SAFE/ISA2+fence.w.w+pos+ctrlfencei.litmus
/opt/litmus-tests-riscv/tests/non-mixed-size/SAFE/ISA2+fence.w.w+pos+fence.r.rw.litmus
/opt/litmus-tests-riscv/tests/non-mixed-size/SAFE/ISA2+fence.w.w+pos+fence.rw.rw.litmus
/opt/litmus-tests-riscv/tests/non-mixed-size/SAFE/ISA2+pos+addr+addr.litmus
/opt/litmus-tests-riscv/tests/non-mixed-size/SAFE/ISA2+pos+addr+ctrlfencei.litmus
/opt/litmus-tests-riscv/tests/non-mixed-size/SAFE/ISA2+pos+addr+fence.r.rw.litmus
/opt/litmus-tests-riscv/tests/non-mixed-size/SAFE/ISA2+pos+addr+fence.rw.rw.litmus
/opt/litmus-tests-riscv/tests/non-mixed-size/SAFE/ISA2+pos+ctrl+addr.litmus
/opt/litmus-tests-riscv/tests/non-mixed-size/SAFE/ISA2+pos+ctrl+ctrlfencei.litmus
/opt/litmus-tests-riscv/tests/non-mixed-size/SAFE/ISA2+pos+ctrl+fence.r.rw.litmus
/opt/litmus-tests-riscv/tests/non-mixed-size/SAFE/ISA2+pos+ctrl+fence.rw.rw.litmus
/opt/litmus-tests-riscv/tests/non-mixed-size/SAFE/ISA2+pos+ctrlfencei+addr.litmus
/opt/litmus-tests-riscv/tests/non-mixed-size/SAFE/ISA2+pos+ctrlfencei+ctrlfencei.litmus
/opt/litmus-tests-riscv/tests/non-mixed-size/SAFE/ISA2+pos+ctrlfencei+fence.r.rw.litmus
/opt/litmus-tests-riscv/tests/non-mixed-size/SAFE/ISA2+pos+ctrlfencei+fence.rw.rw.litmus
/opt/litmus-tests-riscv/tests/non-mixed-size/SAFE/ISA2+pos+data+addr.litmus
/opt/litmus-tests-riscv/tests/non-mixed-size/SAFE/ISA2+pos+data+ctrlfencei.litmus
/opt/litmus-tests-riscv/tests/non-mixed-size/SAFE/ISA2+pos+data+fence.r.rw.litmus
/opt/litmus-tests-riscv/tests/non-mixed-size/SAFE/ISA2+pos+data+fence.rw.rw.litmus
/opt/litmus-tests-riscv/tests/non-mixed-size/SAFE/ISA2+pos+fence.r.rw+addr.litmus
/opt/litmus-tests-riscv/tests/non-mixed-size/SAFE/ISA2+pos+fence.r.rw+ctrlfencei.litmus
/opt/litmus-tests-riscv/tests/non-mixed-size/SAFE/ISA2+pos+fence.r.rw+fence.r.rw.litmus
/opt/litmus-tests-riscv/tests/non-mixed-size/SAFE/ISA2+pos+fence.r.rw+fence.rw.rw.litmus
/opt/litmus-tests-riscv/tests/non-mixed-size/SAFE/ISA2+pos+fence.rw.rw+addr.litmus
/opt/litmus-tests-riscv/tests/non-mixed-size/SAFE/ISA2+pos+fence.rw.rw+ctrlfencei.litmus
/opt/litmus-tests-riscv/tests/non-mixed-size/SAFE/ISA2+pos+fence.rw.rw+fence.r.rw.litmus
/opt/litmus-tests-riscv/tests/non-mixed-size/SAFE/ISA2+pos+fence.rw.rw+fence.rw.rw.litmus
/opt/litmus-tests-riscv/tests/non-mixed-size/SAFE/ISA2+pos+fence.rw.w+addr.litmus
/opt/litmus-tests-riscv/tests/non-mixed-size/SAFE/ISA2+pos+fence.rw.w+ctrlfencei.litmus
/opt/litmus-tests-riscv/tests/non-mixed-size/SAFE/ISA2+pos+fence.rw.w+fence.r.rw.litmus
/opt/litmus-tests-riscv/tests/non-mixed-size/SAFE/ISA2+pos+fence.rw.w+fence.rw.rw.litmus
/opt/litmus-tests-riscv/tests/non-mixed-size/SAFE/LB+[fr-fence.rw.rw-fr]+addr.litmus
/opt/litmus-tests-riscv/tests/non-mixed-size/SAFE/LB+[fr-fence.rw.rw-fr]+ctrl.litmus
/opt/litmus-tests-riscv/tests/non-mixed-size/SAFE/LB+[fr-fence.rw.rw-fr]+ctrlfencei.litmus
/opt/litmus-tests-riscv/tests/non-mixed-size/SAFE/LB+[fr-fence.rw.rw-fr]+data.litmus
/opt/litmus-tests-riscv/tests/non-mixed-size/SAFE/LB+[fr-fence.rw.rw-fr]+fence.r.rw.litmus
/opt/litmus-tests-riscv/tests/non-mixed-size/SAFE/LB+[fr-fence.rw.rw-fr]+fence.rw.rw.litmus
/opt/litmus-tests-riscv/tests/non-mixed-size/SAFE/LB+[fr-fence.rw.rw-fr]+fence.rw.w.litmus
/opt/litmus-tests-riscv/tests/non-mixed-size/SAFE/LB+[fr-fence.rw.rw-ws]+addr.litmus
/opt/litmus-tests-riscv/tests/non-mixed-size/SAFE/LB+[fr-fence.rw.rw-ws]+ctrl.litmus
/opt/litmus-tests-riscv/tests/non-mixed-size/SAFE/LB+[fr-fence.rw.rw-ws]+ctrlfencei.litmus
/opt/litmus-tests-riscv/tests/non-mixed-size/SAFE/LB+[fr-fence.rw.rw-ws]+data.litmus
/opt/litmus-tests-riscv/tests/non-mixed-size/SAFE/LB+[fr-fence.rw.rw-ws]+fence.r.rw.litmus
/opt/litmus-tests-riscv/tests/non-mixed-size/SAFE/LB+[fr-fence.rw.rw-ws]+fence.rw.rw.litmus
/opt/litmus-tests-riscv/tests/non-mixed-size/SAFE/LB+[fr-fence.rw.rw-ws]+fence.rw.w.litmus
/opt/litmus-tests-riscv/tests/non-mixed-size/SAFE/LB+[fr-fence.rw.w-ws]+addr.litmus
/opt/litmus-tests-riscv/tests/non-mixed-size/SAFE/LB+[fr-fence.rw.w-ws]+ctrl.litmus
/opt/litmus-tests-riscv/tests/non-mixed-size/SAFE/LB+[fr-fence.rw.w-ws]+ctrlfencei.litmus
/opt/litmus-tests-riscv/tests/non-mixed-size/SAFE/LB+[fr-fence.rw.w-ws]+data.litmus
/opt/litmus-tests-riscv/tests/non-mixed-size/SAFE/LB+[fr-fence.rw.w-ws]+fence.r.rw.litmus
/opt/litmus-tests-riscv/tests/non-mixed-size/SAFE/LB+[fr-fence.rw.w-ws]+fence.rw.rw.litmus
/opt/litmus-tests-riscv/tests/non-mixed-size/SAFE/LB+[fr-fence.rw.w-ws]+fence.rw.w.litmus
/opt/litmus-tests-riscv/tests/non-mixed-size/SAFE/LB+[fr-fence.w.w-ws]+addr.litmus
/opt/litmus-tests-riscv/tests/non-mixed-size/SAFE/LB+[fr-fence.w.w-ws]+ctrl.litmus
/opt/litmus-tests-riscv/tests/non-mixed-size/SAFE/LB+[fr-fence.w.w-ws]+ctrlfencei.litmus
/opt/litmus-tests-riscv/tests/non-mixed-size/SAFE/LB+[fr-fence.w.w-ws]+data.litmus
/opt/litmus-tests-riscv/tests/non-mixed-size/SAFE/LB+[fr-fence.w.w-ws]+fence.r.rw.litmus
/opt/litmus-tests-riscv/tests/non-mixed-size/SAFE/LB+[fr-fence.w.w-ws]+fence.rw.rw.litmus
/opt/litmus-tests-riscv/tests/non-mixed-size/SAFE/LB+[fr-fence.w.w-ws]+fence.rw.w.litmus
/opt/litmus-tests-riscv/tests/non-mixed-size/SAFE/LB+[fr-rf]-addr+addr.litmus
/opt/litmus-tests-riscv/tests/non-mixed-size/SAFE/LB+[fr-rf]-addr+ctrl.litmus
/opt/litmus-tests-riscv/tests/non-mixed-size/SAFE/LB+[fr-rf]-addr+ctrlfencei.litmus
/opt/litmus-tests-riscv/tests/non-mixed-size/SAFE/LB+[fr-rf]-addr+data.litmus
/opt/litmus-tests-riscv/tests/non-mixed-size/SAFE/LB+[fr-rf]-addr+fence.r.rw.litmus
/opt/litmus-tests-riscv/tests/non-mixed-size/SAFE/LB+[fr-rf]-addr+fence.rw.rw.litmus
/opt/litmus-tests-riscv/tests/non-mixed-size/SAFE/LB+[fr-rf]-addr+fence.rw.w.litmus
/opt/litmus-tests-riscv/tests/non-mixed-size/SAFE/LB+[fr-rf]-ctrl+addr.litmus
/opt/litmus-tests-riscv/tests/non-mixed-size/SAFE/LB+[fr-rf]-ctrl+ctrl.litmus
/opt/litmus-tests-riscv/tests/non-mixed-size/SAFE/LB+[fr-rf]-ctrl+ctrlfencei.litmus
/opt/litmus-tests-riscv/tests/non-mixed-size/SAFE/LB+[fr-rf]-ctrl+data.litmus
/opt/litmus-tests-riscv/tests/non-mixed-size/SAFE/LB+[fr-rf]-ctrl+fence.r.rw.litmus
/opt/litmus-tests-riscv/tests/non-mixed-size/SAFE/LB+[fr-rf]-ctrl+fence.rw.rw.litmus
/opt/litmus-tests-riscv/tests/non-mixed-size/SAFE/LB+[fr-rf]-ctrl+fence.rw.w.litmus
/opt/litmus-tests-riscv/tests/non-mixed-size/SAFE/LB+[fr-rf]-ctrlfencei+addr.litmus
/opt/litmus-tests-riscv/tests/non-mixed-size/SAFE/LB+[fr-rf]-ctrlfencei+ctrl.litmus
/opt/litmus-tests-riscv/tests/non-mixed-size/SAFE/LB+[fr-rf]-ctrlfencei+ctrlfencei.litmus
/opt/litmus-tests-riscv/tests/non-mixed-size/SAFE/LB+[fr-rf]-ctrlfencei+data.litmus
/opt/litmus-tests-riscv/tests/non-mixed-size/SAFE/LB+[fr-rf]-ctrlfencei+fence.r.rw.litmus
/opt/litmus-tests-riscv/tests/non-mixed-size/SAFE/LB+[fr-rf]-ctrlfencei+fence.rw.rw.litmus
/opt/litmus-tests-riscv/tests/non-mixed-size/SAFE/LB+[fr-rf]-ctrlfencei+fence.rw.w.litmus
/opt/litmus-tests-riscv/tests/non-mixed-size/SAFE/LB+[fr-rf]-data+addr.litmus
/opt/litmus-tests-riscv/tests/non-mixed-size/SAFE/LB+[fr-rf]-data+ctrl.litmus
/opt/litmus-tests-riscv/tests/non-mixed-size/SAFE/LB+[fr-rf]-data+ctrlfencei.litmus
/opt/litmus-tests-riscv/tests/non-mixed-size/SAFE/LB+[fr-rf]-data+data.litmus
/opt/litmus-tests-riscv/tests/non-mixed-size/SAFE/LB+[fr-rf]-data+fence.r.rw.litmus
/opt/litmus-tests-riscv/tests/non-mixed-size/SAFE/LB+[fr-rf]-data+fence.rw.rw.litmus
/opt/litmus-tests-riscv/tests/non-mixed-size/SAFE/LB+[fr-rf]-data+fence.rw.w.litmus
/opt/litmus-tests-riscv/tests/non-mixed-size/SAFE/LB+[fr-rf]-fence.r.rw+addr.litmus
/opt/litmus-tests-riscv/tests/non-mixed-size/SAFE/LB+[fr-rf]-fence.r.rw+ctrl.litmus
/opt/litmus-tests-riscv/tests/non-mixed-size/SAFE/LB+[fr-rf]-fence.r.rw+ctrlfencei.litmus
/opt/litmus-tests-riscv/tests/non-mixed-size/SAFE/LB+[fr-rf]-fence.r.rw+data.litmus
/opt/litmus-tests-riscv/tests/non-mixed-size/SAFE/LB+[fr-rf]-fence.r.rw+fence.r.rw.litmus
/opt/litmus-tests-riscv/tests/non-mixed-size/SAFE/LB+[fr-rf]-fence.r.rw+fence.rw.rw.litmus
/opt/litmus-tests-riscv/tests/non-mixed-size/SAFE/LB+[fr-rf]-fence.r.rw+fence.rw.w.litmus
/opt/litmus-tests-riscv/tests/non-mixed-size/SAFE/LB+[fr-rf]-fence.rw.rw+addr.litmus
/opt/litmus-tests-riscv/tests/non-mixed-size/SAFE/LB+[fr-rf]-fence.rw.rw+ctrl.litmus
/opt/litmus-tests-riscv/tests/non-mixed-size/SAFE/LB+[fr-rf]-fence.rw.rw+ctrlfencei.litmus
/opt/litmus-tests-riscv/tests/non-mixed-size/SAFE/LB+[fr-rf]-fence.rw.rw+data.litmus
/opt/litmus-tests-riscv/tests/non-mixed-size/SAFE/LB+[fr-rf]-fence.rw.rw+fence.r.rw.litmus
/opt/litmus-tests-riscv/tests/non-mixed-size/SAFE/LB+[fr-rf]-fence.rw.rw+fence.rw.rw.litmus
/opt/litmus-tests-riscv/tests/non-mixed-size/SAFE/LB+[fr-rf]-fence.rw.rw+fence.rw.w.litmus
/opt/litmus-tests-riscv/tests/non-mixed-size/SAFE/LB+[fr-rf]-fence.rw.w+addr.litmus
/opt/litmus-tests-riscv/tests/non-mixed-size/SAFE/LB+[fr-rf]-fence.rw.w+ctrl.litmus
/opt/litmus-tests-riscv/tests/non-mixed-size/SAFE/LB+[fr-rf]-fence.rw.w+ctrlfencei.litmus
/opt/litmus-tests-riscv/tests/non-mixed-size/SAFE/LB+[fr-rf]-fence.rw.w+data.litmus
/opt/litmus-tests-riscv/tests/non-mixed-size/SAFE/LB+[fr-rf]-fence.rw.w+fence.r.rw.litmus
/opt/litmus-tests-riscv/tests/non-mixed-size/SAFE/LB+[fr-rf]-fence.rw.w+fence.rw.rw.litmus
/opt/litmus-tests-riscv/tests/non-mixed-size/SAFE/LB+[fr-rf]-fence.rw.w+fence.rw.w.litmus
/opt/litmus-tests-riscv/tests/non-mixed-size/SAFE/LB+addr+addr-[fr-ws].litmus
/opt/litmus-tests-riscv/tests/non-mixed-size/SAFE/LB+addr+addr-[rf-fr].litmus
/opt/litmus-tests-riscv/tests/non-mixed-size/SAFE/LB+addr+ctrl-[rf-fr].litmus
/opt/litmus-tests-riscv/tests/non-mixed-size/SAFE/LB+addr+ctrl.litmus
/opt/litmus-tests-riscv/tests/non-mixed-size/SAFE/LB+addr+ctrlfencei-[fr-ws].litmus
/opt/litmus-tests-riscv/tests/non-mixed-size/SAFE/LB+addr+ctrlfencei-[rf-fr].litmus
/opt/litmus-tests-riscv/tests/non-mixed-size/SAFE/LB+addr+ctrlfencei.litmus
/opt/litmus-tests-riscv/tests/non-mixed-size/SAFE/LB+addr+data-[rf-fr].litmus
/opt/litmus-tests-riscv/tests/non-mixed-size/SAFE/LB+addr+data.litmus
/opt/litmus-tests-riscv/tests/non-mixed-size/SAFE/LB+addr-[fr-ws]+ctrl.litmus
/opt/litmus-tests-riscv/tests/non-mixed-size/SAFE/LB+addr-[fr-ws]+ctrlfencei.litmus
/opt/litmus-tests-riscv/tests/non-mixed-size/SAFE/LB+addr-[fr-ws]+data.litmus
/opt/litmus-tests-riscv/tests/non-mixed-size/SAFE/LB+addr-[rf-fr]+ctrl.litmus
/opt/litmus-tests-riscv/tests/non-mixed-size/SAFE/LB+addr-[rf-fr]+ctrlfencei.litmus
/opt/litmus-tests-riscv/tests/non-mixed-size/SAFE/LB+addr-[rf-fr]+data.litmus
/opt/litmus-tests-riscv/tests/non-mixed-size/SAFE/LB+addrs.litmus
/opt/litmus-tests-riscv/tests/non-mixed-size/SAFE/LB+ctrl+ctrl-[rf-fr].litmus
/opt/litmus-tests-riscv/tests/non-mixed-size/SAFE/LB+ctrl+ctrlfencei-[fr-ws].litmus
/opt/litmus-tests-riscv/tests/non-mixed-size/SAFE/LB+ctrl+ctrlfencei-[rf-fr].litmus
/opt/litmus-tests-riscv/tests/non-mixed-size/SAFE/LB+ctrl+ctrlfencei.litmus
/opt/litmus-tests-riscv/tests/non-mixed-size/SAFE/LB+ctrl-[rf-fr]+ctrlfencei.litmus
/opt/litmus-tests-riscv/tests/non-mixed-size/SAFE/LB+ctrlfencei+ctrlfencei-[fr-ws].litmus
/opt/litmus-tests-riscv/tests/non-mixed-size/SAFE/LB+ctrlfencei+ctrlfencei-[rf-fr].litmus
/opt/litmus-tests-riscv/tests/non-mixed-size/SAFE/LB+ctrlfenceis.litmus
/opt/litmus-tests-riscv/tests/non-mixed-size/SAFE/LB+ctrls.litmus
/opt/litmus-tests-riscv/tests/non-mixed-size/SAFE/LB+data+ctrl-[rf-fr].litmus
/opt/litmus-tests-riscv/tests/non-mixed-size/SAFE/LB+data+ctrl.litmus
/opt/litmus-tests-riscv/tests/non-mixed-size/SAFE/LB+data+ctrlfencei-[fr-ws].litmus
/opt/litmus-tests-riscv/tests/non-mixed-size/SAFE/LB+data+ctrlfencei-[rf-fr].litmus
/opt/litmus-tests-riscv/tests/non-mixed-size/SAFE/LB+data+ctrlfencei.litmus
/opt/litmus-tests-riscv/tests/non-mixed-size/SAFE/LB+data+data-[rf-fr].litmus
/opt/litmus-tests-riscv/tests/non-mixed-size/SAFE/LB+data-[rf-fr]+ctrl.litmus
/opt/litmus-tests-riscv/tests/non-mixed-size/SAFE/LB+data-[rf-fr]+ctrlfencei.litmus
/opt/litmus-tests-riscv/tests/non-mixed-size/SAFE/LB+datas.litmus
/opt/litmus-tests-riscv/tests/non-mixed-size/SAFE/LB+fence.r.rw+addr-[fr-ws].litmus
/opt/litmus-tests-riscv/tests/non-mixed-size/SAFE/LB+fence.r.rw+addr-[rf-fr].litmus
/opt/litmus-tests-riscv/tests/non-mixed-size/SAFE/LB+fence.r.rw+addr.litmus
/opt/litmus-tests-riscv/tests/non-mixed-size/SAFE/LB+fence.r.rw+ctrl-[rf-fr].litmus
/opt/litmus-tests-riscv/tests/non-mixed-size/SAFE/LB+fence.r.rw+ctrl.litmus
/opt/litmus-tests-riscv/tests/non-mixed-size/SAFE/LB+fence.r.rw+ctrlfencei-[fr-ws].litmus
/opt/litmus-tests-riscv/tests/non-mixed-size/SAFE/LB+fence.r.rw+ctrlfencei-[rf-fr].litmus
/opt/litmus-tests-riscv/tests/non-mixed-size/SAFE/LB+fence.r.rw+ctrlfencei.litmus
/opt/litmus-tests-riscv/tests/non-mixed-size/SAFE/LB+fence.r.rw+data-[rf-fr].litmus
/opt/litmus-tests-riscv/tests/non-mixed-size/SAFE/LB+fence.r.rw+data.litmus
/opt/litmus-tests-riscv/tests/non-mixed-size/SAFE/LB+fence.r.rw+fence.r.rw-[fr-ws].litmus
/opt/litmus-tests-riscv/tests/non-mixed-size/SAFE/LB+fence.r.rw+fence.r.rw-[rf-fr].litmus
/opt/litmus-tests-riscv/tests/non-mixed-size/SAFE/LB+fence.r.rw+fence.rw.rw-[fr-ws].litmus
/opt/litmus-tests-riscv/tests/non-mixed-size/SAFE/LB+fence.r.rw+fence.rw.rw-[rf-fr].litmus
/opt/litmus-tests-riscv/tests/non-mixed-size/SAFE/LB+fence.r.rw+fence.rw.rw.litmus
/opt/litmus-tests-riscv/tests/non-mixed-size/SAFE/LB+fence.r.rw+fence.rw.w-[rf-fr].litmus
/opt/litmus-tests-riscv/tests/non-mixed-size/SAFE/LB+fence.r.rw+fence.rw.w.litmus
/opt/litmus-tests-riscv/tests/non-mixed-size/SAFE/LB+fence.r.rw-[fr-ws]+addr.litmus
/opt/litmus-tests-riscv/tests/non-mixed-size/SAFE/LB+fence.r.rw-[fr-ws]+ctrl.litmus
/opt/litmus-tests-riscv/tests/non-mixed-size/SAFE/LB+fence.r.rw-[fr-ws]+ctrlfencei.litmus
/opt/litmus-tests-riscv/tests/non-mixed-size/SAFE/LB+fence.r.rw-[fr-ws]+data.litmus
/opt/litmus-tests-riscv/tests/non-mixed-size/SAFE/LB+fence.r.rw-[fr-ws]+fence.rw.rw.litmus
/opt/litmus-tests-riscv/tests/non-mixed-size/SAFE/LB+fence.r.rw-[fr-ws]+fence.rw.w.litmus
/opt/litmus-tests-riscv/tests/non-mixed-size/SAFE/LB+fence.r.rw-[rf-fr]+addr.litmus
/opt/litmus-tests-riscv/tests/non-mixed-size/SAFE/LB+fence.r.rw-[rf-fr]+ctrl.litmus
/opt/litmus-tests-riscv/tests/non-mixed-size/SAFE/LB+fence.r.rw-[rf-fr]+ctrlfencei.litmus
/opt/litmus-tests-riscv/tests/non-mixed-size/SAFE/LB+fence.r.rw-[rf-fr]+data.litmus
/opt/litmus-tests-riscv/tests/non-mixed-size/SAFE/LB+fence.r.rw-[rf-fr]+fence.rw.rw.litmus
/opt/litmus-tests-riscv/tests/non-mixed-size/SAFE/LB+fence.r.rw-[rf-fr]+fence.rw.w.litmus
/opt/litmus-tests-riscv/tests/non-mixed-size/SAFE/LB+fence.r.rws.litmus
/opt/litmus-tests-riscv/tests/non-mixed-size/SAFE/LB+fence.rw.rw+addr-[fr-ws].litmus
/opt/litmus-tests-riscv/tests/non-mixed-size/SAFE/LB+fence.rw.rw+addr-[rf-fr].litmus
/opt/litmus-tests-riscv/tests/non-mixed-size/SAFE/LB+fence.rw.rw+addr.litmus
/opt/litmus-tests-riscv/tests/non-mixed-size/SAFE/LB+fence.rw.rw+ctrl-[rf-fr].litmus
/opt/litmus-tests-riscv/tests/non-mixed-size/SAFE/LB+fence.rw.rw+ctrl.litmus
/opt/litmus-tests-riscv/tests/non-mixed-size/SAFE/LB+fence.rw.rw+ctrlfencei-[fr-ws].litmus
/opt/litmus-tests-riscv/tests/non-mixed-size/SAFE/LB+fence.rw.rw+ctrlfencei-[rf-fr].litmus
/opt/litmus-tests-riscv/tests/non-mixed-size/SAFE/LB+fence.rw.rw+ctrlfencei.litmus
/opt/litmus-tests-riscv/tests/non-mixed-size/SAFE/LB+fence.rw.rw+data-[rf-fr].litmus
/opt/litmus-tests-riscv/tests/non-mixed-size/SAFE/LB+fence.rw.rw+data.litmus
/opt/litmus-tests-riscv/tests/non-mixed-size/SAFE/LB+fence.rw.rw+fence.rw.rw-[fr-ws].litmus
/opt/litmus-tests-riscv/tests/non-mixed-size/SAFE/LB+fence.rw.rw+fence.rw.rw-[rf-fr].litmus
/opt/litmus-tests-riscv/tests/non-mixed-size/SAFE/LB+fence.rw.rw-[fr-ws]+addr.litmus
/opt/litmus-tests-riscv/tests/non-mixed-size/SAFE/LB+fence.rw.rw-[fr-ws]+ctrl.litmus
/opt/litmus-tests-riscv/tests/non-mixed-size/SAFE/LB+fence.rw.rw-[fr-ws]+ctrlfencei.litmus
/opt/litmus-tests-riscv/tests/non-mixed-size/SAFE/LB+fence.rw.rw-[fr-ws]+data.litmus
/opt/litmus-tests-riscv/tests/non-mixed-size/SAFE/LB+fence.rw.rw-[rf-fr]+addr.litmus
/opt/litmus-tests-riscv/tests/non-mixed-size/SAFE/LB+fence.rw.rw-[rf-fr]+ctrl.litmus
/opt/litmus-tests-riscv/tests/non-mixed-size/SAFE/LB+fence.rw.rw-[rf-fr]+ctrlfencei.litmus
/opt/litmus-tests-riscv/tests/non-mixed-size/SAFE/LB+fence.rw.rw-[rf-fr]+data.litmus
/opt/litmus-tests-riscv/tests/non-mixed-size/SAFE/LB+fence.rw.rws.litmus
/opt/litmus-tests-riscv/tests/non-mixed-size/SAFE/LB+fence.rw.w+addr-[fr-ws].litmus
/opt/litmus-tests-riscv/tests/non-mixed-size/SAFE/LB+fence.rw.w+addr-[rf-fr].litmus
/opt/litmus-tests-riscv/tests/non-mixed-size/SAFE/LB+fence.rw.w+addr.litmus
/opt/litmus-tests-riscv/tests/non-mixed-size/SAFE/LB+fence.rw.w+ctrl-[rf-fr].litmus
/opt/litmus-tests-riscv/tests/non-mixed-size/SAFE/LB+fence.rw.w+ctrl.litmus
/opt/litmus-tests-riscv/tests/non-mixed-size/SAFE/LB+fence.rw.w+ctrlfencei-[fr-ws].litmus
/opt/litmus-tests-riscv/tests/non-mixed-size/SAFE/LB+fence.rw.w+ctrlfencei-[rf-fr].litmus
/opt/litmus-tests-riscv/tests/non-mixed-size/SAFE/LB+fence.rw.w+ctrlfencei.litmus
/opt/litmus-tests-riscv/tests/non-mixed-size/SAFE/LB+fence.rw.w+data-[rf-fr].litmus
/opt/litmus-tests-riscv/tests/non-mixed-size/SAFE/LB+fence.rw.w+data.litmus
/opt/litmus-tests-riscv/tests/non-mixed-size/SAFE/LB+fence.rw.w+fence.rw.rw-[fr-ws].litmus
/opt/litmus-tests-riscv/tests/non-mixed-size/SAFE/LB+fence.rw.w+fence.rw.rw-[rf-fr].litmus
/opt/litmus-tests-riscv/tests/non-mixed-size/SAFE/LB+fence.rw.w+fence.rw.rw.litmus
/opt/litmus-tests-riscv/tests/non-mixed-size/SAFE/LB+fence.rw.w+fence.rw.w-[rf-fr].litmus
/opt/litmus-tests-riscv/tests/non-mixed-size/SAFE/LB+fence.rw.w-[rf-fr]+addr.litmus
/opt/litmus-tests-riscv/tests/non-mixed-size/SAFE/LB+fence.rw.w-[rf-fr]+ctrl.litmus
/opt/litmus-tests-riscv/tests/non-mixed-size/SAFE/LB+fence.rw.w-[rf-fr]+ctrlfencei.litmus
/opt/litmus-tests-riscv/tests/non-mixed-size/SAFE/LB+fence.rw.w-[rf-fr]+data.litmus
/opt/litmus-tests-riscv/tests/non-mixed-size/SAFE/LB+fence.rw.w-[rf-fr]+fence.rw.rw.litmus
/opt/litmus-tests-riscv/tests/non-mixed-size/SAFE/LB+fence.rw.ws.litmus
/opt/litmus-tests-riscv/tests/non-mixed-size/SAFE/MP+[rf-addr-fr]+addr.litmus
/opt/litmus-tests-riscv/tests/non-mixed-size/SAFE/MP+[rf-addr-fr]+ctrlfencei.litmus
/opt/litmus-tests-riscv/tests/non-mixed-size/SAFE/MP+[rf-addr-fr]+fence.r.rw.litmus
/opt/litmus-tests-riscv/tests/non-mixed-size/SAFE/MP+[rf-addr-fr]+fence.rw.rw.litmus
/opt/litmus-tests-riscv/tests/non-mixed-size/SAFE/MP+[rf-addr-ws]+addr.litmus
/opt/litmus-tests-riscv/tests/non-mixed-size/SAFE/MP+[rf-addr-ws]+ctrlfencei.litmus
/opt/litmus-tests-riscv/tests/non-mixed-size/SAFE/MP+[rf-addr-ws]+fence.r.rw.litmus
/opt/litmus-tests-riscv/tests/non-mixed-size/SAFE/MP+[rf-addr-ws]+fence.rw.rw.litmus
/opt/litmus-tests-riscv/tests/non-mixed-size/SAFE/MP+[rf-ctrl-ws]+addr.litmus
/opt/litmus-tests-riscv/tests/non-mixed-size/SAFE/MP+[rf-ctrl-ws]+ctrlfencei.litmus
/opt/litmus-tests-riscv/tests/non-mixed-size/SAFE/MP+[rf-ctrl-ws]+fence.r.rw.litmus
/opt/litmus-tests-riscv/tests/non-mixed-size/SAFE/MP+[rf-ctrl-ws]+fence.rw.rw.litmus
/opt/litmus-tests-riscv/tests/non-mixed-size/SAFE/MP+[rf-ctrlfencei-fr]+addr.litmus
/opt/litmus-tests-riscv/tests/non-mixed-size/SAFE/MP+[rf-ctrlfencei-fr]+ctrlfencei.litmus
/opt/litmus-tests-riscv/tests/non-mixed-size/SAFE/MP+[rf-ctrlfencei-fr]+fence.r.rw.litmus
/opt/litmus-tests-riscv/tests/non-mixed-size/SAFE/MP+[rf-ctrlfencei-fr]+fence.rw.rw.litmus
/opt/litmus-tests-riscv/tests/non-mixed-size/SAFE/MP+[rf-ctrlfencei-ws]+addr.litmus
/opt/litmus-tests-riscv/tests/non-mixed-size/SAFE/MP+[rf-ctrlfencei-ws]+ctrlfencei.litmus
/opt/litmus-tests-riscv/tests/non-mixed-size/SAFE/MP+[rf-ctrlfencei-ws]+fence.r.rw.litmus
/opt/litmus-tests-riscv/tests/non-mixed-size/SAFE/MP+[rf-ctrlfencei-ws]+fence.rw.rw.litmus
/opt/litmus-tests-riscv/tests/non-mixed-size/SAFE/MP+[rf-data-ws]+addr.litmus
/opt/litmus-tests-riscv/tests/non-mixed-size/SAFE/MP+[rf-data-ws]+ctrlfencei.litmus
/opt/litmus-tests-riscv/tests/non-mixed-size/SAFE/MP+[rf-data-ws]+fence.r.rw.litmus
/opt/litmus-tests-riscv/tests/non-mixed-size/SAFE/MP+[rf-data-ws]+fence.rw.rw.litmus
/opt/litmus-tests-riscv/tests/non-mixed-size/SAFE/MP+[rf-fence.r.rw-fr]+addr.litmus
/opt/litmus-tests-riscv/tests/non-mixed-size/SAFE/MP+[rf-fence.r.rw-fr]+ctrlfencei.litmus
/opt/litmus-tests-riscv/tests/non-mixed-size/SAFE/MP+[rf-fence.r.rw-fr]+fence.r.rw.litmus
/opt/litmus-tests-riscv/tests/non-mixed-size/SAFE/MP+[rf-fence.r.rw-fr]+fence.rw.rw.litmus
/opt/litmus-tests-riscv/tests/non-mixed-size/SAFE/MP+[rf-fence.r.rw-ws]+addr.litmus
/opt/litmus-tests-riscv/tests/non-mixed-size/SAFE/MP+[rf-fence.r.rw-ws]+ctrlfencei.litmus
/opt/litmus-tests-riscv/tests/non-mixed-size/SAFE/MP+[rf-fence.r.rw-ws]+fence.r.rw.litmus
/opt/litmus-tests-riscv/tests/non-mixed-size/SAFE/MP+[rf-fence.r.rw-ws]+fence.rw.rw.litmus
/opt/litmus-tests-riscv/tests/non-mixed-size/SAFE/MP+[rf-fence.rw.rw-fr]+addr.litmus
/opt/litmus-tests-riscv/tests/non-mixed-size/SAFE/MP+[rf-fence.rw.rw-fr]+ctrlfencei.litmus
/opt/litmus-tests-riscv/tests/non-mixed-size/SAFE/MP+[rf-fence.rw.rw-fr]+fence.r.rw.litmus
/opt/litmus-tests-riscv/tests/non-mixed-size/SAFE/MP+[rf-fence.rw.rw-fr]+fence.rw.rw.litmus
/opt/litmus-tests-riscv/tests/non-mixed-size/SAFE/MP+[rf-fence.rw.rw-ws]+addr.litmus
/opt/litmus-tests-riscv/tests/non-mixed-size/SAFE/MP+[rf-fence.rw.rw-ws]+ctrlfencei.litmus
/opt/litmus-tests-riscv/tests/non-mixed-size/SAFE/MP+[rf-fence.rw.rw-ws]+fence.r.rw.litmus
/opt/litmus-tests-riscv/tests/non-mixed-size/SAFE/MP+[rf-fence.rw.rw-ws]+fence.rw.rw.litmus
/opt/litmus-tests-riscv/tests/non-mixed-size/SAFE/MP+[rf-fence.rw.w-ws]+addr.litmus
/opt/litmus-tests-riscv/tests/non-mixed-size/SAFE/MP+[rf-fence.rw.w-ws]+ctrlfencei.litmus
/opt/litmus-tests-riscv/tests/non-mixed-size/SAFE/MP+[rf-fence.rw.w-ws]+fence.r.rw.litmus
/opt/litmus-tests-riscv/tests/non-mixed-size/SAFE/MP+[rf-fence.rw.w-ws]+fence.rw.rw.litmus
/opt/litmus-tests-riscv/tests/non-mixed-size/SAFE/MP+[rf-fr]-fence.rw.rw+addr.litmus
/opt/litmus-tests-riscv/tests/non-mixed-size/SAFE/MP+[rf-fr]-fence.rw.rw+ctrlfencei.litmus
/opt/litmus-tests-riscv/tests/non-mixed-size/SAFE/MP+[rf-fr]-fence.rw.rw+fence.r.rw.litmus
/opt/litmus-tests-riscv/tests/non-mixed-size/SAFE/MP+[rf-fr]-fence.rw.rw+fence.rw.rw.litmus
/opt/litmus-tests-riscv/tests/non-mixed-size/SAFE/MP+[rf-fr]-fence.rw.w+addr.litmus
/opt/litmus-tests-riscv/tests/non-mixed-size/SAFE/MP+[rf-fr]-fence.rw.w+ctrlfencei.litmus
/opt/litmus-tests-riscv/tests/non-mixed-size/SAFE/MP+[rf-fr]-fence.rw.w+fence.r.rw.litmus
/opt/litmus-tests-riscv/tests/non-mixed-size/SAFE/MP+[rf-fr]-fence.rw.w+fence.rw.rw.litmus
/opt/litmus-tests-riscv/tests/non-mixed-size/SAFE/MP+[rf-fr]-fence.w.w+addr.litmus
/opt/litmus-tests-riscv/tests/non-mixed-size/SAFE/MP+[rf-fr]-fence.w.w+ctrlfencei.litmus
/opt/litmus-tests-riscv/tests/non-mixed-size/SAFE/MP+[rf-fr]-fence.w.w+fence.r.rw.litmus
/opt/litmus-tests-riscv/tests/non-mixed-size/SAFE/MP+[rf-fr]-fence.w.w+fence.rw.rw.litmus
/opt/litmus-tests-riscv/tests/non-mixed-size/SAFE/MP+[ws-fence.rw.rw-fr]+addr.litmus
/opt/litmus-tests-riscv/tests/non-mixed-size/SAFE/MP+[ws-fence.rw.rw-fr]+ctrlfencei.litmus
/opt/litmus-tests-riscv/tests/non-mixed-size/SAFE/MP+[ws-fence.rw.rw-fr]+fence.r.rw.litmus
/opt/litmus-tests-riscv/tests/non-mixed-size/SAFE/MP+[ws-fence.rw.rw-fr]+fence.rw.rw.litmus
/opt/litmus-tests-riscv/tests/non-mixed-size/SAFE/MP+[ws-fence.rw.rw-ws]+addr.litmus
/opt/litmus-tests-riscv/tests/non-mixed-size/SAFE/MP+[ws-fence.rw.rw-ws]+ctrlfencei.litmus
/opt/litmus-tests-riscv/tests/non-mixed-size/SAFE/MP+[ws-fence.rw.rw-ws]+fence.r.rw.litmus
/opt/litmus-tests-riscv/tests/non-mixed-size/SAFE/MP+[ws-fence.rw.rw-ws]+fence.rw.rw.litmus
/opt/litmus-tests-riscv/tests/non-mixed-size/SAFE/MP+[ws-fence.rw.w-ws]+addr.litmus
/opt/litmus-tests-riscv/tests/non-mixed-size/SAFE/MP+[ws-fence.rw.w-ws]+ctrlfencei.litmus
/opt/litmus-tests-riscv/tests/non-mixed-size/SAFE/MP+[ws-fence.rw.w-ws]+fence.r.rw.litmus
/opt/litmus-tests-riscv/tests/non-mixed-size/SAFE/MP+[ws-fence.rw.w-ws]+fence.rw.rw.litmus
/opt/litmus-tests-riscv/tests/non-mixed-size/SAFE/MP+[ws-fence.w.w-ws]+addr.litmus
/opt/litmus-tests-riscv/tests/non-mixed-size/SAFE/MP+[ws-fence.w.w-ws]+ctrlfencei.litmus
/opt/litmus-tests-riscv/tests/non-mixed-size/SAFE/MP+[ws-fence.w.w-ws]+fence.r.rw.litmus
/opt/litmus-tests-riscv/tests/non-mixed-size/SAFE/MP+[ws-fence.w.w-ws]+fence.rw.rw.litmus
/opt/litmus-tests-riscv/tests/non-mixed-size/SAFE/MP+[ws-rf]-addr+addr.litmus
/opt/litmus-tests-riscv/tests/non-mixed-size/SAFE/MP+[ws-rf]-addr+ctrlfencei.litmus
/opt/litmus-tests-riscv/tests/non-mixed-size/SAFE/MP+[ws-rf]-addr+fence.r.rw.litmus
/opt/litmus-tests-riscv/tests/non-mixed-size/SAFE/MP+[ws-rf]-addr+fence.rw.rw.litmus
/opt/litmus-tests-riscv/tests/non-mixed-size/SAFE/MP+[ws-rf]-ctrl+addr.litmus
/opt/litmus-tests-riscv/tests/non-mixed-size/SAFE/MP+[ws-rf]-ctrl+ctrlfencei.litmus
/opt/litmus-tests-riscv/tests/non-mixed-size/SAFE/MP+[ws-rf]-ctrl+fence.r.rw.litmus
/opt/litmus-tests-riscv/tests/non-mixed-size/SAFE/MP+[ws-rf]-ctrl+fence.rw.rw.litmus
/opt/litmus-tests-riscv/tests/non-mixed-size/SAFE/MP+[ws-rf]-ctrlfencei+addr.litmus
/opt/litmus-tests-riscv/tests/non-mixed-size/SAFE/MP+[ws-rf]-ctrlfencei+ctrlfencei.litmus
/opt/litmus-tests-riscv/tests/non-mixed-size/SAFE/MP+[ws-rf]-ctrlfencei+fence.r.rw.litmus
/opt/litmus-tests-riscv/tests/non-mixed-size/SAFE/MP+[ws-rf]-ctrlfencei+fence.rw.rw.litmus
/opt/litmus-tests-riscv/tests/non-mixed-size/SAFE/MP+[ws-rf]-data+addr.litmus
/opt/litmus-tests-riscv/tests/non-mixed-size/SAFE/MP+[ws-rf]-data+ctrlfencei.litmus
/opt/litmus-tests-riscv/tests/non-mixed-size/SAFE/MP+[ws-rf]-data+fence.r.rw.litmus
/opt/litmus-tests-riscv/tests/non-mixed-size/SAFE/MP+[ws-rf]-data+fence.rw.rw.litmus
/opt/litmus-tests-riscv/tests/non-mixed-size/SAFE/MP+[ws-rf]-fence.r.rw+addr.litmus
/opt/litmus-tests-riscv/tests/non-mixed-size/SAFE/MP+[ws-rf]-fence.r.rw+ctrlfencei.litmus
/opt/litmus-tests-riscv/tests/non-mixed-size/SAFE/MP+[ws-rf]-fence.r.rw+fence.r.rw.litmus
/opt/litmus-tests-riscv/tests/non-mixed-size/SAFE/MP+[ws-rf]-fence.r.rw+fence.rw.rw.litmus
/opt/litmus-tests-riscv/tests/non-mixed-size/SAFE/MP+[ws-rf]-fence.rw.rw+addr.litmus
/opt/litmus-tests-riscv/tests/non-mixed-size/SAFE/MP+[ws-rf]-fence.rw.rw+ctrlfencei.litmus
/opt/litmus-tests-riscv/tests/non-mixed-size/SAFE/MP+[ws-rf]-fence.rw.rw+fence.r.rw.litmus
/opt/litmus-tests-riscv/tests/non-mixed-size/SAFE/MP+[ws-rf]-fence.rw.rw+fence.rw.rw.litmus
/opt/litmus-tests-riscv/tests/non-mixed-size/SAFE/MP+[ws-rf]-fence.rw.w+addr.litmus
/opt/litmus-tests-riscv/tests/non-mixed-size/SAFE/MP+[ws-rf]-fence.rw.w+ctrlfencei.litmus
/opt/litmus-tests-riscv/tests/non-mixed-size/SAFE/MP+[ws-rf]-fence.rw.w+fence.r.rw.litmus
/opt/litmus-tests-riscv/tests/non-mixed-size/SAFE/MP+[ws-rf]-fence.rw.w+fence.rw.rw.litmus
/opt/litmus-tests-riscv/tests/non-mixed-size/SAFE/MP+fence.rw.rw+[fr-fence.rw.rw-rf].litmus
/opt/litmus-tests-riscv/tests/non-mixed-size/SAFE/MP+fence.rw.rw+[fr-fence.rw.w-rf].litmus
/opt/litmus-tests-riscv/tests/non-mixed-size/SAFE/MP+fence.rw.rw+[fr-fence.w.w-rf].litmus
/opt/litmus-tests-riscv/tests/non-mixed-size/SAFE/MP+fence.rw.rw+[fr-rf]-addr.litmus
/opt/litmus-tests-riscv/tests/non-mixed-size/SAFE/MP+fence.rw.rw+[fr-rf]-ctrlfencei.litmus
/opt/litmus-tests-riscv/tests/non-mixed-size/SAFE/MP+fence.rw.rw+[fr-rf]-fence.r.rw.litmus
/opt/litmus-tests-riscv/tests/non-mixed-size/SAFE/MP+fence.rw.rw+[fr-rf]-fence.rw.rw.litmus
/opt/litmus-tests-riscv/tests/non-mixed-size/SAFE/MP+fence.rw.rw+addr-[fr-rf].litmus
/opt/litmus-tests-riscv/tests/non-mixed-size/SAFE/MP+fence.rw.rw+addr.litmus
/opt/litmus-tests-riscv/tests/non-mixed-size/SAFE/MP+fence.rw.rw+ctrlfencei-[fr-rf].litmus
/opt/litmus-tests-riscv/tests/non-mixed-size/SAFE/MP+fence.rw.rw+ctrlfencei.litmus
/opt/litmus-tests-riscv/tests/non-mixed-size/SAFE/MP+fence.rw.rw+fence.r.rw-[fr-rf].litmus
/opt/litmus-tests-riscv/tests/non-mixed-size/SAFE/MP+fence.rw.rw+fence.r.rw.litmus
/opt/litmus-tests-riscv/tests/non-mixed-size/SAFE/MP+fence.rw.rw+fence.rw.rw-[fr-rf].litmus
/opt/litmus-tests-riscv/tests/non-mixed-size/SAFE/MP+fence.rw.rw-[fr-ws]+addr.litmus
/opt/litmus-tests-riscv/tests/non-mixed-size/SAFE/MP+fence.rw.rw-[fr-ws]+ctrlfencei.litmus
/opt/litmus-tests-riscv/tests/non-mixed-size/SAFE/MP+fence.rw.rw-[fr-ws]+fence.r.rw.litmus
/opt/litmus-tests-riscv/tests/non-mixed-size/SAFE/MP+fence.rw.rw-[fr-ws]+fence.rw.rw.litmus
/opt/litmus-tests-riscv/tests/non-mixed-size/SAFE/MP+fence.rw.rw-[rf-fr]+addr.litmus
/opt/litmus-tests-riscv/tests/non-mixed-size/SAFE/MP+fence.rw.rw-[rf-fr]+ctrlfencei.litmus
/opt/litmus-tests-riscv/tests/non-mixed-size/SAFE/MP+fence.rw.rw-[rf-fr]+fence.r.rw.litmus
/opt/litmus-tests-riscv/tests/non-mixed-size/SAFE/MP+fence.rw.rw-[rf-fr]+fence.rw.rw.litmus
/opt/litmus-tests-riscv/tests/non-mixed-size/SAFE/MP+fence.rw.rws.litmus
/opt/litmus-tests-riscv/tests/non-mixed-size/SAFE/MP+fence.rw.w+[fr-fence.rw.rw-rf].litmus
/opt/litmus-tests-riscv/tests/non-mixed-size/SAFE/MP+fence.rw.w+[fr-fence.rw.w-rf].litmus
/opt/litmus-tests-riscv/tests/non-mixed-size/SAFE/MP+fence.rw.w+[fr-fence.w.w-rf].litmus
/opt/litmus-tests-riscv/tests/non-mixed-size/SAFE/MP+fence.rw.w+[fr-rf]-addr.litmus
/opt/litmus-tests-riscv/tests/non-mixed-size/SAFE/MP+fence.rw.w+[fr-rf]-ctrlfencei.litmus
/opt/litmus-tests-riscv/tests/non-mixed-size/SAFE/MP+fence.rw.w+[fr-rf]-fence.r.rw.litmus
/opt/litmus-tests-riscv/tests/non-mixed-size/SAFE/MP+fence.rw.w+[fr-rf]-fence.rw.rw.litmus
/opt/litmus-tests-riscv/tests/non-mixed-size/SAFE/MP+fence.rw.w+addr-[fr-rf].litmus
/opt/litmus-tests-riscv/tests/non-mixed-size/SAFE/MP+fence.rw.w+addr.litmus
/opt/litmus-tests-riscv/tests/non-mixed-size/SAFE/MP+fence.rw.w+ctrlfencei-[fr-rf].litmus
/opt/litmus-tests-riscv/tests/non-mixed-size/SAFE/MP+fence.rw.w+ctrlfencei.litmus
/opt/litmus-tests-riscv/tests/non-mixed-size/SAFE/MP+fence.rw.w+fence.r.rw-[fr-rf].litmus
/opt/litmus-tests-riscv/tests/non-mixed-size/SAFE/MP+fence.rw.w+fence.r.rw.litmus
/opt/litmus-tests-riscv/tests/non-mixed-size/SAFE/MP+fence.rw.w+fence.rw.rw-[fr-rf].litmus
/opt/litmus-tests-riscv/tests/non-mixed-size/SAFE/MP+fence.rw.w+fence.rw.rw.litmus
/opt/litmus-tests-riscv/tests/non-mixed-size/SAFE/MP+fence.rw.w-[rf-fr]+addr.litmus
/opt/litmus-tests-riscv/tests/non-mixed-size/SAFE/MP+fence.rw.w-[rf-fr]+ctrlfencei.litmus
/opt/litmus-tests-riscv/tests/non-mixed-size/SAFE/MP+fence.rw.w-[rf-fr]+fence.r.rw.litmus
/opt/litmus-tests-riscv/tests/non-mixed-size/SAFE/MP+fence.rw.w-[rf-fr]+fence.rw.rw.litmus
/opt/litmus-tests-riscv/tests/non-mixed-size/SAFE/MP+fence.w.w+[fr-fence.rw.rw-rf].litmus
/opt/litmus-tests-riscv/tests/non-mixed-size/SAFE/MP+fence.w.w+[fr-fence.rw.w-rf].litmus
/opt/litmus-tests-riscv/tests/non-mixed-size/SAFE/MP+fence.w.w+[fr-fence.w.w-rf].litmus
/opt/litmus-tests-riscv/tests/non-mixed-size/SAFE/MP+fence.w.w+[fr-rf]-addr.litmus
/opt/litmus-tests-riscv/tests/non-mixed-size/SAFE/MP+fence.w.w+[fr-rf]-ctrlfencei.litmus
/opt/litmus-tests-riscv/tests/non-mixed-size/SAFE/MP+fence.w.w+[fr-rf]-fence.r.rw.litmus
/opt/litmus-tests-riscv/tests/non-mixed-size/SAFE/MP+fence.w.w+[fr-rf]-fence.rw.rw.litmus
/opt/litmus-tests-riscv/tests/non-mixed-size/SAFE/MP+fence.w.w+addr-[fr-rf].litmus
/opt/litmus-tests-riscv/tests/non-mixed-size/SAFE/MP+fence.w.w+addr.litmus
/opt/litmus-tests-riscv/tests/non-mixed-size/SAFE/MP+fence.w.w+ctrlfencei-[fr-rf].litmus
/opt/litmus-tests-riscv/tests/non-mixed-size/SAFE/MP+fence.w.w+ctrlfencei.litmus
/opt/litmus-tests-riscv/tests/non-mixed-size/SAFE/MP+fence.w.w+fence.r.rw-[fr-rf].litmus
/opt/litmus-tests-riscv/tests/non-mixed-size/SAFE/MP+fence.w.w+fence.r.rw.litmus
/opt/litmus-tests-riscv/tests/non-mixed-size/SAFE/MP+fence.w.w+fence.rw.rw-[fr-rf].litmus
/opt/litmus-tests-riscv/tests/non-mixed-size/SAFE/MP+fence.w.w+fence.rw.rw.litmus
/opt/litmus-tests-riscv/tests/non-mixed-size/SAFE/MP+fence.w.w-[rf-fr]+addr.litmus
/opt/litmus-tests-riscv/tests/non-mixed-size/SAFE/MP+fence.w.w-[rf-fr]+ctrlfencei.litmus
/opt/litmus-tests-riscv/tests/non-mixed-size/SAFE/MP+fence.w.w-[rf-fr]+fence.r.rw.litmus
/opt/litmus-tests-riscv/tests/non-mixed-size/SAFE/MP+fence.w.w-[rf-fr]+fence.rw.rw.litmus
/opt/litmus-tests-riscv/tests/non-mixed-size/SAFE/R+[rf-addr-fr]+fence.rw.rw.litmus
/opt/litmus-tests-riscv/tests/non-mixed-size/SAFE/R+[rf-ctrlfencei-fr]+fence.rw.rw.litmus
/opt/litmus-tests-riscv/tests/non-mixed-size/SAFE/R+[rf-fence.r.rw-fr]+fence.rw.rw.litmus
/opt/litmus-tests-riscv/tests/non-mixed-size/SAFE/R+[rf-fence.rw.rw-fr]+fence.rw.rw.litmus
/opt/litmus-tests-riscv/tests/non-mixed-size/SAFE/R+[rf-fr]-fence.rw.rw+fence.rw.rw.litmus
/opt/litmus-tests-riscv/tests/non-mixed-size/SAFE/R+[rf-fr]-fence.rw.w+fence.rw.rw.litmus
/opt/litmus-tests-riscv/tests/non-mixed-size/SAFE/R+[rf-fr]-fence.w.w+fence.rw.rw.litmus
/opt/litmus-tests-riscv/tests/non-mixed-size/SAFE/R+[ws-fence.rw.rw-fr]+fence.rw.rw.litmus
/opt/litmus-tests-riscv/tests/non-mixed-size/SAFE/R+[ws-rf]-addr+fence.rw.rw.litmus
/opt/litmus-tests-riscv/tests/non-mixed-size/SAFE/R+[ws-rf]-ctrl+fence.rw.rw.litmus
/opt/litmus-tests-riscv/tests/non-mixed-size/SAFE/R+[ws-rf]-ctrlfencei+fence.rw.rw.litmus
/opt/litmus-tests-riscv/tests/non-mixed-size/SAFE/R+[ws-rf]-data+fence.rw.rw.litmus
/opt/litmus-tests-riscv/tests/non-mixed-size/SAFE/R+[ws-rf]-fence.r.rw+fence.rw.rw.litmus
/opt/litmus-tests-riscv/tests/non-mixed-size/SAFE/R+[ws-rf]-fence.rw.rw+fence.rw.rw.litmus
/opt/litmus-tests-riscv/tests/non-mixed-size/SAFE/R+[ws-rf]-fence.rw.w+fence.rw.rw.litmus
/opt/litmus-tests-riscv/tests/non-mixed-size/SAFE/R+fence.rw.rw+[rf-addr-rf].litmus
/opt/litmus-tests-riscv/tests/non-mixed-size/SAFE/R+fence.rw.rw+[rf-ctrl-rf].litmus
/opt/litmus-tests-riscv/tests/non-mixed-size/SAFE/R+fence.rw.rw+[rf-ctrlfencei-rf].litmus
/opt/litmus-tests-riscv/tests/non-mixed-size/SAFE/R+fence.rw.rw+[rf-data-rf].litmus
/opt/litmus-tests-riscv/tests/non-mixed-size/SAFE/R+fence.rw.rw+[rf-fence.r.rw-rf].litmus
/opt/litmus-tests-riscv/tests/non-mixed-size/SAFE/R+fence.rw.rw+[rf-fence.rw.rw-rf].litmus
/opt/litmus-tests-riscv/tests/non-mixed-size/SAFE/R+fence.rw.rw+[rf-fence.rw.w-rf].litmus
/opt/litmus-tests-riscv/tests/non-mixed-size/SAFE/R+fence.rw.rw+fence.rw.rw-[fr-rf].litmus
/opt/litmus-tests-riscv/tests/non-mixed-size/SAFE/R+fence.rw.rws.litmus
/opt/litmus-tests-riscv/tests/non-mixed-size/SAFE/R+fence.rw.w+[rf-addr-rf].litmus
/opt/litmus-tests-riscv/tests/non-mixed-size/SAFE/R+fence.rw.w+[rf-ctrl-rf].litmus
/opt/litmus-tests-riscv/tests/non-mixed-size/SAFE/R+fence.rw.w+[rf-ctrlfencei-rf].litmus
/opt/litmus-tests-riscv/tests/non-mixed-size/SAFE/R+fence.rw.w+[rf-data-rf].litmus
/opt/litmus-tests-riscv/tests/non-mixed-size/SAFE/R+fence.rw.w+[rf-fence.r.rw-rf].litmus
/opt/litmus-tests-riscv/tests/non-mixed-size/SAFE/R+fence.rw.w+[rf-fence.rw.rw-rf].litmus
/opt/litmus-tests-riscv/tests/non-mixed-size/SAFE/R+fence.rw.w+[rf-fence.rw.w-rf].litmus
/opt/litmus-tests-riscv/tests/non-mixed-size/SAFE/R+fence.rw.w+fence.rw.rw-[fr-rf].litmus
/opt/litmus-tests-riscv/tests/non-mixed-size/SAFE/R+fence.rw.w+fence.rw.rw.litmus
/opt/litmus-tests-riscv/tests/non-mixed-size/SAFE/R+fence.w.w+[rf-addr-rf].litmus
/opt/litmus-tests-riscv/tests/non-mixed-size/SAFE/R+fence.w.w+[rf-ctrl-rf].litmus
/opt/litmus-tests-riscv/tests/non-mixed-size/SAFE/R+fence.w.w+[rf-ctrlfencei-rf].litmus
/opt/litmus-tests-riscv/tests/non-mixed-size/SAFE/R+fence.w.w+[rf-data-rf].litmus
/opt/litmus-tests-riscv/tests/non-mixed-size/SAFE/R+fence.w.w+[rf-fence.r.rw-rf].litmus
/opt/litmus-tests-riscv/tests/non-mixed-size/SAFE/R+fence.w.w+[rf-fence.rw.rw-rf].litmus
/opt/litmus-tests-riscv/tests/non-mixed-size/SAFE/R+fence.w.w+[rf-fence.rw.w-rf].litmus
/opt/litmus-tests-riscv/tests/non-mixed-size/SAFE/R+fence.w.w+fence.rw.rw-[fr-rf].litmus
/opt/litmus-tests-riscv/tests/non-mixed-size/SAFE/R+fence.w.w+fence.rw.rw.litmus
/opt/litmus-tests-riscv/tests/non-mixed-size/SAFE/RWC+addr+fence.rw.rw.litmus
/opt/litmus-tests-riscv/tests/non-mixed-size/SAFE/RWC+ctrlfencei+fence.rw.rw.litmus
/opt/litmus-tests-riscv/tests/non-mixed-size/SAFE/RWC+fence.r.rw+fence.rw.rw.litmus
/opt/litmus-tests-riscv/tests/non-mixed-size/SAFE/RWC+fence.rw.rws.litmus
/opt/litmus-tests-riscv/tests/non-mixed-size/SAFE/S+[rf-addr-fr]+addr.litmus
/opt/litmus-tests-riscv/tests/non-mixed-size/SAFE/S+[rf-addr-fr]+ctrl.litmus
/opt/litmus-tests-riscv/tests/non-mixed-size/SAFE/S+[rf-addr-fr]+ctrlfencei.litmus
/opt/litmus-tests-riscv/tests/non-mixed-size/SAFE/S+[rf-addr-fr]+data.litmus
/opt/litmus-tests-riscv/tests/non-mixed-size/SAFE/S+[rf-addr-fr]+fence.r.rw.litmus
/opt/litmus-tests-riscv/tests/non-mixed-size/SAFE/S+[rf-addr-fr]+fence.rw.rw.litmus
/opt/litmus-tests-riscv/tests/non-mixed-size/SAFE/S+[rf-addr-fr]+fence.rw.w.litmus
/opt/litmus-tests-riscv/tests/non-mixed-size/SAFE/S+[rf-addr-ws]+addr.litmus
/opt/litmus-tests-riscv/tests/non-mixed-size/SAFE/S+[rf-addr-ws]+ctrl.litmus
/opt/litmus-tests-riscv/tests/non-mixed-size/SAFE/S+[rf-addr-ws]+ctrlfencei.litmus
/opt/litmus-tests-riscv/tests/non-mixed-size/SAFE/S+[rf-addr-ws]+data.litmus
/opt/litmus-tests-riscv/tests/non-mixed-size/SAFE/S+[rf-addr-ws]+fence.r.rw.litmus
/opt/litmus-tests-riscv/tests/non-mixed-size/SAFE/S+[rf-addr-ws]+fence.rw.rw.litmus
/opt/litmus-tests-riscv/tests/non-mixed-size/SAFE/S+[rf-addr-ws]+fence.rw.w.litmus
/opt/litmus-tests-riscv/tests/non-mixed-size/SAFE/S+[rf-ctrl-ws]+addr.litmus
/opt/litmus-tests-riscv/tests/non-mixed-size/SAFE/S+[rf-ctrl-ws]+ctrl.litmus
/opt/litmus-tests-riscv/tests/non-mixed-size/SAFE/S+[rf-ctrl-ws]+ctrlfencei.litmus
/opt/litmus-tests-riscv/tests/non-mixed-size/SAFE/S+[rf-ctrl-ws]+data.litmus
/opt/litmus-tests-riscv/tests/non-mixed-size/SAFE/S+[rf-ctrl-ws]+fence.r.rw.litmus
/opt/litmus-tests-riscv/tests/non-mixed-size/SAFE/S+[rf-ctrl-ws]+fence.rw.rw.litmus
/opt/litmus-tests-riscv/tests/non-mixed-size/SAFE/S+[rf-ctrl-ws]+fence.rw.w.litmus
/opt/litmus-tests-riscv/tests/non-mixed-size/SAFE/S+[rf-ctrlfencei-fr]+addr.litmus
/opt/litmus-tests-riscv/tests/non-mixed-size/SAFE/S+[rf-ctrlfencei-fr]+ctrl.litmus
/opt/litmus-tests-riscv/tests/non-mixed-size/SAFE/S+[rf-ctrlfencei-fr]+ctrlfencei.litmus
/opt/litmus-tests-riscv/tests/non-mixed-size/SAFE/S+[rf-ctrlfencei-fr]+data.litmus
/opt/litmus-tests-riscv/tests/non-mixed-size/SAFE/S+[rf-ctrlfencei-fr]+fence.r.rw.litmus
/opt/litmus-tests-riscv/tests/non-mixed-size/SAFE/S+[rf-ctrlfencei-fr]+fence.rw.rw.litmus
/opt/litmus-tests-riscv/tests/non-mixed-size/SAFE/S+[rf-ctrlfencei-fr]+fence.rw.w.litmus
/opt/litmus-tests-riscv/tests/non-mixed-size/SAFE/S+[rf-ctrlfencei-ws]+addr.litmus
/opt/litmus-tests-riscv/tests/non-mixed-size/SAFE/S+[rf-ctrlfencei-ws]+ctrl.litmus
/opt/litmus-tests-riscv/tests/non-mixed-size/SAFE/S+[rf-ctrlfencei-ws]+ctrlfencei.litmus
/opt/litmus-tests-riscv/tests/non-mixed-size/SAFE/S+[rf-ctrlfencei-ws]+data.litmus
/opt/litmus-tests-riscv/tests/non-mixed-size/SAFE/S+[rf-ctrlfencei-ws]+fence.r.rw.litmus
/opt/litmus-tests-riscv/tests/non-mixed-size/SAFE/S+[rf-ctrlfencei-ws]+fence.rw.rw.litmus
/opt/litmus-tests-riscv/tests/non-mixed-size/SAFE/S+[rf-ctrlfencei-ws]+fence.rw.w.litmus
/opt/litmus-tests-riscv/tests/non-mixed-size/SAFE/S+[rf-data-ws]+addr.litmus
/opt/litmus-tests-riscv/tests/non-mixed-size/SAFE/S+[rf-data-ws]+ctrl.litmus
/opt/litmus-tests-riscv/tests/non-mixed-size/SAFE/S+[rf-data-ws]+ctrlfencei.litmus
/opt/litmus-tests-riscv/tests/non-mixed-size/SAFE/S+[rf-data-ws]+data.litmus
/opt/litmus-tests-riscv/tests/non-mixed-size/SAFE/S+[rf-data-ws]+fence.r.rw.litmus
/opt/litmus-tests-riscv/tests/non-mixed-size/SAFE/S+[rf-data-ws]+fence.rw.rw.litmus
/opt/litmus-tests-riscv/tests/non-mixed-size/SAFE/S+[rf-data-ws]+fence.rw.w.litmus
/opt/litmus-tests-riscv/tests/non-mixed-size/SAFE/S+[rf-fence.r.rw-fr]+addr.litmus
/opt/litmus-tests-riscv/tests/non-mixed-size/SAFE/S+[rf-fence.r.rw-fr]+ctrl.litmus
/opt/litmus-tests-riscv/tests/non-mixed-size/SAFE/S+[rf-fence.r.rw-fr]+ctrlfencei.litmus
/opt/litmus-tests-riscv/tests/non-mixed-size/SAFE/S+[rf-fence.r.rw-fr]+data.litmus
/opt/litmus-tests-riscv/tests/non-mixed-size/SAFE/S+[rf-fence.r.rw-fr]+fence.r.rw.litmus
/opt/litmus-tests-riscv/tests/non-mixed-size/SAFE/S+[rf-fence.r.rw-fr]+fence.rw.rw.litmus
/opt/litmus-tests-riscv/tests/non-mixed-size/SAFE/S+[rf-fence.r.rw-fr]+fence.rw.w.litmus
/opt/litmus-tests-riscv/tests/non-mixed-size/SAFE/S+[rf-fence.r.rw-ws]+addr.litmus
/opt/litmus-tests-riscv/tests/non-mixed-size/SAFE/S+[rf-fence.r.rw-ws]+ctrl.litmus
/opt/litmus-tests-riscv/tests/non-mixed-size/SAFE/S+[rf-fence.r.rw-ws]+ctrlfencei.litmus
/opt/litmus-tests-riscv/tests/non-mixed-size/SAFE/S+[rf-fence.r.rw-ws]+data.litmus
/opt/litmus-tests-riscv/tests/non-mixed-size/SAFE/S+[rf-fence.r.rw-ws]+fence.r.rw.litmus
/opt/litmus-tests-riscv/tests/non-mixed-size/SAFE/S+[rf-fence.r.rw-ws]+fence.rw.rw.litmus
/opt/litmus-tests-riscv/tests/non-mixed-size/SAFE/S+[rf-fence.r.rw-ws]+fence.rw.w.litmus
/opt/litmus-tests-riscv/tests/non-mixed-size/SAFE/S+[rf-fence.rw.rw-fr]+addr.litmus
/opt/litmus-tests-riscv/tests/non-mixed-size/SAFE/S+[rf-fence.rw.rw-fr]+ctrl.litmus
/opt/litmus-tests-riscv/tests/non-mixed-size/SAFE/S+[rf-fence.rw.rw-fr]+ctrlfencei.litmus
/opt/litmus-tests-riscv/tests/non-mixed-size/SAFE/S+[rf-fence.rw.rw-fr]+data.litmus
/opt/litmus-tests-riscv/tests/non-mixed-size/SAFE/S+[rf-fence.rw.rw-fr]+fence.r.rw.litmus
/opt/litmus-tests-riscv/tests/non-mixed-size/SAFE/S+[rf-fence.rw.rw-fr]+fence.rw.rw.litmus
/opt/litmus-tests-riscv/tests/non-mixed-size/SAFE/S+[rf-fence.rw.rw-fr]+fence.rw.w.litmus
/opt/litmus-tests-riscv/tests/non-mixed-size/SAFE/S+[rf-fence.rw.rw-ws]+addr.litmus
/opt/litmus-tests-riscv/tests/non-mixed-size/SAFE/S+[rf-fence.rw.rw-ws]+ctrl.litmus
/opt/litmus-tests-riscv/tests/non-mixed-size/SAFE/S+[rf-fence.rw.rw-ws]+ctrlfencei.litmus
/opt/litmus-tests-riscv/tests/non-mixed-size/SAFE/S+[rf-fence.rw.rw-ws]+data.litmus
/opt/litmus-tests-riscv/tests/non-mixed-size/SAFE/S+[rf-fence.rw.rw-ws]+fence.r.rw.litmus
/opt/litmus-tests-riscv/tests/non-mixed-size/SAFE/S+[rf-fence.rw.rw-ws]+fence.rw.rw.litmus
/opt/litmus-tests-riscv/tests/non-mixed-size/SAFE/S+[rf-fence.rw.rw-ws]+fence.rw.w.litmus
/opt/litmus-tests-riscv/tests/non-mixed-size/SAFE/S+[rf-fence.rw.w-ws]+addr.litmus
/opt/litmus-tests-riscv/tests/non-mixed-size/SAFE/S+[rf-fence.rw.w-ws]+ctrl.litmus
/opt/litmus-tests-riscv/tests/non-mixed-size/SAFE/S+[rf-fence.rw.w-ws]+ctrlfencei.litmus
/opt/litmus-tests-riscv/tests/non-mixed-size/SAFE/S+[rf-fence.rw.w-ws]+data.litmus
/opt/litmus-tests-riscv/tests/non-mixed-size/SAFE/S+[rf-fence.rw.w-ws]+fence.r.rw.litmus
/opt/litmus-tests-riscv/tests/non-mixed-size/SAFE/S+[rf-fence.rw.w-ws]+fence.rw.rw.litmus
/opt/litmus-tests-riscv/tests/non-mixed-size/SAFE/S+[rf-fence.rw.w-ws]+fence.rw.w.litmus
/opt/litmus-tests-riscv/tests/non-mixed-size/SAFE/S+fence.rw.rw+[fr-fence.rw.rw-fr].litmus
/opt/litmus-tests-riscv/tests/non-mixed-size/SAFE/S+fence.rw.rw+[fr-rf]-addr.litmus
/opt/litmus-tests-riscv/tests/non-mixed-size/SAFE/S+fence.rw.rw+[fr-rf]-ctrl.litmus
/opt/litmus-tests-riscv/tests/non-mixed-size/SAFE/S+fence.rw.rw+[fr-rf]-ctrlfencei.litmus
/opt/litmus-tests-riscv/tests/non-mixed-size/SAFE/S+fence.rw.rw+[fr-rf]-data.litmus
/opt/litmus-tests-riscv/tests/non-mixed-size/SAFE/S+fence.rw.rw+[fr-rf]-fence.r.rw.litmus
/opt/litmus-tests-riscv/tests/non-mixed-size/SAFE/S+fence.rw.rw+[fr-rf]-fence.rw.rw.litmus
/opt/litmus-tests-riscv/tests/non-mixed-size/SAFE/S+fence.rw.rw+[fr-rf]-fence.rw.w.litmus
/opt/litmus-tests-riscv/tests/non-mixed-size/SAFE/S+fence.rw.rw+addr.litmus
/opt/litmus-tests-riscv/tests/non-mixed-size/SAFE/S+fence.rw.rw+ctrl.litmus
/opt/litmus-tests-riscv/tests/non-mixed-size/SAFE/S+fence.rw.rw+ctrlfencei.litmus
/opt/litmus-tests-riscv/tests/non-mixed-size/SAFE/S+fence.rw.rw+data.litmus
/opt/litmus-tests-riscv/tests/non-mixed-size/SAFE/S+fence.rw.rw+fence.r.rw.litmus
/opt/litmus-tests-riscv/tests/non-mixed-size/SAFE/S+fence.rw.rw+fence.rw.w.litmus
/opt/litmus-tests-riscv/tests/non-mixed-size/SAFE/S+fence.rw.rw-[fr-ws]+addr.litmus
/opt/litmus-tests-riscv/tests/non-mixed-size/SAFE/S+fence.rw.rw-[fr-ws]+ctrl.litmus
/opt/litmus-tests-riscv/tests/non-mixed-size/SAFE/S+fence.rw.rw-[fr-ws]+ctrlfencei.litmus
/opt/litmus-tests-riscv/tests/non-mixed-size/SAFE/S+fence.rw.rw-[fr-ws]+data.litmus
/opt/litmus-tests-riscv/tests/non-mixed-size/SAFE/S+fence.rw.rw-[fr-ws]+fence.r.rw.litmus
/opt/litmus-tests-riscv/tests/non-mixed-size/SAFE/S+fence.rw.rw-[fr-ws]+fence.rw.rw.litmus
/opt/litmus-tests-riscv/tests/non-mixed-size/SAFE/S+fence.rw.rw-[fr-ws]+fence.rw.w.litmus
/opt/litmus-tests-riscv/tests/non-mixed-size/SAFE/S+fence.rw.rw-[rf-fr]+addr.litmus
/opt/litmus-tests-riscv/tests/non-mixed-size/SAFE/S+fence.rw.rw-[rf-fr]+ctrl.litmus
/opt/litmus-tests-riscv/tests/non-mixed-size/SAFE/S+fence.rw.rw-[rf-fr]+ctrlfencei.litmus
/opt/litmus-tests-riscv/tests/non-mixed-size/SAFE/S+fence.rw.rw-[rf-fr]+data.litmus
/opt/litmus-tests-riscv/tests/non-mixed-size/SAFE/S+fence.rw.rw-[rf-fr]+fence.r.rw.litmus
/opt/litmus-tests-riscv/tests/non-mixed-size/SAFE/S+fence.rw.rw-[rf-fr]+fence.rw.rw.litmus
/opt/litmus-tests-riscv/tests/non-mixed-size/SAFE/S+fence.rw.rw-[rf-fr]+fence.rw.w.litmus
/opt/litmus-tests-riscv/tests/non-mixed-size/SAFE/S+fence.rw.rws.litmus
/opt/litmus-tests-riscv/tests/non-mixed-size/SAFE/S+fence.rw.w+[fr-fence.rw.rw-fr].litmus
/opt/litmus-tests-riscv/tests/non-mixed-size/SAFE/S+fence.rw.w+[fr-rf]-addr.litmus
/opt/litmus-tests-riscv/tests/non-mixed-size/SAFE/S+fence.rw.w+[fr-rf]-ctrl.litmus
/opt/litmus-tests-riscv/tests/non-mixed-size/SAFE/S+fence.rw.w+[fr-rf]-ctrlfencei.litmus
/opt/litmus-tests-riscv/tests/non-mixed-size/SAFE/S+fence.rw.w+[fr-rf]-data.litmus
/opt/litmus-tests-riscv/tests/non-mixed-size/SAFE/S+fence.rw.w+[fr-rf]-fence.r.rw.litmus
/opt/litmus-tests-riscv/tests/non-mixed-size/SAFE/S+fence.rw.w+[fr-rf]-fence.rw.rw.litmus
/opt/litmus-tests-riscv/tests/non-mixed-size/SAFE/S+fence.rw.w+[fr-rf]-fence.rw.w.litmus
/opt/litmus-tests-riscv/tests/non-mixed-size/SAFE/S+fence.rw.w+addr.litmus
/opt/litmus-tests-riscv/tests/non-mixed-size/SAFE/S+fence.rw.w+ctrl.litmus
/opt/litmus-tests-riscv/tests/non-mixed-size/SAFE/S+fence.rw.w+ctrlfencei.litmus
/opt/litmus-tests-riscv/tests/non-mixed-size/SAFE/S+fence.rw.w+data.litmus
/opt/litmus-tests-riscv/tests/non-mixed-size/SAFE/S+fence.rw.w+fence.r.rw.litmus
/opt/litmus-tests-riscv/tests/non-mixed-size/SAFE/S+fence.rw.w+fence.rw.rw.litmus
/opt/litmus-tests-riscv/tests/non-mixed-size/SAFE/S+fence.rw.w-[rf-fr]+addr.litmus
/opt/litmus-tests-riscv/tests/non-mixed-size/SAFE/S+fence.rw.w-[rf-fr]+ctrl.litmus
/opt/litmus-tests-riscv/tests/non-mixed-size/SAFE/S+fence.rw.w-[rf-fr]+ctrlfencei.litmus
/opt/litmus-tests-riscv/tests/non-mixed-size/SAFE/S+fence.rw.w-[rf-fr]+data.litmus
/opt/litmus-tests-riscv/tests/non-mixed-size/SAFE/S+fence.rw.w-[rf-fr]+fence.r.rw.litmus
/opt/litmus-tests-riscv/tests/non-mixed-size/SAFE/S+fence.rw.w-[rf-fr]+fence.rw.rw.litmus
/opt/litmus-tests-riscv/tests/non-mixed-size/SAFE/S+fence.rw.w-[rf-fr]+fence.rw.w.litmus
/opt/litmus-tests-riscv/tests/non-mixed-size/SAFE/S+fence.rw.ws.litmus
/opt/litmus-tests-riscv/tests/non-mixed-size/SAFE/S+fence.w.w+[fr-fence.rw.rw-fr].litmus
/opt/litmus-tests-riscv/tests/non-mixed-size/SAFE/S+fence.w.w+[fr-rf]-addr.litmus
/opt/litmus-tests-riscv/tests/non-mixed-size/SAFE/S+fence.w.w+[fr-rf]-ctrl.litmus
/opt/litmus-tests-riscv/tests/non-mixed-size/SAFE/S+fence.w.w+[fr-rf]-ctrlfencei.litmus
/opt/litmus-tests-riscv/tests/non-mixed-size/SAFE/S+fence.w.w+[fr-rf]-data.litmus
/opt/litmus-tests-riscv/tests/non-mixed-size/SAFE/S+fence.w.w+[fr-rf]-fence.r.rw.litmus
/opt/litmus-tests-riscv/tests/non-mixed-size/SAFE/S+fence.w.w+[fr-rf]-fence.rw.rw.litmus
/opt/litmus-tests-riscv/tests/non-mixed-size/SAFE/S+fence.w.w+[fr-rf]-fence.rw.w.litmus
/opt/litmus-tests-riscv/tests/non-mixed-size/SAFE/S+fence.w.w+addr.litmus
/opt/litmus-tests-riscv/tests/non-mixed-size/SAFE/S+fence.w.w+ctrl.litmus
/opt/litmus-tests-riscv/tests/non-mixed-size/SAFE/S+fence.w.w+ctrlfencei.litmus
/opt/litmus-tests-riscv/tests/non-mixed-size/SAFE/S+fence.w.w+data.litmus
/opt/litmus-tests-riscv/tests/non-mixed-size/SAFE/S+fence.w.w+fence.r.rw.litmus
/opt/litmus-tests-riscv/tests/non-mixed-size/SAFE/S+fence.w.w+fence.rw.rw.litmus
/opt/litmus-tests-riscv/tests/non-mixed-size/SAFE/S+fence.w.w+fence.rw.w.litmus
/opt/litmus-tests-riscv/tests/non-mixed-size/SAFE/S+fence.w.w-[rf-fr]+addr.litmus
/opt/litmus-tests-riscv/tests/non-mixed-size/SAFE/S+fence.w.w-[rf-fr]+ctrl.litmus
/opt/litmus-tests-riscv/tests/non-mixed-size/SAFE/S+fence.w.w-[rf-fr]+ctrlfencei.litmus
/opt/litmus-tests-riscv/tests/non-mixed-size/SAFE/S+fence.w.w-[rf-fr]+data.litmus
/opt/litmus-tests-riscv/tests/non-mixed-size/SAFE/S+fence.w.w-[rf-fr]+fence.r.rw.litmus
/opt/litmus-tests-riscv/tests/non-mixed-size/SAFE/S+fence.w.w-[rf-fr]+fence.rw.rw.litmus
/opt/litmus-tests-riscv/tests/non-mixed-size/SAFE/S+fence.w.w-[rf-fr]+fence.rw.w.litmus
/opt/litmus-tests-riscv/tests/non-mixed-size/SAFE/SB+[rf-addr-rf]+fence.rw.rw.litmus
/opt/litmus-tests-riscv/tests/non-mixed-size/SAFE/SB+[rf-ctrl-rf]+fence.rw.rw.litmus
/opt/litmus-tests-riscv/tests/non-mixed-size/SAFE/SB+[rf-ctrlfencei-rf]+fence.rw.rw.litmus
/opt/litmus-tests-riscv/tests/non-mixed-size/SAFE/SB+[rf-data-rf]+fence.rw.rw.litmus
/opt/litmus-tests-riscv/tests/non-mixed-size/SAFE/SB+[rf-fence.r.rw-rf]+fence.rw.rw.litmus
/opt/litmus-tests-riscv/tests/non-mixed-size/SAFE/SB+[rf-fence.rw.rw-rf]+fence.rw.rw.litmus
/opt/litmus-tests-riscv/tests/non-mixed-size/SAFE/SB+[rf-fence.rw.w-rf]+fence.rw.rw.litmus
/opt/litmus-tests-riscv/tests/non-mixed-size/SAFE/SB+[rf-fr]-fence.rw.rw+fence.rw.rw.litmus
/opt/litmus-tests-riscv/tests/non-mixed-size/SAFE/SB+[ws-fence.rw.rw-rf]+fence.rw.rw.litmus
/opt/litmus-tests-riscv/tests/non-mixed-size/SAFE/SB+[ws-fence.rw.w-rf]+fence.rw.rw.litmus
/opt/litmus-tests-riscv/tests/non-mixed-size/SAFE/SB+[ws-fence.w.w-rf]+fence.rw.rw.litmus
/opt/litmus-tests-riscv/tests/non-mixed-size/SAFE/SB+[ws-rf]-addr+fence.rw.rw.litmus
/opt/litmus-tests-riscv/tests/non-mixed-size/SAFE/SB+[ws-rf]-ctrlfencei+fence.rw.rw.litmus
/opt/litmus-tests-riscv/tests/non-mixed-size/SAFE/SB+[ws-rf]-fence.r.rw+fence.rw.rw.litmus
/opt/litmus-tests-riscv/tests/non-mixed-size/SAFE/SB+[ws-rf]-fence.rw.rw+fence.rw.rw.litmus
/opt/litmus-tests-riscv/tests/non-mixed-size/SAFE/SB+fence.rw.rw+fence.rw.rw-[fr-rf].litmus
/opt/litmus-tests-riscv/tests/non-mixed-size/SAFE/SB+fence.rw.rws.litmus
/opt/litmus-tests-riscv/tests/non-mixed-size/SAFE/W+RWC+fence.rw.rw+addr+fence.rw.rw.litmus
/opt/litmus-tests-riscv/tests/non-mixed-size/SAFE/W+RWC+fence.rw.rw+addr+fence.rw.rws.litmus
/opt/litmus-tests-riscv/tests/non-mixed-size/SAFE/W+RWC+fence.rw.rw+addrs+fence.rw.rw.litmus
/opt/litmus-tests-riscv/tests/non-mixed-size/SAFE/W+RWC+fence.rw.rw+ctrlfencei+fence.rw.rw.litmus
/opt/litmus-tests-riscv/tests/non-mixed-size/SAFE/W+RWC+fence.rw.rw+ctrlfencei+fence.rw.rws.litmus
/opt/litmus-tests-riscv/tests/non-mixed-size/SAFE/W+RWC+fence.rw.rw+ctrlfenceis+fence.rw.rw.litmus
/opt/litmus-tests-riscv/tests/non-mixed-size/SAFE/W+RWC+fence.rw.rw+fence.r.rw+fence.rw.rw.litmus
/opt/litmus-tests-riscv/tests/non-mixed-size/SAFE/W+RWC+fence.rw.rw+fence.r.rw+fence.rw.rws.litmus
/opt/litmus-tests-riscv/tests/non-mixed-size/SAFE/W+RWC+fence.rw.rw+fence.r.rws+fence.rw.rw.litmus
/opt/litmus-tests-riscv/tests/non-mixed-size/SAFE/W+RWC+fence.rw.rw+fence.rw.rw+fence.rw.rws.litmus
/opt/litmus-tests-riscv/tests/non-mixed-size/SAFE/W+RWC+fence.rw.rw+fence.rw.rws+fence.rw.rw.litmus
/opt/litmus-tests-riscv/tests/non-mixed-size/SAFE/W+RWC+fence.rw.rws.litmus
/opt/litmus-tests-riscv/tests/non-mixed-size/SAFE/W+RWC+fence.rw.w+addr+fence.rw.rw.litmus
/opt/litmus-tests-riscv/tests/non-mixed-size/SAFE/W+RWC+fence.rw.w+addr+fence.rw.rws.litmus
/opt/litmus-tests-riscv/tests/non-mixed-size/SAFE/W+RWC+fence.rw.w+addrs+fence.rw.rw.litmus
/opt/litmus-tests-riscv/tests/non-mixed-size/SAFE/W+RWC+fence.rw.w+ctrlfencei+fence.rw.rw.litmus
/opt/litmus-tests-riscv/tests/non-mixed-size/SAFE/W+RWC+fence.rw.w+ctrlfencei+fence.rw.rws.litmus
/opt/litmus-tests-riscv/tests/non-mixed-size/SAFE/W+RWC+fence.rw.w+ctrlfenceis+fence.rw.rw.litmus
/opt/litmus-tests-riscv/tests/non-mixed-size/SAFE/W+RWC+fence.rw.w+fence.r.rw+fence.rw.rw.litmus
/opt/litmus-tests-riscv/tests/non-mixed-size/SAFE/W+RWC+fence.rw.w+fence.r.rw+fence.rw.rws.litmus
/opt/litmus-tests-riscv/tests/non-mixed-size/SAFE/W+RWC+fence.rw.w+fence.r.rws+fence.rw.rw.litmus
/opt/litmus-tests-riscv/tests/non-mixed-size/SAFE/W+RWC+fence.rw.w+fence.rw.rw+fence.rw.rw.litmus
/opt/litmus-tests-riscv/tests/non-mixed-size/SAFE/W+RWC+fence.rw.w+fence.rw.rw+fence.rw.rws.litmus
/opt/litmus-tests-riscv/tests/non-mixed-size/SAFE/W+RWC+fence.rw.w+fence.rw.rws+fence.rw.rw.litmus
/opt/litmus-tests-riscv/tests/non-mixed-size/SAFE/W+RWC+fence.w.w+addr+fence.rw.rw.litmus
/opt/litmus-tests-riscv/tests/non-mixed-size/SAFE/W+RWC+fence.w.w+addr+fence.rw.rws.litmus
/opt/litmus-tests-riscv/tests/non-mixed-size/SAFE/W+RWC+fence.w.w+addrs+fence.rw.rw.litmus
/opt/litmus-tests-riscv/tests/non-mixed-size/SAFE/W+RWC+fence.w.w+ctrlfencei+fence.rw.rw.litmus
/opt/litmus-tests-riscv/tests/non-mixed-size/SAFE/W+RWC+fence.w.w+ctrlfencei+fence.rw.rws.litmus
/opt/litmus-tests-riscv/tests/non-mixed-size/SAFE/W+RWC+fence.w.w+ctrlfenceis+fence.rw.rw.litmus
/opt/litmus-tests-riscv/tests/non-mixed-size/SAFE/W+RWC+fence.w.w+fence.r.rw+fence.rw.rw.litmus
/opt/litmus-tests-riscv/tests/non-mixed-size/SAFE/W+RWC+fence.w.w+fence.r.rw+fence.rw.rws.litmus
/opt/litmus-tests-riscv/tests/non-mixed-size/SAFE/W+RWC+fence.w.w+fence.r.rws+fence.rw.rw.litmus
/opt/litmus-tests-riscv/tests/non-mixed-size/SAFE/W+RWC+fence.w.w+fence.rw.rw+fence.rw.rw.litmus
/opt/litmus-tests-riscv/tests/non-mixed-size/SAFE/W+RWC+fence.w.w+fence.rw.rw+fence.rw.rws.litmus
/opt/litmus-tests-riscv/tests/non-mixed-size/SAFE/W+RWC+fence.w.w+fence.rw.rws+fence.rw.rw.litmus
/opt/litmus-tests-riscv/tests/non-mixed-size/SAFE/W+RWC+pos+addr+fence.rw.rw.litmus
/opt/litmus-tests-riscv/tests/non-mixed-size/SAFE/W+RWC+pos+ctrlfencei+fence.rw.rw.litmus
/opt/litmus-tests-riscv/tests/non-mixed-size/SAFE/W+RWC+pos+fence.r.rw+fence.rw.rw.litmus
/opt/litmus-tests-riscv/tests/non-mixed-size/SAFE/W+RWC+pos+fence.rw.rw+fence.rw.rw.litmus
/opt/litmus-tests-riscv/tests/non-mixed-size/SAFE/WRC+addr+ctrlfencei.litmus
/opt/litmus-tests-riscv/tests/non-mixed-size/SAFE/WRC+addr+fence.r.rw.litmus
/opt/litmus-tests-riscv/tests/non-mixed-size/SAFE/WRC+addr+fence.rw.rw.litmus
/opt/litmus-tests-riscv/tests/non-mixed-size/SAFE/WRC+addrs.litmus
/opt/litmus-tests-riscv/tests/non-mixed-size/SAFE/WRC+ctrl+addr.litmus
/opt/litmus-tests-riscv/tests/non-mixed-size/SAFE/WRC+ctrl+ctrlfencei.litmus
/opt/litmus-tests-riscv/tests/non-mixed-size/SAFE/WRC+ctrl+fence.r.rw.litmus
/opt/litmus-tests-riscv/tests/non-mixed-size/SAFE/WRC+ctrl+fence.rw.rw.litmus
/opt/litmus-tests-riscv/tests/non-mixed-size/SAFE/WRC+ctrlfencei+addr.litmus
/opt/litmus-tests-riscv/tests/non-mixed-size/SAFE/WRC+ctrlfencei+fence.r.rw.litmus
/opt/litmus-tests-riscv/tests/non-mixed-size/SAFE/WRC+ctrlfencei+fence.rw.rw.litmus
/opt/litmus-tests-riscv/tests/non-mixed-size/SAFE/WRC+ctrlfenceis.litmus
/opt/litmus-tests-riscv/tests/non-mixed-size/SAFE/WRC+data+addr.litmus
/opt/litmus-tests-riscv/tests/non-mixed-size/SAFE/WRC+data+ctrlfencei.litmus
/opt/litmus-tests-riscv/tests/non-mixed-size/SAFE/WRC+data+fence.r.rw.litmus
/opt/litmus-tests-riscv/tests/non-mixed-size/SAFE/WRC+data+fence.rw.rw.litmus
/opt/litmus-tests-riscv/tests/non-mixed-size/SAFE/WRC+fence.r.rw+addr.litmus
/opt/litmus-tests-riscv/tests/non-mixed-size/SAFE/WRC+fence.r.rw+ctrlfencei.litmus
/opt/litmus-tests-riscv/tests/non-mixed-size/SAFE/WRC+fence.r.rw+fence.rw.rw.litmus
/opt/litmus-tests-riscv/tests/non-mixed-size/SAFE/WRC+fence.r.rws.litmus
/opt/litmus-tests-riscv/tests/non-mixed-size/SAFE/WRC+fence.rw.rw+addr.litmus
/opt/litmus-tests-riscv/tests/non-mixed-size/SAFE/WRC+fence.rw.rw+ctrlfencei.litmus
/opt/litmus-tests-riscv/tests/non-mixed-size/SAFE/WRC+fence.rw.rw+fence.r.rw.litmus
/opt/litmus-tests-riscv/tests/non-mixed-size/SAFE/WRC+fence.rw.rws.litmus
/opt/litmus-tests-riscv/tests/non-mixed-size/SAFE/WRC+fence.rw.w+addr.litmus
/opt/litmus-tests-riscv/tests/non-mixed-size/SAFE/WRC+fence.rw.w+ctrlfencei.litmus
/opt/litmus-tests-riscv/tests/non-mixed-size/SAFE/WRC+fence.rw.w+fence.r.rw.litmus
/opt/litmus-tests-riscv/tests/non-mixed-size/SAFE/WRC+fence.rw.w+fence.rw.rw.litmus
/opt/litmus-tests-riscv/tests/non-mixed-size/SAFE/WRR+2W+addr+fence.rw.rw.litmus
/opt/litmus-tests-riscv/tests/non-mixed-size/SAFE/WRR+2W+addr+fence.rw.w.litmus
/opt/litmus-tests-riscv/tests/non-mixed-size/SAFE/WRR+2W+addr+fence.w.w.litmus
/opt/litmus-tests-riscv/tests/non-mixed-size/SAFE/WRR+2W+ctrlfencei+fence.rw.rw.litmus
/opt/litmus-tests-riscv/tests/non-mixed-size/SAFE/WRR+2W+ctrlfencei+fence.rw.w.litmus
/opt/litmus-tests-riscv/tests/non-mixed-size/SAFE/WRR+2W+ctrlfencei+fence.w.w.litmus
/opt/litmus-tests-riscv/tests/non-mixed-size/SAFE/WRR+2W+fence.r.rw+fence.rw.rw.litmus
/opt/litmus-tests-riscv/tests/non-mixed-size/SAFE/WRR+2W+fence.r.rw+fence.rw.w.litmus
/opt/litmus-tests-riscv/tests/non-mixed-size/SAFE/WRR+2W+fence.r.rw+fence.w.w.litmus
/opt/litmus-tests-riscv/tests/non-mixed-size/SAFE/WRR+2W+fence.rw.rw+fence.rw.w.litmus
/opt/litmus-tests-riscv/tests/non-mixed-size/SAFE/WRR+2W+fence.rw.rw+fence.w.w.litmus
/opt/litmus-tests-riscv/tests/non-mixed-size/SAFE/WRR+2W+fence.rw.rws.litmus
/opt/litmus-tests-riscv/tests/non-mixed-size/SAFE/WRW+2W+addr+fence.rw.rw.litmus
/opt/litmus-tests-riscv/tests/non-mixed-size/SAFE/WRW+2W+addr+fence.rw.w.litmus
/opt/litmus-tests-riscv/tests/non-mixed-size/SAFE/WRW+2W+addr+fence.w.w.litmus
/opt/litmus-tests-riscv/tests/non-mixed-size/SAFE/WRW+2W+ctrl+fence.rw.rw.litmus
/opt/litmus-tests-riscv/tests/non-mixed-size/SAFE/WRW+2W+ctrl+fence.rw.w.litmus
/opt/litmus-tests-riscv/tests/non-mixed-size/SAFE/WRW+2W+ctrl+fence.w.w.litmus
/opt/litmus-tests-riscv/tests/non-mixed-size/SAFE/WRW+2W+ctrlfencei+fence.rw.rw.litmus
/opt/litmus-tests-riscv/tests/non-mixed-size/SAFE/WRW+2W+ctrlfencei+fence.rw.w.litmus
/opt/litmus-tests-riscv/tests/non-mixed-size/SAFE/WRW+2W+ctrlfencei+fence.w.w.litmus
/opt/litmus-tests-riscv/tests/non-mixed-size/SAFE/WRW+2W+data+fence.rw.rw.litmus
/opt/litmus-tests-riscv/tests/non-mixed-size/SAFE/WRW+2W+data+fence.rw.w.litmus
/opt/litmus-tests-riscv/tests/non-mixed-size/SAFE/WRW+2W+data+fence.w.w.litmus
/opt/litmus-tests-riscv/tests/non-mixed-size/SAFE/WRW+2W+fence.r.rw+fence.rw.rw.litmus
/opt/litmus-tests-riscv/tests/non-mixed-size/SAFE/WRW+2W+fence.r.rw+fence.rw.w.litmus
/opt/litmus-tests-riscv/tests/non-mixed-size/SAFE/WRW+2W+fence.r.rw+fence.w.w.litmus
/opt/litmus-tests-riscv/tests/non-mixed-size/SAFE/WRW+2W+fence.rw.rw+fence.rw.w.litmus
/opt/litmus-tests-riscv/tests/non-mixed-size/SAFE/WRW+2W+fence.rw.rw+fence.w.w.litmus
/opt/litmus-tests-riscv/tests/non-mixed-size/SAFE/WRW+2W+fence.rw.rws.litmus
/opt/litmus-tests-riscv/tests/non-mixed-size/SAFE/WRW+2W+fence.rw.w+fence.rw.rw.litmus
/opt/litmus-tests-riscv/tests/non-mixed-size/SAFE/WRW+2W+fence.rw.w+fence.w.w.litmus
/opt/litmus-tests-riscv/tests/non-mixed-size/SAFE/WRW+2W+fence.rw.ws.litmus
/opt/litmus-tests-riscv/tests/non-mixed-size/SAFE/WRW+WR+addr+fence.rw.rw.litmus
/opt/litmus-tests-riscv/tests/non-mixed-size/SAFE/WRW+WR+ctrl+fence.rw.rw.litmus
/opt/litmus-tests-riscv/tests/non-mixed-size/SAFE/WRW+WR+ctrlfencei+fence.rw.rw.litmus
/opt/litmus-tests-riscv/tests/non-mixed-size/SAFE/WRW+WR+data+fence.rw.rw.litmus
/opt/litmus-tests-riscv/tests/non-mixed-size/SAFE/WRW+WR+fence.r.rw+fence.rw.rw.litmus
/opt/litmus-tests-riscv/tests/non-mixed-size/SAFE/WRW+WR+fence.rw.rws.litmus
/opt/litmus-tests-riscv/tests/non-mixed-size/SAFE/WRW+WR+fence.rw.w+fence.rw.rw.litmus
/opt/litmus-tests-riscv/tests/non-mixed-size/SAFE/WWC+addr+ctrl.litmus
/opt/litmus-tests-riscv/tests/non-mixed-size/SAFE/WWC+addr+ctrlfencei.litmus
/opt/litmus-tests-riscv/tests/non-mixed-size/SAFE/WWC+addr+data.litmus
/opt/litmus-tests-riscv/tests/non-mixed-size/SAFE/WWC+addr+fence.r.rw.litmus
/opt/litmus-tests-riscv/tests/non-mixed-size/SAFE/WWC+addr+fence.rw.rw.litmus
/opt/litmus-tests-riscv/tests/non-mixed-size/SAFE/WWC+addr+fence.rw.w.litmus
/opt/litmus-tests-riscv/tests/non-mixed-size/SAFE/WWC+addrs.litmus
/opt/litmus-tests-riscv/tests/non-mixed-size/SAFE/WWC+ctrl+addr.litmus
/opt/litmus-tests-riscv/tests/non-mixed-size/SAFE/WWC+ctrl+ctrlfencei.litmus
/opt/litmus-tests-riscv/tests/non-mixed-size/SAFE/WWC+ctrl+data.litmus
/opt/litmus-tests-riscv/tests/non-mixed-size/SAFE/WWC+ctrl+fence.r.rw.litmus
/opt/litmus-tests-riscv/tests/non-mixed-size/SAFE/WWC+ctrl+fence.rw.rw.litmus
/opt/litmus-tests-riscv/tests/non-mixed-size/SAFE/WWC+ctrl+fence.rw.w.litmus
/opt/litmus-tests-riscv/tests/non-mixed-size/SAFE/WWC+ctrlfencei+addr.litmus
/opt/litmus-tests-riscv/tests/non-mixed-size/SAFE/WWC+ctrlfencei+ctrl.litmus
/opt/litmus-tests-riscv/tests/non-mixed-size/SAFE/WWC+ctrlfencei+data.litmus
/opt/litmus-tests-riscv/tests/non-mixed-size/SAFE/WWC+ctrlfencei+fence.r.rw.litmus
/opt/litmus-tests-riscv/tests/non-mixed-size/SAFE/WWC+ctrlfencei+fence.rw.rw.litmus
/opt/litmus-tests-riscv/tests/non-mixed-size/SAFE/WWC+ctrlfencei+fence.rw.w.litmus
/opt/litmus-tests-riscv/tests/non-mixed-size/SAFE/WWC+ctrlfenceis.litmus
/opt/litmus-tests-riscv/tests/non-mixed-size/SAFE/WWC+ctrls.litmus
/opt/litmus-tests-riscv/tests/non-mixed-size/SAFE/WWC+data+addr.litmus
/opt/litmus-tests-riscv/tests/non-mixed-size/SAFE/WWC+data+ctrl.litmus
/opt/litmus-tests-riscv/tests/non-mixed-size/SAFE/WWC+data+ctrlfencei.litmus
/opt/litmus-tests-riscv/tests/non-mixed-size/SAFE/WWC+data+fence.r.rw.litmus
/opt/litmus-tests-riscv/tests/non-mixed-size/SAFE/WWC+data+fence.rw.rw.litmus
/opt/litmus-tests-riscv/tests/non-mixed-size/SAFE/WWC+data+fence.rw.w.litmus
/opt/litmus-tests-riscv/tests/non-mixed-size/SAFE/WWC+datas.litmus
/opt/litmus-tests-riscv/tests/non-mixed-size/SAFE/WWC+fence.r.rw+addr.litmus
/opt/litmus-tests-riscv/tests/non-mixed-size/SAFE/WWC+fence.r.rw+ctrl.litmus
/opt/litmus-tests-riscv/tests/non-mixed-size/SAFE/WWC+fence.r.rw+ctrlfencei.litmus
/opt/litmus-tests-riscv/tests/non-mixed-size/SAFE/WWC+fence.r.rw+data.litmus
/opt/litmus-tests-riscv/tests/non-mixed-size/SAFE/WWC+fence.r.rw+fence.rw.rw.litmus
/opt/litmus-tests-riscv/tests/non-mixed-size/SAFE/WWC+fence.r.rw+fence.rw.w.litmus
/opt/litmus-tests-riscv/tests/non-mixed-size/SAFE/WWC+fence.r.rws.litmus
/opt/litmus-tests-riscv/tests/non-mixed-size/SAFE/WWC+fence.rw.rw+addr.litmus
/opt/litmus-tests-riscv/tests/non-mixed-size/SAFE/WWC+fence.rw.rw+ctrl.litmus
/opt/litmus-tests-riscv/tests/non-mixed-size/SAFE/WWC+fence.rw.rw+ctrlfencei.litmus
/opt/litmus-tests-riscv/tests/non-mixed-size/SAFE/WWC+fence.rw.rw+data.litmus
/opt/litmus-tests-riscv/tests/non-mixed-size/SAFE/WWC+fence.rw.rw+fence.r.rw.litmus
/opt/litmus-tests-riscv/tests/non-mixed-size/SAFE/WWC+fence.rw.rw+fence.rw.w.litmus
/opt/litmus-tests-riscv/tests/non-mixed-size/SAFE/WWC+fence.rw.rws.litmus
/opt/litmus-tests-riscv/tests/non-mixed-size/SAFE/WWC+fence.rw.w+addr.litmus
/opt/litmus-tests-riscv/tests/non-mixed-size/SAFE/WWC+fence.rw.w+ctrl.litmus
/opt/litmus-tests-riscv/tests/non-mixed-size/SAFE/WWC+fence.rw.w+ctrlfencei.litmus
/opt/litmus-tests-riscv/tests/non-mixed-size/SAFE/WWC+fence.rw.w+data.litmus
/opt/litmus-tests-riscv/tests/non-mixed-size/SAFE/WWC+fence.rw.w+fence.r.rw.litmus
/opt/litmus-tests-riscv/tests/non-mixed-size/SAFE/WWC+fence.rw.w+fence.rw.rw.litmus
/opt/litmus-tests-riscv/tests/non-mixed-size/SAFE/WWC+fence.rw.ws.litmus
/opt/litmus-tests-riscv/tests/non-mixed-size/SAFE/Z6.0+fence.rw.rw+addr+fence.rw.rw.litmus
/opt/litmus-tests-riscv/tests/non-mixed-size/SAFE/Z6.0+fence.rw.rw+ctrl+fence.rw.rw.litmus
/opt/litmus-tests-riscv/tests/non-mixed-size/SAFE/Z6.0+fence.rw.rw+ctrlfencei+fence.rw.rw.litmus
/opt/litmus-tests-riscv/tests/non-mixed-size/SAFE/Z6.0+fence.rw.rw+data+fence.rw.rw.litmus
/opt/litmus-tests-riscv/tests/non-mixed-size/SAFE/Z6.0+fence.rw.rw+fence.r.rw+fence.rw.rw.litmus
/opt/litmus-tests-riscv/tests/non-mixed-size/SAFE/Z6.0+fence.rw.rw+fence.rw.w+fence.rw.rw.litmus
/opt/litmus-tests-riscv/tests/non-mixed-size/SAFE/Z6.0+fence.rw.rws.litmus
/opt/litmus-tests-riscv/tests/non-mixed-size/SAFE/Z6.0+fence.rw.w+addr+fence.rw.rw.litmus
/opt/litmus-tests-riscv/tests/non-mixed-size/SAFE/Z6.0+fence.rw.w+ctrl+fence.rw.rw.litmus
/opt/litmus-tests-riscv/tests/non-mixed-size/SAFE/Z6.0+fence.rw.w+ctrlfencei+fence.rw.rw.litmus
/opt/litmus-tests-riscv/tests/non-mixed-size/SAFE/Z6.0+fence.rw.w+data+fence.rw.rw.litmus
/opt/litmus-tests-riscv/tests/non-mixed-size/SAFE/Z6.0+fence.rw.w+fence.r.rw+fence.rw.rw.litmus
/opt/litmus-tests-riscv/tests/non-mixed-size/SAFE/Z6.0+fence.rw.w+fence.rw.rw+fence.rw.rw.litmus
/opt/litmus-tests-riscv/tests/non-mixed-size/SAFE/Z6.0+fence.rw.w+fence.rw.w+fence.rw.rw.litmus
/opt/litmus-tests-riscv/tests/non-mixed-size/SAFE/Z6.0+fence.w.w+addr+fence.rw.rw.litmus
/opt/litmus-tests-riscv/tests/non-mixed-size/SAFE/Z6.0+fence.w.w+ctrl+fence.rw.rw.litmus
/opt/litmus-tests-riscv/tests/non-mixed-size/SAFE/Z6.0+fence.w.w+ctrlfencei+fence.rw.rw.litmus
/opt/litmus-tests-riscv/tests/non-mixed-size/SAFE/Z6.0+fence.w.w+data+fence.rw.rw.litmus
/opt/litmus-tests-riscv/tests/non-mixed-size/SAFE/Z6.0+fence.w.w+fence.r.rw+fence.rw.rw.litmus
/opt/litmus-tests-riscv/tests/non-mixed-size/SAFE/Z6.0+fence.w.w+fence.rw.rw+fence.rw.rw.litmus
/opt/litmus-tests-riscv/tests/non-mixed-size/SAFE/Z6.0+fence.w.w+fence.rw.w+fence.rw.rw.litmus
/opt/litmus-tests-riscv/tests/non-mixed-size/SAFE/Z6.0+pos+addr+fence.rw.rw.litmus
/opt/litmus-tests-riscv/tests/non-mixed-size/SAFE/Z6.0+pos+ctrl+fence.rw.rw.litmus
/opt/litmus-tests-riscv/tests/non-mixed-size/SAFE/Z6.0+pos+ctrlfencei+fence.rw.rw.litmus
/opt/litmus-tests-riscv/tests/non-mixed-size/SAFE/Z6.0+pos+data+fence.rw.rw.litmus
/opt/litmus-tests-riscv/tests/non-mixed-size/SAFE/Z6.0+pos+fence.r.rw+fence.rw.rw.litmus
/opt/litmus-tests-riscv/tests/non-mixed-size/SAFE/Z6.0+pos+fence.rw.rw+fence.rw.rw.litmus
/opt/litmus-tests-riscv/tests/non-mixed-size/SAFE/Z6.0+pos+fence.rw.w+fence.rw.rw.litmus
/opt/litmus-tests-riscv/tests/non-mixed-size/SAFE/Z6.1+fence.rw.rw+fence.rw.rw+addr.litmus
/opt/litmus-tests-riscv/tests/non-mixed-size/SAFE/Z6.1+fence.rw.rw+fence.rw.rw+ctrl.litmus
/opt/litmus-tests-riscv/tests/non-mixed-size/SAFE/Z6.1+fence.rw.rw+fence.rw.rw+ctrlfencei.litmus
/opt/litmus-tests-riscv/tests/non-mixed-size/SAFE/Z6.1+fence.rw.rw+fence.rw.rw+data.litmus
/opt/litmus-tests-riscv/tests/non-mixed-size/SAFE/Z6.1+fence.rw.rw+fence.rw.rw+fence.r.rw.litmus
/opt/litmus-tests-riscv/tests/non-mixed-size/SAFE/Z6.1+fence.rw.rw+fence.rw.rw+fence.rw.w.litmus
/opt/litmus-tests-riscv/tests/non-mixed-size/SAFE/Z6.1+fence.rw.rw+fence.rw.w+addr.litmus
/opt/litmus-tests-riscv/tests/non-mixed-size/SAFE/Z6.1+fence.rw.rw+fence.rw.w+ctrl.litmus
/opt/litmus-tests-riscv/tests/non-mixed-size/SAFE/Z6.1+fence.rw.rw+fence.rw.w+ctrlfencei.litmus
/opt/litmus-tests-riscv/tests/non-mixed-size/SAFE/Z6.1+fence.rw.rw+fence.rw.w+data.litmus
/opt/litmus-tests-riscv/tests/non-mixed-size/SAFE/Z6.1+fence.rw.rw+fence.rw.w+fence.r.rw.litmus
/opt/litmus-tests-riscv/tests/non-mixed-size/SAFE/Z6.1+fence.rw.rw+fence.rw.w+fence.rw.rw.litmus
/opt/litmus-tests-riscv/tests/non-mixed-size/SAFE/Z6.1+fence.rw.rw+fence.rw.w+fence.rw.w.litmus
/opt/litmus-tests-riscv/tests/non-mixed-size/SAFE/Z6.1+fence.rw.rw+fence.w.w+addr.litmus
/opt/litmus-tests-riscv/tests/non-mixed-size/SAFE/Z6.1+fence.rw.rw+fence.w.w+ctrl.litmus
/opt/litmus-tests-riscv/tests/non-mixed-size/SAFE/Z6.1+fence.rw.rw+fence.w.w+ctrlfencei.litmus
/opt/litmus-tests-riscv/tests/non-mixed-size/SAFE/Z6.1+fence.rw.rw+fence.w.w+data.litmus
/opt/litmus-tests-riscv/tests/non-mixed-size/SAFE/Z6.1+fence.rw.rw+fence.w.w+fence.r.rw.litmus
/opt/litmus-tests-riscv/tests/non-mixed-size/SAFE/Z6.1+fence.rw.rw+fence.w.w+fence.rw.rw.litmus
/opt/litmus-tests-riscv/tests/non-mixed-size/SAFE/Z6.1+fence.rw.rw+fence.w.w+fence.rw.w.litmus
/opt/litmus-tests-riscv/tests/non-mixed-size/SAFE/Z6.1+fence.rw.rws.litmus
/opt/litmus-tests-riscv/tests/non-mixed-size/SAFE/Z6.1+fence.rw.w+fence.rw.rw+addr.litmus
/opt/litmus-tests-riscv/tests/non-mixed-size/SAFE/Z6.1+fence.rw.w+fence.rw.rw+ctrl.litmus
/opt/litmus-tests-riscv/tests/non-mixed-size/SAFE/Z6.1+fence.rw.w+fence.rw.rw+ctrlfencei.litmus
/opt/litmus-tests-riscv/tests/non-mixed-size/SAFE/Z6.1+fence.rw.w+fence.rw.rw+data.litmus
/opt/litmus-tests-riscv/tests/non-mixed-size/SAFE/Z6.1+fence.rw.w+fence.rw.rw+fence.r.rw.litmus
/opt/litmus-tests-riscv/tests/non-mixed-size/SAFE/Z6.1+fence.rw.w+fence.rw.rw+fence.rw.rw.litmus
/opt/litmus-tests-riscv/tests/non-mixed-size/SAFE/Z6.1+fence.rw.w+fence.rw.rw+fence.rw.w.litmus
/opt/litmus-tests-riscv/tests/non-mixed-size/SAFE/Z6.1+fence.rw.w+fence.rw.w+addr.litmus
/opt/litmus-tests-riscv/tests/non-mixed-size/SAFE/Z6.1+fence.rw.w+fence.rw.w+ctrl.litmus
/opt/litmus-tests-riscv/tests/non-mixed-size/SAFE/Z6.1+fence.rw.w+fence.rw.w+ctrlfencei.litmus
/opt/litmus-tests-riscv/tests/non-mixed-size/SAFE/Z6.1+fence.rw.w+fence.rw.w+data.litmus
/opt/litmus-tests-riscv/tests/non-mixed-size/SAFE/Z6.1+fence.rw.w+fence.rw.w+fence.r.rw.litmus
/opt/litmus-tests-riscv/tests/non-mixed-size/SAFE/Z6.1+fence.rw.w+fence.rw.w+fence.rw.rw.litmus
/opt/litmus-tests-riscv/tests/non-mixed-size/SAFE/Z6.1+fence.rw.w+fence.w.w+addr.litmus
/opt/litmus-tests-riscv/tests/non-mixed-size/SAFE/Z6.1+fence.rw.w+fence.w.w+ctrl.litmus
/opt/litmus-tests-riscv/tests/non-mixed-size/SAFE/Z6.1+fence.rw.w+fence.w.w+ctrlfencei.litmus
/opt/litmus-tests-riscv/tests/non-mixed-size/SAFE/Z6.1+fence.rw.w+fence.w.w+data.litmus
/opt/litmus-tests-riscv/tests/non-mixed-size/SAFE/Z6.1+fence.rw.w+fence.w.w+fence.r.rw.litmus
/opt/litmus-tests-riscv/tests/non-mixed-size/SAFE/Z6.1+fence.rw.w+fence.w.w+fence.rw.rw.litmus
/opt/litmus-tests-riscv/tests/non-mixed-size/SAFE/Z6.1+fence.rw.w+fence.w.w+fence.rw.w.litmus
/opt/litmus-tests-riscv/tests/non-mixed-size/SAFE/Z6.1+fence.rw.ws.litmus
/opt/litmus-tests-riscv/tests/non-mixed-size/SAFE/Z6.1+fence.w.w+fence.rw.rw+addr.litmus
/opt/litmus-tests-riscv/tests/non-mixed-size/SAFE/Z6.1+fence.w.w+fence.rw.rw+ctrl.litmus
/opt/litmus-tests-riscv/tests/non-mixed-size/SAFE/Z6.1+fence.w.w+fence.rw.rw+ctrlfencei.litmus
/opt/litmus-tests-riscv/tests/non-mixed-size/SAFE/Z6.1+fence.w.w+fence.rw.rw+data.litmus
/opt/litmus-tests-riscv/tests/non-mixed-size/SAFE/Z6.1+fence.w.w+fence.rw.rw+fence.r.rw.litmus
/opt/litmus-tests-riscv/tests/non-mixed-size/SAFE/Z6.1+fence.w.w+fence.rw.rw+fence.rw.rw.litmus
/opt/litmus-tests-riscv/tests/non-mixed-size/SAFE/Z6.1+fence.w.w+fence.rw.rw+fence.rw.w.litmus
/opt/litmus-tests-riscv/tests/non-mixed-size/SAFE/Z6.1+fence.w.w+fence.rw.w+addr.litmus
/opt/litmus-tests-riscv/tests/non-mixed-size/SAFE/Z6.1+fence.w.w+fence.rw.w+ctrl.litmus
/opt/litmus-tests-riscv/tests/non-mixed-size/SAFE/Z6.1+fence.w.w+fence.rw.w+ctrlfencei.litmus
/opt/litmus-tests-riscv/tests/non-mixed-size/SAFE/Z6.1+fence.w.w+fence.rw.w+data.litmus
/opt/litmus-tests-riscv/tests/non-mixed-size/SAFE/Z6.1+fence.w.w+fence.rw.w+fence.r.rw.litmus
/opt/litmus-tests-riscv/tests/non-mixed-size/SAFE/Z6.1+fence.w.w+fence.rw.w+fence.rw.rw.litmus
/opt/litmus-tests-riscv/tests/non-mixed-size/SAFE/Z6.1+fence.w.w+fence.rw.w+fence.rw.w.litmus
/opt/litmus-tests-riscv/tests/non-mixed-size/SAFE/Z6.1+fence.w.w+fence.w.w+addr.litmus
/opt/litmus-tests-riscv/tests/non-mixed-size/SAFE/Z6.1+fence.w.w+fence.w.w+ctrl.litmus
/opt/litmus-tests-riscv/tests/non-mixed-size/SAFE/Z6.1+fence.w.w+fence.w.w+ctrlfencei.litmus
/opt/litmus-tests-riscv/tests/non-mixed-size/SAFE/Z6.1+fence.w.w+fence.w.w+data.litmus
/opt/litmus-tests-riscv/tests/non-mixed-size/SAFE/Z6.1+fence.w.w+fence.w.w+fence.r.rw.litmus
/opt/litmus-tests-riscv/tests/non-mixed-size/SAFE/Z6.1+fence.w.w+fence.w.w+fence.rw.rw.litmus
/opt/litmus-tests-riscv/tests/non-mixed-size/SAFE/Z6.1+fence.w.w+fence.w.w+fence.rw.w.litmus
/opt/litmus-tests-riscv/tests/non-mixed-size/SAFE/Z6.2+fence.rw.rw+addr+addr.litmus
/opt/litmus-tests-riscv/tests/non-mixed-size/SAFE/Z6.2+fence.rw.rw+addr+ctrl.litmus
/opt/litmus-tests-riscv/tests/non-mixed-size/SAFE/Z6.2+fence.rw.rw+addr+ctrlfencei.litmus
/opt/litmus-tests-riscv/tests/non-mixed-size/SAFE/Z6.2+fence.rw.rw+addr+data.litmus
/opt/litmus-tests-riscv/tests/non-mixed-size/SAFE/Z6.2+fence.rw.rw+addr+fence.r.rw.litmus
/opt/litmus-tests-riscv/tests/non-mixed-size/SAFE/Z6.2+fence.rw.rw+addr+fence.rw.rw.litmus
/opt/litmus-tests-riscv/tests/non-mixed-size/SAFE/Z6.2+fence.rw.rw+addr+fence.rw.w.litmus
/opt/litmus-tests-riscv/tests/non-mixed-size/SAFE/Z6.2+fence.rw.rw+ctrl+addr.litmus
/opt/litmus-tests-riscv/tests/non-mixed-size/SAFE/Z6.2+fence.rw.rw+ctrl+ctrl.litmus
/opt/litmus-tests-riscv/tests/non-mixed-size/SAFE/Z6.2+fence.rw.rw+ctrl+ctrlfencei.litmus
/opt/litmus-tests-riscv/tests/non-mixed-size/SAFE/Z6.2+fence.rw.rw+ctrl+data.litmus
/opt/litmus-tests-riscv/tests/non-mixed-size/SAFE/Z6.2+fence.rw.rw+ctrl+fence.r.rw.litmus
/opt/litmus-tests-riscv/tests/non-mixed-size/SAFE/Z6.2+fence.rw.rw+ctrl+fence.rw.rw.litmus
/opt/litmus-tests-riscv/tests/non-mixed-size/SAFE/Z6.2+fence.rw.rw+ctrl+fence.rw.w.litmus
/opt/litmus-tests-riscv/tests/non-mixed-size/SAFE/Z6.2+fence.rw.rw+ctrlfencei+addr.litmus
/opt/litmus-tests-riscv/tests/non-mixed-size/SAFE/Z6.2+fence.rw.rw+ctrlfencei+ctrl.litmus
/opt/litmus-tests-riscv/tests/non-mixed-size/SAFE/Z6.2+fence.rw.rw+ctrlfencei+ctrlfencei.litmus
/opt/litmus-tests-riscv/tests/non-mixed-size/SAFE/Z6.2+fence.rw.rw+ctrlfencei+data.litmus
/opt/litmus-tests-riscv/tests/non-mixed-size/SAFE/Z6.2+fence.rw.rw+ctrlfencei+fence.r.rw.litmus
/opt/litmus-tests-riscv/tests/non-mixed-size/SAFE/Z6.2+fence.rw.rw+ctrlfencei+fence.rw.rw.litmus
/opt/litmus-tests-riscv/tests/non-mixed-size/SAFE/Z6.2+fence.rw.rw+ctrlfencei+fence.rw.w.litmus
/opt/litmus-tests-riscv/tests/non-mixed-size/SAFE/Z6.2+fence.rw.rw+data+addr.litmus
/opt/litmus-tests-riscv/tests/non-mixed-size/SAFE/Z6.2+fence.rw.rw+data+ctrl.litmus
/opt/litmus-tests-riscv/tests/non-mixed-size/SAFE/Z6.2+fence.rw.rw+data+ctrlfencei.litmus
/opt/litmus-tests-riscv/tests/non-mixed-size/SAFE/Z6.2+fence.rw.rw+data+data.litmus
/opt/litmus-tests-riscv/tests/non-mixed-size/SAFE/Z6.2+fence.rw.rw+data+fence.r.rw.litmus
/opt/litmus-tests-riscv/tests/non-mixed-size/SAFE/Z6.2+fence.rw.rw+data+fence.rw.rw.litmus
/opt/litmus-tests-riscv/tests/non-mixed-size/SAFE/Z6.2+fence.rw.rw+data+fence.rw.w.litmus
/opt/litmus-tests-riscv/tests/non-mixed-size/SAFE/Z6.2+fence.rw.rw+fence.r.rw+addr.litmus
/opt/litmus-tests-riscv/tests/non-mixed-size/SAFE/Z6.2+fence.rw.rw+fence.r.rw+ctrl.litmus
/opt/litmus-tests-riscv/tests/non-mixed-size/SAFE/Z6.2+fence.rw.rw+fence.r.rw+ctrlfencei.litmus
/opt/litmus-tests-riscv/tests/non-mixed-size/SAFE/Z6.2+fence.rw.rw+fence.r.rw+data.litmus
/opt/litmus-tests-riscv/tests/non-mixed-size/SAFE/Z6.2+fence.rw.rw+fence.r.rw+fence.r.rw.litmus
/opt/litmus-tests-riscv/tests/non-mixed-size/SAFE/Z6.2+fence.rw.rw+fence.r.rw+fence.rw.rw.litmus
/opt/litmus-tests-riscv/tests/non-mixed-size/SAFE/Z6.2+fence.rw.rw+fence.r.rw+fence.rw.w.litmus
/opt/litmus-tests-riscv/tests/non-mixed-size/SAFE/Z6.2+fence.rw.rw+fence.rw.rw+addr.litmus
/opt/litmus-tests-riscv/tests/non-mixed-size/SAFE/Z6.2+fence.rw.rw+fence.rw.rw+ctrl.litmus
/opt/litmus-tests-riscv/tests/non-mixed-size/SAFE/Z6.2+fence.rw.rw+fence.rw.rw+ctrlfencei.litmus
/opt/litmus-tests-riscv/tests/non-mixed-size/SAFE/Z6.2+fence.rw.rw+fence.rw.rw+data.litmus
/opt/litmus-tests-riscv/tests/non-mixed-size/SAFE/Z6.2+fence.rw.rw+fence.rw.rw+fence.r.rw.litmus
/opt/litmus-tests-riscv/tests/non-mixed-size/SAFE/Z6.2+fence.rw.rw+fence.rw.rw+fence.rw.w.litmus
/opt/litmus-tests-riscv/tests/non-mixed-size/SAFE/Z6.2+fence.rw.rw+fence.rw.w+addr.litmus
/opt/litmus-tests-riscv/tests/non-mixed-size/SAFE/Z6.2+fence.rw.rw+fence.rw.w+ctrl.litmus
/opt/litmus-tests-riscv/tests/non-mixed-size/SAFE/Z6.2+fence.rw.rw+fence.rw.w+ctrlfencei.litmus
/opt/litmus-tests-riscv/tests/non-mixed-size/SAFE/Z6.2+fence.rw.rw+fence.rw.w+data.litmus
/opt/litmus-tests-riscv/tests/non-mixed-size/SAFE/Z6.2+fence.rw.rw+fence.rw.w+fence.r.rw.litmus
/opt/litmus-tests-riscv/tests/non-mixed-size/SAFE/Z6.2+fence.rw.rw+fence.rw.w+fence.rw.rw.litmus
/opt/litmus-tests-riscv/tests/non-mixed-size/SAFE/Z6.2+fence.rw.rw+fence.rw.w+fence.rw.w.litmus
/opt/litmus-tests-riscv/tests/non-mixed-size/SAFE/Z6.2+fence.rw.rw+pos+addr.litmus
/opt/litmus-tests-riscv/tests/non-mixed-size/SAFE/Z6.2+fence.rw.rw+pos+ctrl.litmus
/opt/litmus-tests-riscv/tests/non-mixed-size/SAFE/Z6.2+fence.rw.rw+pos+ctrlfencei.litmus
/opt/litmus-tests-riscv/tests/non-mixed-size/SAFE/Z6.2+fence.rw.rw+pos+data.litmus
/opt/litmus-tests-riscv/tests/non-mixed-size/SAFE/Z6.2+fence.rw.rw+pos+fence.r.rw.litmus
/opt/litmus-tests-riscv/tests/non-mixed-size/SAFE/Z6.2+fence.rw.rw+pos+fence.rw.rw.litmus
/opt/litmus-tests-riscv/tests/non-mixed-size/SAFE/Z6.2+fence.rw.rw+pos+fence.rw.w.litmus
/opt/litmus-tests-riscv/tests/non-mixed-size/SAFE/Z6.2+fence.rw.rws.litmus
/opt/litmus-tests-riscv/tests/non-mixed-size/SAFE/Z6.2+fence.rw.w+addr+addr.litmus
/opt/litmus-tests-riscv/tests/non-mixed-size/SAFE/Z6.2+fence.rw.w+addr+ctrl.litmus
/opt/litmus-tests-riscv/tests/non-mixed-size/SAFE/Z6.2+fence.rw.w+addr+ctrlfencei.litmus
/opt/litmus-tests-riscv/tests/non-mixed-size/SAFE/Z6.2+fence.rw.w+addr+data.litmus
/opt/litmus-tests-riscv/tests/non-mixed-size/SAFE/Z6.2+fence.rw.w+addr+fence.r.rw.litmus
/opt/litmus-tests-riscv/tests/non-mixed-size/SAFE/Z6.2+fence.rw.w+addr+fence.rw.rw.litmus
/opt/litmus-tests-riscv/tests/non-mixed-size/SAFE/Z6.2+fence.rw.w+addr+fence.rw.w.litmus
/opt/litmus-tests-riscv/tests/non-mixed-size/SAFE/Z6.2+fence.rw.w+ctrl+addr.litmus
/opt/litmus-tests-riscv/tests/non-mixed-size/SAFE/Z6.2+fence.rw.w+ctrl+ctrl.litmus
/opt/litmus-tests-riscv/tests/non-mixed-size/SAFE/Z6.2+fence.rw.w+ctrl+ctrlfencei.litmus
/opt/litmus-tests-riscv/tests/non-mixed-size/SAFE/Z6.2+fence.rw.w+ctrl+data.litmus
/opt/litmus-tests-riscv/tests/non-mixed-size/SAFE/Z6.2+fence.rw.w+ctrl+fence.r.rw.litmus
/opt/litmus-tests-riscv/tests/non-mixed-size/SAFE/Z6.2+fence.rw.w+ctrl+fence.rw.rw.litmus
/opt/litmus-tests-riscv/tests/non-mixed-size/SAFE/Z6.2+fence.rw.w+ctrl+fence.rw.w.litmus
/opt/litmus-tests-riscv/tests/non-mixed-size/SAFE/Z6.2+fence.rw.w+ctrlfencei+addr.litmus
/opt/litmus-tests-riscv/tests/non-mixed-size/SAFE/Z6.2+fence.rw.w+ctrlfencei+ctrl.litmus
/opt/litmus-tests-riscv/tests/non-mixed-size/SAFE/Z6.2+fence.rw.w+ctrlfencei+ctrlfencei.litmus
/opt/litmus-tests-riscv/tests/non-mixed-size/SAFE/Z6.2+fence.rw.w+ctrlfencei+data.litmus
/opt/litmus-tests-riscv/tests/non-mixed-size/SAFE/Z6.2+fence.rw.w+ctrlfencei+fence.r.rw.litmus
/opt/litmus-tests-riscv/tests/non-mixed-size/SAFE/Z6.2+fence.rw.w+ctrlfencei+fence.rw.rw.litmus
/opt/litmus-tests-riscv/tests/non-mixed-size/SAFE/Z6.2+fence.rw.w+ctrlfencei+fence.rw.w.litmus
/opt/litmus-tests-riscv/tests/non-mixed-size/SAFE/Z6.2+fence.rw.w+data+addr.litmus
/opt/litmus-tests-riscv/tests/non-mixed-size/SAFE/Z6.2+fence.rw.w+data+ctrl.litmus
/opt/litmus-tests-riscv/tests/non-mixed-size/SAFE/Z6.2+fence.rw.w+data+ctrlfencei.litmus
/opt/litmus-tests-riscv/tests/non-mixed-size/SAFE/Z6.2+fence.rw.w+data+data.litmus
/opt/litmus-tests-riscv/tests/non-mixed-size/SAFE/Z6.2+fence.rw.w+data+fence.r.rw.litmus
/opt/litmus-tests-riscv/tests/non-mixed-size/SAFE/Z6.2+fence.rw.w+data+fence.rw.rw.litmus
/opt/litmus-tests-riscv/tests/non-mixed-size/SAFE/Z6.2+fence.rw.w+data+fence.rw.w.litmus
/opt/litmus-tests-riscv/tests/non-mixed-size/SAFE/Z6.2+fence.rw.w+fence.r.rw+addr.litmus
/opt/litmus-tests-riscv/tests/non-mixed-size/SAFE/Z6.2+fence.rw.w+fence.r.rw+ctrl.litmus
/opt/litmus-tests-riscv/tests/non-mixed-size/SAFE/Z6.2+fence.rw.w+fence.r.rw+ctrlfencei.litmus
/opt/litmus-tests-riscv/tests/non-mixed-size/SAFE/Z6.2+fence.rw.w+fence.r.rw+data.litmus
/opt/litmus-tests-riscv/tests/non-mixed-size/SAFE/Z6.2+fence.rw.w+fence.r.rw+fence.r.rw.litmus
/opt/litmus-tests-riscv/tests/non-mixed-size/SAFE/Z6.2+fence.rw.w+fence.r.rw+fence.rw.rw.litmus
/opt/litmus-tests-riscv/tests/non-mixed-size/SAFE/Z6.2+fence.rw.w+fence.r.rw+fence.rw.w.litmus
/opt/litmus-tests-riscv/tests/non-mixed-size/SAFE/Z6.2+fence.rw.w+fence.rw.rw+addr.litmus
/opt/litmus-tests-riscv/tests/non-mixed-size/SAFE/Z6.2+fence.rw.w+fence.rw.rw+ctrl.litmus
/opt/litmus-tests-riscv/tests/non-mixed-size/SAFE/Z6.2+fence.rw.w+fence.rw.rw+ctrlfencei.litmus
/opt/litmus-tests-riscv/tests/non-mixed-size/SAFE/Z6.2+fence.rw.w+fence.rw.rw+data.litmus
/opt/litmus-tests-riscv/tests/non-mixed-size/SAFE/Z6.2+fence.rw.w+fence.rw.rw+fence.r.rw.litmus
/opt/litmus-tests-riscv/tests/non-mixed-size/SAFE/Z6.2+fence.rw.w+fence.rw.rw+fence.rw.rw.litmus
/opt/litmus-tests-riscv/tests/non-mixed-size/SAFE/Z6.2+fence.rw.w+fence.rw.rw+fence.rw.w.litmus
/opt/litmus-tests-riscv/tests/non-mixed-size/SAFE/Z6.2+fence.rw.w+fence.rw.w+addr.litmus
/opt/litmus-tests-riscv/tests/non-mixed-size/SAFE/Z6.2+fence.rw.w+fence.rw.w+ctrl.litmus
/opt/litmus-tests-riscv/tests/non-mixed-size/SAFE/Z6.2+fence.rw.w+fence.rw.w+ctrlfencei.litmus
/opt/litmus-tests-riscv/tests/non-mixed-size/SAFE/Z6.2+fence.rw.w+fence.rw.w+data.litmus
/opt/litmus-tests-riscv/tests/non-mixed-size/SAFE/Z6.2+fence.rw.w+fence.rw.w+fence.r.rw.litmus
/opt/litmus-tests-riscv/tests/non-mixed-size/SAFE/Z6.2+fence.rw.w+fence.rw.w+fence.rw.rw.litmus
/opt/litmus-tests-riscv/tests/non-mixed-size/SAFE/Z6.2+fence.rw.w+pos+addr.litmus
/opt/litmus-tests-riscv/tests/non-mixed-size/SAFE/Z6.2+fence.rw.w+pos+ctrl.litmus
/opt/litmus-tests-riscv/tests/non-mixed-size/SAFE/Z6.2+fence.rw.w+pos+ctrlfencei.litmus
/opt/litmus-tests-riscv/tests/non-mixed-size/SAFE/Z6.2+fence.rw.w+pos+data.litmus
/opt/litmus-tests-riscv/tests/non-mixed-size/SAFE/Z6.2+fence.rw.w+pos+fence.r.rw.litmus
/opt/litmus-tests-riscv/tests/non-mixed-size/SAFE/Z6.2+fence.rw.w+pos+fence.rw.rw.litmus
/opt/litmus-tests-riscv/tests/non-mixed-size/SAFE/Z6.2+fence.rw.w+pos+fence.rw.w.litmus
/opt/litmus-tests-riscv/tests/non-mixed-size/SAFE/Z6.2+fence.rw.ws.litmus
/opt/litmus-tests-riscv/tests/non-mixed-size/SAFE/Z6.2+fence.w.w+addr+addr.litmus
/opt/litmus-tests-riscv/tests/non-mixed-size/SAFE/Z6.2+fence.w.w+addr+ctrl.litmus
/opt/litmus-tests-riscv/tests/non-mixed-size/SAFE/Z6.2+fence.w.w+addr+ctrlfencei.litmus
/opt/litmus-tests-riscv/tests/non-mixed-size/SAFE/Z6.2+fence.w.w+addr+data.litmus
/opt/litmus-tests-riscv/tests/non-mixed-size/SAFE/Z6.2+fence.w.w+addr+fence.r.rw.litmus
/opt/litmus-tests-riscv/tests/non-mixed-size/SAFE/Z6.2+fence.w.w+addr+fence.rw.rw.litmus
/opt/litmus-tests-riscv/tests/non-mixed-size/SAFE/Z6.2+fence.w.w+addr+fence.rw.w.litmus
/opt/litmus-tests-riscv/tests/non-mixed-size/SAFE/Z6.2+fence.w.w+ctrl+addr.litmus
/opt/litmus-tests-riscv/tests/non-mixed-size/SAFE/Z6.2+fence.w.w+ctrl+ctrl.litmus
/opt/litmus-tests-riscv/tests/non-mixed-size/SAFE/Z6.2+fence.w.w+ctrl+ctrlfencei.litmus
/opt/litmus-tests-riscv/tests/non-mixed-size/SAFE/Z6.2+fence.w.w+ctrl+data.litmus
/opt/litmus-tests-riscv/tests/non-mixed-size/SAFE/Z6.2+fence.w.w+ctrl+fence.r.rw.litmus
/opt/litmus-tests-riscv/tests/non-mixed-size/SAFE/Z6.2+fence.w.w+ctrl+fence.rw.rw.litmus
/opt/litmus-tests-riscv/tests/non-mixed-size/SAFE/Z6.2+fence.w.w+ctrl+fence.rw.w.litmus
/opt/litmus-tests-riscv/tests/non-mixed-size/SAFE/Z6.2+fence.w.w+ctrlfencei+addr.litmus
/opt/litmus-tests-riscv/tests/non-mixed-size/SAFE/Z6.2+fence.w.w+ctrlfencei+ctrl.litmus
/opt/litmus-tests-riscv/tests/non-mixed-size/SAFE/Z6.2+fence.w.w+ctrlfencei+ctrlfencei.litmus
/opt/litmus-tests-riscv/tests/non-mixed-size/SAFE/Z6.2+fence.w.w+ctrlfencei+data.litmus
/opt/litmus-tests-riscv/tests/non-mixed-size/SAFE/Z6.2+fence.w.w+ctrlfencei+fence.r.rw.litmus
/opt/litmus-tests-riscv/tests/non-mixed-size/SAFE/Z6.2+fence.w.w+ctrlfencei+fence.rw.rw.litmus
/opt/litmus-tests-riscv/tests/non-mixed-size/SAFE/Z6.2+fence.w.w+ctrlfencei+fence.rw.w.litmus
/opt/litmus-tests-riscv/tests/non-mixed-size/SAFE/Z6.2+fence.w.w+data+addr.litmus
/opt/litmus-tests-riscv/tests/non-mixed-size/SAFE/Z6.2+fence.w.w+data+ctrl.litmus
/opt/litmus-tests-riscv/tests/non-mixed-size/SAFE/Z6.2+fence.w.w+data+ctrlfencei.litmus
/opt/litmus-tests-riscv/tests/non-mixed-size/SAFE/Z6.2+fence.w.w+data+data.litmus
/opt/litmus-tests-riscv/tests/non-mixed-size/SAFE/Z6.2+fence.w.w+data+fence.r.rw.litmus
/opt/litmus-tests-riscv/tests/non-mixed-size/SAFE/Z6.2+fence.w.w+data+fence.rw.rw.litmus
/opt/litmus-tests-riscv/tests/non-mixed-size/SAFE/Z6.2+fence.w.w+data+fence.rw.w.litmus
/opt/litmus-tests-riscv/tests/non-mixed-size/SAFE/Z6.2+fence.w.w+fence.r.rw+addr.litmus
/opt/litmus-tests-riscv/tests/non-mixed-size/SAFE/Z6.2+fence.w.w+fence.r.rw+ctrl.litmus
/opt/litmus-tests-riscv/tests/non-mixed-size/SAFE/Z6.2+fence.w.w+fence.r.rw+ctrlfencei.litmus
/opt/litmus-tests-riscv/tests/non-mixed-size/SAFE/Z6.2+fence.w.w+fence.r.rw+data.litmus
/opt/litmus-tests-riscv/tests/non-mixed-size/SAFE/Z6.2+fence.w.w+fence.r.rw+fence.r.rw.litmus
/opt/litmus-tests-riscv/tests/non-mixed-size/SAFE/Z6.2+fence.w.w+fence.r.rw+fence.rw.rw.litmus
/opt/litmus-tests-riscv/tests/non-mixed-size/SAFE/Z6.2+fence.w.w+fence.r.rw+fence.rw.w.litmus
/opt/litmus-tests-riscv/tests/non-mixed-size/SAFE/Z6.2+fence.w.w+fence.rw.rw+addr.litmus
/opt/litmus-tests-riscv/tests/non-mixed-size/SAFE/Z6.2+fence.w.w+fence.rw.rw+ctrl.litmus
/opt/litmus-tests-riscv/tests/non-mixed-size/SAFE/Z6.2+fence.w.w+fence.rw.rw+ctrlfencei.litmus
/opt/litmus-tests-riscv/tests/non-mixed-size/SAFE/Z6.2+fence.w.w+fence.rw.rw+data.litmus
/opt/litmus-tests-riscv/tests/non-mixed-size/SAFE/Z6.2+fence.w.w+fence.rw.rw+fence.r.rw.litmus
/opt/litmus-tests-riscv/tests/non-mixed-size/SAFE/Z6.2+fence.w.w+fence.rw.rw+fence.rw.rw.litmus
/opt/litmus-tests-riscv/tests/non-mixed-size/SAFE/Z6.2+fence.w.w+fence.rw.rw+fence.rw.w.litmus
/opt/litmus-tests-riscv/tests/non-mixed-size/SAFE/Z6.2+fence.w.w+fence.rw.w+addr.litmus
/opt/litmus-tests-riscv/tests/non-mixed-size/SAFE/Z6.2+fence.w.w+fence.rw.w+ctrl.litmus
/opt/litmus-tests-riscv/tests/non-mixed-size/SAFE/Z6.2+fence.w.w+fence.rw.w+ctrlfencei.litmus
/opt/litmus-tests-riscv/tests/non-mixed-size/SAFE/Z6.2+fence.w.w+fence.rw.w+data.litmus
/opt/litmus-tests-riscv/tests/non-mixed-size/SAFE/Z6.2+fence.w.w+fence.rw.w+fence.r.rw.litmus
/opt/litmus-tests-riscv/tests/non-mixed-size/SAFE/Z6.2+fence.w.w+fence.rw.w+fence.rw.rw.litmus
/opt/litmus-tests-riscv/tests/non-mixed-size/SAFE/Z6.2+fence.w.w+fence.rw.w+fence.rw.w.litmus
/opt/litmus-tests-riscv/tests/non-mixed-size/SAFE/Z6.2+fence.w.w+pos+addr.litmus
/opt/litmus-tests-riscv/tests/non-mixed-size/SAFE/Z6.2+fence.w.w+pos+ctrl.litmus
/opt/litmus-tests-riscv/tests/non-mixed-size/SAFE/Z6.2+fence.w.w+pos+ctrlfencei.litmus
/opt/litmus-tests-riscv/tests/non-mixed-size/SAFE/Z6.2+fence.w.w+pos+data.litmus
/opt/litmus-tests-riscv/tests/non-mixed-size/SAFE/Z6.2+fence.w.w+pos+fence.r.rw.litmus
/opt/litmus-tests-riscv/tests/non-mixed-size/SAFE/Z6.2+fence.w.w+pos+fence.rw.rw.litmus
/opt/litmus-tests-riscv/tests/non-mixed-size/SAFE/Z6.2+fence.w.w+pos+fence.rw.w.litmus
/opt/litmus-tests-riscv/tests/non-mixed-size/SAFE/Z6.3+fence.rw.rw+fence.rw.rw+addr.litmus
/opt/litmus-tests-riscv/tests/non-mixed-size/SAFE/Z6.3+fence.rw.rw+fence.rw.rw+addrs.litmus
/opt/litmus-tests-riscv/tests/non-mixed-size/SAFE/Z6.3+fence.rw.rw+fence.rw.rw+ctrlfencei.litmus
/opt/litmus-tests-riscv/tests/non-mixed-size/SAFE/Z6.3+fence.rw.rw+fence.rw.rw+ctrlfenceis.litmus
/opt/litmus-tests-riscv/tests/non-mixed-size/SAFE/Z6.3+fence.rw.rw+fence.rw.rw+fence.r.rw.litmus
/opt/litmus-tests-riscv/tests/non-mixed-size/SAFE/Z6.3+fence.rw.rw+fence.rw.rw+fence.r.rws.litmus
/opt/litmus-tests-riscv/tests/non-mixed-size/SAFE/Z6.3+fence.rw.rw+fence.rw.rw+fence.rw.rws.litmus
/opt/litmus-tests-riscv/tests/non-mixed-size/SAFE/Z6.3+fence.rw.rw+fence.rw.w+addr.litmus
/opt/litmus-tests-riscv/tests/non-mixed-size/SAFE/Z6.3+fence.rw.rw+fence.rw.w+addrs.litmus
/opt/litmus-tests-riscv/tests/non-mixed-size/SAFE/Z6.3+fence.rw.rw+fence.rw.w+ctrlfencei.litmus
/opt/litmus-tests-riscv/tests/non-mixed-size/SAFE/Z6.3+fence.rw.rw+fence.rw.w+ctrlfenceis.litmus
/opt/litmus-tests-riscv/tests/non-mixed-size/SAFE/Z6.3+fence.rw.rw+fence.rw.w+fence.r.rw.litmus
/opt/litmus-tests-riscv/tests/non-mixed-size/SAFE/Z6.3+fence.rw.rw+fence.rw.w+fence.r.rws.litmus
/opt/litmus-tests-riscv/tests/non-mixed-size/SAFE/Z6.3+fence.rw.rw+fence.rw.w+fence.rw.rw.litmus
/opt/litmus-tests-riscv/tests/non-mixed-size/SAFE/Z6.3+fence.rw.rw+fence.rw.w+fence.rw.rws.litmus
/opt/litmus-tests-riscv/tests/non-mixed-size/SAFE/Z6.3+fence.rw.rw+fence.w.w+addr.litmus
/opt/litmus-tests-riscv/tests/non-mixed-size/SAFE/Z6.3+fence.rw.rw+fence.w.w+addrs.litmus
/opt/litmus-tests-riscv/tests/non-mixed-size/SAFE/Z6.3+fence.rw.rw+fence.w.w+ctrlfencei.litmus
/opt/litmus-tests-riscv/tests/non-mixed-size/SAFE/Z6.3+fence.rw.rw+fence.w.w+ctrlfenceis.litmus
/opt/litmus-tests-riscv/tests/non-mixed-size/SAFE/Z6.3+fence.rw.rw+fence.w.w+fence.r.rw.litmus
/opt/litmus-tests-riscv/tests/non-mixed-size/SAFE/Z6.3+fence.rw.rw+fence.w.w+fence.r.rws.litmus
/opt/litmus-tests-riscv/tests/non-mixed-size/SAFE/Z6.3+fence.rw.rw+fence.w.w+fence.rw.rw.litmus
/opt/litmus-tests-riscv/tests/non-mixed-size/SAFE/Z6.3+fence.rw.rw+fence.w.w+fence.rw.rws.litmus
/opt/litmus-tests-riscv/tests/non-mixed-size/SAFE/Z6.3+fence.rw.rws.litmus
/opt/litmus-tests-riscv/tests/non-mixed-size/SAFE/Z6.3+fence.rw.w+fence.rw.rw+addr.litmus
/opt/litmus-tests-riscv/tests/non-mixed-size/SAFE/Z6.3+fence.rw.w+fence.rw.rw+addrs.litmus
/opt/litmus-tests-riscv/tests/non-mixed-size/SAFE/Z6.3+fence.rw.w+fence.rw.rw+ctrlfencei.litmus
/opt/litmus-tests-riscv/tests/non-mixed-size/SAFE/Z6.3+fence.rw.w+fence.rw.rw+ctrlfenceis.litmus
/opt/litmus-tests-riscv/tests/non-mixed-size/SAFE/Z6.3+fence.rw.w+fence.rw.rw+fence.r.rw.litmus
/opt/litmus-tests-riscv/tests/non-mixed-size/SAFE/Z6.3+fence.rw.w+fence.rw.rw+fence.r.rws.litmus
/opt/litmus-tests-riscv/tests/non-mixed-size/SAFE/Z6.3+fence.rw.w+fence.rw.rw+fence.rw.rw.litmus
/opt/litmus-tests-riscv/tests/non-mixed-size/SAFE/Z6.3+fence.rw.w+fence.rw.rw+fence.rw.rws.litmus
/opt/litmus-tests-riscv/tests/non-mixed-size/SAFE/Z6.3+fence.rw.w+fence.rw.w+addr.litmus
/opt/litmus-tests-riscv/tests/non-mixed-size/SAFE/Z6.3+fence.rw.w+fence.rw.w+addrs.litmus
/opt/litmus-tests-riscv/tests/non-mixed-size/SAFE/Z6.3+fence.rw.w+fence.rw.w+ctrlfencei.litmus
/opt/litmus-tests-riscv/tests/non-mixed-size/SAFE/Z6.3+fence.rw.w+fence.rw.w+ctrlfenceis.litmus
/opt/litmus-tests-riscv/tests/non-mixed-size/SAFE/Z6.3+fence.rw.w+fence.rw.w+fence.r.rw.litmus
/opt/litmus-tests-riscv/tests/non-mixed-size/SAFE/Z6.3+fence.rw.w+fence.rw.w+fence.r.rws.litmus
/opt/litmus-tests-riscv/tests/non-mixed-size/SAFE/Z6.3+fence.rw.w+fence.rw.w+fence.rw.rw.litmus
/opt/litmus-tests-riscv/tests/non-mixed-size/SAFE/Z6.3+fence.rw.w+fence.rw.w+fence.rw.rws.litmus
/opt/litmus-tests-riscv/tests/non-mixed-size/SAFE/Z6.3+fence.rw.w+fence.w.w+addr.litmus
/opt/litmus-tests-riscv/tests/non-mixed-size/SAFE/Z6.3+fence.rw.w+fence.w.w+addrs.litmus
/opt/litmus-tests-riscv/tests/non-mixed-size/SAFE/Z6.3+fence.rw.w+fence.w.w+ctrlfencei.litmus
/opt/litmus-tests-riscv/tests/non-mixed-size/SAFE/Z6.3+fence.rw.w+fence.w.w+ctrlfenceis.litmus
/opt/litmus-tests-riscv/tests/non-mixed-size/SAFE/Z6.3+fence.rw.w+fence.w.w+fence.r.rw.litmus
/opt/litmus-tests-riscv/tests/non-mixed-size/SAFE/Z6.3+fence.rw.w+fence.w.w+fence.r.rws.litmus
/opt/litmus-tests-riscv/tests/non-mixed-size/SAFE/Z6.3+fence.rw.w+fence.w.w+fence.rw.rw.litmus
/opt/litmus-tests-riscv/tests/non-mixed-size/SAFE/Z6.3+fence.rw.w+fence.w.w+fence.rw.rws.litmus
/opt/litmus-tests-riscv/tests/non-mixed-size/SAFE/Z6.3+fence.w.w+fence.rw.rw+addr.litmus
/opt/litmus-tests-riscv/tests/non-mixed-size/SAFE/Z6.3+fence.w.w+fence.rw.rw+addrs.litmus
/opt/litmus-tests-riscv/tests/non-mixed-size/SAFE/Z6.3+fence.w.w+fence.rw.rw+ctrlfencei.litmus
/opt/litmus-tests-riscv/tests/non-mixed-size/SAFE/Z6.3+fence.w.w+fence.rw.rw+ctrlfenceis.litmus
/opt/litmus-tests-riscv/tests/non-mixed-size/SAFE/Z6.3+fence.w.w+fence.rw.rw+fence.r.rw.litmus
/opt/litmus-tests-riscv/tests/non-mixed-size/SAFE/Z6.3+fence.w.w+fence.rw.rw+fence.r.rws.litmus
/opt/litmus-tests-riscv/tests/non-mixed-size/SAFE/Z6.3+fence.w.w+fence.rw.rw+fence.rw.rw.litmus
/opt/litmus-tests-riscv/tests/non-mixed-size/SAFE/Z6.3+fence.w.w+fence.rw.rw+fence.rw.rws.litmus
/opt/litmus-tests-riscv/tests/non-mixed-size/SAFE/Z6.3+fence.w.w+fence.rw.w+addr.litmus
/opt/litmus-tests-riscv/tests/non-mixed-size/SAFE/Z6.3+fence.w.w+fence.rw.w+addrs.litmus
/opt/litmus-tests-riscv/tests/non-mixed-size/SAFE/Z6.3+fence.w.w+fence.rw.w+ctrlfencei.litmus
/opt/litmus-tests-riscv/tests/non-mixed-size/SAFE/Z6.3+fence.w.w+fence.rw.w+ctrlfenceis.litmus
/opt/litmus-tests-riscv/tests/non-mixed-size/SAFE/Z6.3+fence.w.w+fence.rw.w+fence.r.rw.litmus
/opt/litmus-tests-riscv/tests/non-mixed-size/SAFE/Z6.3+fence.w.w+fence.rw.w+fence.r.rws.litmus
/opt/litmus-tests-riscv/tests/non-mixed-size/SAFE/Z6.3+fence.w.w+fence.rw.w+fence.rw.rw.litmus
/opt/litmus-tests-riscv/tests/non-mixed-size/SAFE/Z6.3+fence.w.w+fence.rw.w+fence.rw.rws.litmus
/opt/litmus-tests-riscv/tests/non-mixed-size/SAFE/Z6.3+fence.w.w+fence.w.w+addr.litmus
/opt/litmus-tests-riscv/tests/non-mixed-size/SAFE/Z6.3+fence.w.w+fence.w.w+addrs.litmus
/opt/litmus-tests-riscv/tests/non-mixed-size/SAFE/Z6.3+fence.w.w+fence.w.w+ctrlfencei.litmus
/opt/litmus-tests-riscv/tests/non-mixed-size/SAFE/Z6.3+fence.w.w+fence.w.w+ctrlfenceis.litmus
/opt/litmus-tests-riscv/tests/non-mixed-size/SAFE/Z6.3+fence.w.w+fence.w.w+fence.r.rw.litmus
/opt/litmus-tests-riscv/tests/non-mixed-size/SAFE/Z6.3+fence.w.w+fence.w.w+fence.r.rws.litmus
/opt/litmus-tests-riscv/tests/non-mixed-size/SAFE/Z6.3+fence.w.w+fence.w.w+fence.rw.rw.litmus
/opt/litmus-tests-riscv/tests/non-mixed-size/SAFE/Z6.3+fence.w.w+fence.w.w+fence.rw.rws.litmus
/opt/litmus-tests-riscv/tests/non-mixed-size/SAFE/Z6.4+fence.rw.rw+fence.rw.rw+fence.rw.rws.litmus
/opt/litmus-tests-riscv/tests/non-mixed-size/SAFE/Z6.4+fence.rw.rws.litmus
/opt/litmus-tests-riscv/tests/non-mixed-size/SAFE/Z6.4+fence.rw.w+fence.rw.rw+fence.rw.rw.litmus
/opt/litmus-tests-riscv/tests/non-mixed-size/SAFE/Z6.4+fence.rw.w+fence.rw.rw+fence.rw.rws.litmus
/opt/litmus-tests-riscv/tests/non-mixed-size/SAFE/Z6.4+fence.w.w+fence.rw.rw+fence.rw.rw.litmus
/opt/litmus-tests-riscv/tests/non-mixed-size/SAFE/Z6.4+fence.w.w+fence.rw.rw+fence.rw.rws.litmus
/opt/litmus-tests-riscv/tests/non-mixed-size/SAFE/Z6.5+fence.rw.rw+fence.rw.w+fence.rw.rw.litmus
/opt/litmus-tests-riscv/tests/non-mixed-size/SAFE/Z6.5+fence.rw.rw+fence.w.w+fence.rw.rw.litmus
/opt/litmus-tests-riscv/tests/non-mixed-size/SAFE/Z6.5+fence.rw.rws.litmus
/opt/litmus-tests-riscv/tests/non-mixed-size/SAFE/Z6.5+fence.rw.w+fence.rw.rw+fence.rw.rw.litmus
/opt/litmus-tests-riscv/tests/non-mixed-size/SAFE/Z6.5+fence.rw.w+fence.rw.w+fence.rw.rw.litmus
/opt/litmus-tests-riscv/tests/non-mixed-size/SAFE/Z6.5+fence.rw.w+fence.w.w+fence.rw.rw.litmus
/opt/litmus-tests-riscv/tests/non-mixed-size/SAFE/Z6.5+fence.w.w+fence.rw.rw+fence.rw.rw.litmus
/opt/litmus-tests-riscv/tests/non-mixed-size/SAFE/Z6.5+fence.w.w+fence.rw.w+fence.rw.rw.litmus
/opt/litmus-tests-riscv/tests/non-mixed-size/SAFE/Z6.5+fence.w.w+fence.w.w+fence.rw.rw.litmus
/opt/litmus-tests-riscv/tests/non-mixed-size/SF_THESIS/BASIC/2+2W+fence.rw.rw+po.litmus
/opt/litmus-tests-riscv/tests/non-mixed-size/SF_THESIS/BASIC/2+2W+fence.rw.rws.litmus
/opt/litmus-tests-riscv/tests/non-mixed-size/SF_THESIS/BASIC/2+2W.litmus
/opt/litmus-tests-riscv/tests/non-mixed-size/SF_THESIS/BASIC/3.2W+fence.rw.rw+fence.rw.rw+po.litmus
/opt/litmus-tests-riscv/tests/non-mixed-size/SF_THESIS/BASIC/3.2W+fence.rw.rw+po+po.litmus
/opt/litmus-tests-riscv/tests/non-mixed-size/SF_THESIS/BASIC/3.2W+fence.rw.rws.litmus
/opt/litmus-tests-riscv/tests/non-mixed-size/SF_THESIS/BASIC/3.2W.litmus
/opt/litmus-tests-riscv/tests/non-mixed-size/SF_THESIS/BASIC/3.LB+addr+addr+ctrl.litmus
/opt/litmus-tests-riscv/tests/non-mixed-size/SF_THESIS/BASIC/3.LB+addr+addr+ctrlfencei.litmus
/opt/litmus-tests-riscv/tests/non-mixed-size/SF_THESIS/BASIC/3.LB+addr+addr+data.litmus
/opt/litmus-tests-riscv/tests/non-mixed-size/SF_THESIS/BASIC/3.LB+addr+addr+po.litmus
/opt/litmus-tests-riscv/tests/non-mixed-size/SF_THESIS/BASIC/3.LB+addr+ctrl+ctrl.litmus
/opt/litmus-tests-riscv/tests/non-mixed-size/SF_THESIS/BASIC/3.LB+addr+ctrl+ctrlfencei.litmus
/opt/litmus-tests-riscv/tests/non-mixed-size/SF_THESIS/BASIC/3.LB+addr+ctrl+data.litmus
/opt/litmus-tests-riscv/tests/non-mixed-size/SF_THESIS/BASIC/3.LB+addr+ctrl+po.litmus
/opt/litmus-tests-riscv/tests/non-mixed-size/SF_THESIS/BASIC/3.LB+addr+ctrlfencei+ctrl.litmus
/opt/litmus-tests-riscv/tests/non-mixed-size/SF_THESIS/BASIC/3.LB+addr+ctrlfencei+ctrlfencei.litmus
/opt/litmus-tests-riscv/tests/non-mixed-size/SF_THESIS/BASIC/3.LB+addr+ctrlfencei+data.litmus
/opt/litmus-tests-riscv/tests/non-mixed-size/SF_THESIS/BASIC/3.LB+addr+ctrlfencei+po.litmus
/opt/litmus-tests-riscv/tests/non-mixed-size/SF_THESIS/BASIC/3.LB+addr+data+ctrl.litmus
/opt/litmus-tests-riscv/tests/non-mixed-size/SF_THESIS/BASIC/3.LB+addr+data+ctrlfencei.litmus
/opt/litmus-tests-riscv/tests/non-mixed-size/SF_THESIS/BASIC/3.LB+addr+data+data.litmus
/opt/litmus-tests-riscv/tests/non-mixed-size/SF_THESIS/BASIC/3.LB+addr+data+po.litmus
/opt/litmus-tests-riscv/tests/non-mixed-size/SF_THESIS/BASIC/3.LB+addr+po+ctrl.litmus
/opt/litmus-tests-riscv/tests/non-mixed-size/SF_THESIS/BASIC/3.LB+addr+po+ctrlfencei.litmus
/opt/litmus-tests-riscv/tests/non-mixed-size/SF_THESIS/BASIC/3.LB+addr+po+data.litmus
/opt/litmus-tests-riscv/tests/non-mixed-size/SF_THESIS/BASIC/3.LB+addr+po+po.litmus
/opt/litmus-tests-riscv/tests/non-mixed-size/SF_THESIS/BASIC/3.LB+addrs.litmus
/opt/litmus-tests-riscv/tests/non-mixed-size/SF_THESIS/BASIC/3.LB+ctrl+ctrl+ctrlfencei.litmus
/opt/litmus-tests-riscv/tests/non-mixed-size/SF_THESIS/BASIC/3.LB+ctrl+ctrl+po.litmus
/opt/litmus-tests-riscv/tests/non-mixed-size/SF_THESIS/BASIC/3.LB+ctrl+ctrlfencei+ctrlfencei.litmus
/opt/litmus-tests-riscv/tests/non-mixed-size/SF_THESIS/BASIC/3.LB+ctrl+ctrlfencei+po.litmus
/opt/litmus-tests-riscv/tests/non-mixed-size/SF_THESIS/BASIC/3.LB+ctrl+po+ctrlfencei.litmus
/opt/litmus-tests-riscv/tests/non-mixed-size/SF_THESIS/BASIC/3.LB+ctrl+po+po.litmus
/opt/litmus-tests-riscv/tests/non-mixed-size/SF_THESIS/BASIC/3.LB+ctrlfencei+ctrlfencei+po.litmus
/opt/litmus-tests-riscv/tests/non-mixed-size/SF_THESIS/BASIC/3.LB+ctrlfencei+po+po.litmus
/opt/litmus-tests-riscv/tests/non-mixed-size/SF_THESIS/BASIC/3.LB+ctrlfenceis.litmus
/opt/litmus-tests-riscv/tests/non-mixed-size/SF_THESIS/BASIC/3.LB+ctrls.litmus
/opt/litmus-tests-riscv/tests/non-mixed-size/SF_THESIS/BASIC/3.LB+data+ctrl+ctrl.litmus
/opt/litmus-tests-riscv/tests/non-mixed-size/SF_THESIS/BASIC/3.LB+data+ctrl+ctrlfencei.litmus
/opt/litmus-tests-riscv/tests/non-mixed-size/SF_THESIS/BASIC/3.LB+data+ctrl+po.litmus
/opt/litmus-tests-riscv/tests/non-mixed-size/SF_THESIS/BASIC/3.LB+data+ctrlfencei+ctrl.litmus
/opt/litmus-tests-riscv/tests/non-mixed-size/SF_THESIS/BASIC/3.LB+data+ctrlfencei+ctrlfencei.litmus
/opt/litmus-tests-riscv/tests/non-mixed-size/SF_THESIS/BASIC/3.LB+data+ctrlfencei+po.litmus
/opt/litmus-tests-riscv/tests/non-mixed-size/SF_THESIS/BASIC/3.LB+data+data+ctrl.litmus
/opt/litmus-tests-riscv/tests/non-mixed-size/SF_THESIS/BASIC/3.LB+data+data+ctrlfencei.litmus
/opt/litmus-tests-riscv/tests/non-mixed-size/SF_THESIS/BASIC/3.LB+data+data+po.litmus
/opt/litmus-tests-riscv/tests/non-mixed-size/SF_THESIS/BASIC/3.LB+data+po+ctrl.litmus
/opt/litmus-tests-riscv/tests/non-mixed-size/SF_THESIS/BASIC/3.LB+data+po+ctrlfencei.litmus
/opt/litmus-tests-riscv/tests/non-mixed-size/SF_THESIS/BASIC/3.LB+data+po+po.litmus
/opt/litmus-tests-riscv/tests/non-mixed-size/SF_THESIS/BASIC/3.LB+datas.litmus
/opt/litmus-tests-riscv/tests/non-mixed-size/SF_THESIS/BASIC/3.LB+fence.rw.rw+addr+addr.litmus
/opt/litmus-tests-riscv/tests/non-mixed-size/SF_THESIS/BASIC/3.LB+fence.rw.rw+addr+ctrl.litmus
/opt/litmus-tests-riscv/tests/non-mixed-size/SF_THESIS/BASIC/3.LB+fence.rw.rw+addr+ctrlfencei.litmus
/opt/litmus-tests-riscv/tests/non-mixed-size/SF_THESIS/BASIC/3.LB+fence.rw.rw+addr+data.litmus
/opt/litmus-tests-riscv/tests/non-mixed-size/SF_THESIS/BASIC/3.LB+fence.rw.rw+addr+po.litmus
/opt/litmus-tests-riscv/tests/non-mixed-size/SF_THESIS/BASIC/3.LB+fence.rw.rw+ctrl+addr.litmus
/opt/litmus-tests-riscv/tests/non-mixed-size/SF_THESIS/BASIC/3.LB+fence.rw.rw+ctrl+ctrl.litmus
/opt/litmus-tests-riscv/tests/non-mixed-size/SF_THESIS/BASIC/3.LB+fence.rw.rw+ctrl+ctrlfencei.litmus
/opt/litmus-tests-riscv/tests/non-mixed-size/SF_THESIS/BASIC/3.LB+fence.rw.rw+ctrl+data.litmus
/opt/litmus-tests-riscv/tests/non-mixed-size/SF_THESIS/BASIC/3.LB+fence.rw.rw+ctrl+po.litmus
/opt/litmus-tests-riscv/tests/non-mixed-size/SF_THESIS/BASIC/3.LB+fence.rw.rw+ctrlfencei+addr.litmus
/opt/litmus-tests-riscv/tests/non-mixed-size/SF_THESIS/BASIC/3.LB+fence.rw.rw+ctrlfencei+ctrl.litmus
/opt/litmus-tests-riscv/tests/non-mixed-size/SF_THESIS/BASIC/3.LB+fence.rw.rw+ctrlfencei+ctrlfencei.litmus
/opt/litmus-tests-riscv/tests/non-mixed-size/SF_THESIS/BASIC/3.LB+fence.rw.rw+ctrlfencei+data.litmus
/opt/litmus-tests-riscv/tests/non-mixed-size/SF_THESIS/BASIC/3.LB+fence.rw.rw+ctrlfencei+po.litmus
/opt/litmus-tests-riscv/tests/non-mixed-size/SF_THESIS/BASIC/3.LB+fence.rw.rw+data+addr.litmus
/opt/litmus-tests-riscv/tests/non-mixed-size/SF_THESIS/BASIC/3.LB+fence.rw.rw+data+ctrl.litmus
/opt/litmus-tests-riscv/tests/non-mixed-size/SF_THESIS/BASIC/3.LB+fence.rw.rw+data+ctrlfencei.litmus
/opt/litmus-tests-riscv/tests/non-mixed-size/SF_THESIS/BASIC/3.LB+fence.rw.rw+data+data.litmus
/opt/litmus-tests-riscv/tests/non-mixed-size/SF_THESIS/BASIC/3.LB+fence.rw.rw+data+po.litmus
/opt/litmus-tests-riscv/tests/non-mixed-size/SF_THESIS/BASIC/3.LB+fence.rw.rw+fence.rw.rw+addr.litmus
/opt/litmus-tests-riscv/tests/non-mixed-size/SF_THESIS/BASIC/3.LB+fence.rw.rw+fence.rw.rw+ctrl.litmus
/opt/litmus-tests-riscv/tests/non-mixed-size/SF_THESIS/BASIC/3.LB+fence.rw.rw+fence.rw.rw+ctrlfencei.litmus
/opt/litmus-tests-riscv/tests/non-mixed-size/SF_THESIS/BASIC/3.LB+fence.rw.rw+fence.rw.rw+data.litmus
/opt/litmus-tests-riscv/tests/non-mixed-size/SF_THESIS/BASIC/3.LB+fence.rw.rw+fence.rw.rw+po.litmus
/opt/litmus-tests-riscv/tests/non-mixed-size/SF_THESIS/BASIC/3.LB+fence.rw.rw+po+addr.litmus
/opt/litmus-tests-riscv/tests/non-mixed-size/SF_THESIS/BASIC/3.LB+fence.rw.rw+po+ctrl.litmus
/opt/litmus-tests-riscv/tests/non-mixed-size/SF_THESIS/BASIC/3.LB+fence.rw.rw+po+ctrlfencei.litmus
/opt/litmus-tests-riscv/tests/non-mixed-size/SF_THESIS/BASIC/3.LB+fence.rw.rw+po+data.litmus
/opt/litmus-tests-riscv/tests/non-mixed-size/SF_THESIS/BASIC/3.LB+fence.rw.rw+po+po.litmus
/opt/litmus-tests-riscv/tests/non-mixed-size/SF_THESIS/BASIC/3.LB+fence.rw.rws.litmus
/opt/litmus-tests-riscv/tests/non-mixed-size/SF_THESIS/BASIC/3.LB.litmus
/opt/litmus-tests-riscv/tests/non-mixed-size/SF_THESIS/BASIC/3.SB+fence.rw.rw+fence.rw.rw+po.litmus
/opt/litmus-tests-riscv/tests/non-mixed-size/SF_THESIS/BASIC/3.SB+fence.rw.rw+po+po.litmus
/opt/litmus-tests-riscv/tests/non-mixed-size/SF_THESIS/BASIC/3.SB+fence.rw.rws.litmus
/opt/litmus-tests-riscv/tests/non-mixed-size/SF_THESIS/BASIC/3.SB.litmus
/opt/litmus-tests-riscv/tests/non-mixed-size/SF_THESIS/BASIC/ISA2+fence.rw.rw+addr+addr.litmus
/opt/litmus-tests-riscv/tests/non-mixed-size/SF_THESIS/BASIC/ISA2+fence.rw.rw+addr+ctrl.litmus
/opt/litmus-tests-riscv/tests/non-mixed-size/SF_THESIS/BASIC/ISA2+fence.rw.rw+addr+ctrlfencei.litmus
/opt/litmus-tests-riscv/tests/non-mixed-size/SF_THESIS/BASIC/ISA2+fence.rw.rw+addr+fence.rw.rw.litmus
/opt/litmus-tests-riscv/tests/non-mixed-size/SF_THESIS/BASIC/ISA2+fence.rw.rw+addr+po.litmus
/opt/litmus-tests-riscv/tests/non-mixed-size/SF_THESIS/BASIC/ISA2+fence.rw.rw+ctrl+addr.litmus
/opt/litmus-tests-riscv/tests/non-mixed-size/SF_THESIS/BASIC/ISA2+fence.rw.rw+ctrl+ctrl.litmus
/opt/litmus-tests-riscv/tests/non-mixed-size/SF_THESIS/BASIC/ISA2+fence.rw.rw+ctrl+ctrlfencei.litmus
/opt/litmus-tests-riscv/tests/non-mixed-size/SF_THESIS/BASIC/ISA2+fence.rw.rw+ctrl+fence.rw.rw.litmus
/opt/litmus-tests-riscv/tests/non-mixed-size/SF_THESIS/BASIC/ISA2+fence.rw.rw+ctrl+po.litmus
/opt/litmus-tests-riscv/tests/non-mixed-size/SF_THESIS/BASIC/ISA2+fence.rw.rw+ctrlfencei+addr.litmus
/opt/litmus-tests-riscv/tests/non-mixed-size/SF_THESIS/BASIC/ISA2+fence.rw.rw+ctrlfencei+ctrl.litmus
/opt/litmus-tests-riscv/tests/non-mixed-size/SF_THESIS/BASIC/ISA2+fence.rw.rw+ctrlfencei+ctrlfencei.litmus
/opt/litmus-tests-riscv/tests/non-mixed-size/SF_THESIS/BASIC/ISA2+fence.rw.rw+ctrlfencei+fence.rw.rw.litmus
/opt/litmus-tests-riscv/tests/non-mixed-size/SF_THESIS/BASIC/ISA2+fence.rw.rw+ctrlfencei+po.litmus
/opt/litmus-tests-riscv/tests/non-mixed-size/SF_THESIS/BASIC/ISA2+fence.rw.rw+data+addr.litmus
/opt/litmus-tests-riscv/tests/non-mixed-size/SF_THESIS/BASIC/ISA2+fence.rw.rw+data+ctrl.litmus
/opt/litmus-tests-riscv/tests/non-mixed-size/SF_THESIS/BASIC/ISA2+fence.rw.rw+data+ctrlfencei.litmus
/opt/litmus-tests-riscv/tests/non-mixed-size/SF_THESIS/BASIC/ISA2+fence.rw.rw+data+fence.rw.rw.litmus
/opt/litmus-tests-riscv/tests/non-mixed-size/SF_THESIS/BASIC/ISA2+fence.rw.rw+data+po.litmus
/opt/litmus-tests-riscv/tests/non-mixed-size/SF_THESIS/BASIC/ISA2+fence.rw.rw+fence.rw.rw+addr.litmus
/opt/litmus-tests-riscv/tests/non-mixed-size/SF_THESIS/BASIC/ISA2+fence.rw.rw+fence.rw.rw+ctrl.litmus
/opt/litmus-tests-riscv/tests/non-mixed-size/SF_THESIS/BASIC/ISA2+fence.rw.rw+fence.rw.rw+ctrlfencei.litmus
/opt/litmus-tests-riscv/tests/non-mixed-size/SF_THESIS/BASIC/ISA2+fence.rw.rw+fence.rw.rw+po.litmus
/opt/litmus-tests-riscv/tests/non-mixed-size/SF_THESIS/BASIC/ISA2+fence.rw.rw+po+addr.litmus
/opt/litmus-tests-riscv/tests/non-mixed-size/SF_THESIS/BASIC/ISA2+fence.rw.rw+po+ctrl.litmus
/opt/litmus-tests-riscv/tests/non-mixed-size/SF_THESIS/BASIC/ISA2+fence.rw.rw+po+ctrlfencei.litmus
/opt/litmus-tests-riscv/tests/non-mixed-size/SF_THESIS/BASIC/ISA2+fence.rw.rw+po+fence.rw.rw.litmus
/opt/litmus-tests-riscv/tests/non-mixed-size/SF_THESIS/BASIC/ISA2+fence.rw.rw+po+po.litmus
/opt/litmus-tests-riscv/tests/non-mixed-size/SF_THESIS/BASIC/ISA2+fence.rw.rws.litmus
/opt/litmus-tests-riscv/tests/non-mixed-size/SF_THESIS/BASIC/ISA2+po+addr+addr.litmus
/opt/litmus-tests-riscv/tests/non-mixed-size/SF_THESIS/BASIC/ISA2+po+addr+ctrl.litmus
/opt/litmus-tests-riscv/tests/non-mixed-size/SF_THESIS/BASIC/ISA2+po+addr+ctrlfencei.litmus
/opt/litmus-tests-riscv/tests/non-mixed-size/SF_THESIS/BASIC/ISA2+po+addr+fence.rw.rw.litmus
/opt/litmus-tests-riscv/tests/non-mixed-size/SF_THESIS/BASIC/ISA2+po+addr+po.litmus
/opt/litmus-tests-riscv/tests/non-mixed-size/SF_THESIS/BASIC/ISA2+po+ctrl+addr.litmus
/opt/litmus-tests-riscv/tests/non-mixed-size/SF_THESIS/BASIC/ISA2+po+ctrl+ctrl.litmus
/opt/litmus-tests-riscv/tests/non-mixed-size/SF_THESIS/BASIC/ISA2+po+ctrl+ctrlfencei.litmus
/opt/litmus-tests-riscv/tests/non-mixed-size/SF_THESIS/BASIC/ISA2+po+ctrl+fence.rw.rw.litmus
/opt/litmus-tests-riscv/tests/non-mixed-size/SF_THESIS/BASIC/ISA2+po+ctrl+po.litmus
/opt/litmus-tests-riscv/tests/non-mixed-size/SF_THESIS/BASIC/ISA2+po+ctrlfencei+addr.litmus
/opt/litmus-tests-riscv/tests/non-mixed-size/SF_THESIS/BASIC/ISA2+po+ctrlfencei+ctrl.litmus
/opt/litmus-tests-riscv/tests/non-mixed-size/SF_THESIS/BASIC/ISA2+po+ctrlfencei+ctrlfencei.litmus
/opt/litmus-tests-riscv/tests/non-mixed-size/SF_THESIS/BASIC/ISA2+po+ctrlfencei+fence.rw.rw.litmus
/opt/litmus-tests-riscv/tests/non-mixed-size/SF_THESIS/BASIC/ISA2+po+ctrlfencei+po.litmus
/opt/litmus-tests-riscv/tests/non-mixed-size/SF_THESIS/BASIC/ISA2+po+data+addr.litmus
/opt/litmus-tests-riscv/tests/non-mixed-size/SF_THESIS/BASIC/ISA2+po+data+ctrl.litmus
/opt/litmus-tests-riscv/tests/non-mixed-size/SF_THESIS/BASIC/ISA2+po+data+ctrlfencei.litmus
/opt/litmus-tests-riscv/tests/non-mixed-size/SF_THESIS/BASIC/ISA2+po+data+fence.rw.rw.litmus
/opt/litmus-tests-riscv/tests/non-mixed-size/SF_THESIS/BASIC/ISA2+po+data+po.litmus
/opt/litmus-tests-riscv/tests/non-mixed-size/SF_THESIS/BASIC/ISA2+po+fence.rw.rw+addr.litmus
/opt/litmus-tests-riscv/tests/non-mixed-size/SF_THESIS/BASIC/ISA2+po+fence.rw.rw+ctrl.litmus
/opt/litmus-tests-riscv/tests/non-mixed-size/SF_THESIS/BASIC/ISA2+po+fence.rw.rw+ctrlfencei.litmus
/opt/litmus-tests-riscv/tests/non-mixed-size/SF_THESIS/BASIC/ISA2+po+fence.rw.rw+fence.rw.rw.litmus
/opt/litmus-tests-riscv/tests/non-mixed-size/SF_THESIS/BASIC/ISA2+po+fence.rw.rw+po.litmus
/opt/litmus-tests-riscv/tests/non-mixed-size/SF_THESIS/BASIC/ISA2+po+po+addr.litmus
/opt/litmus-tests-riscv/tests/non-mixed-size/SF_THESIS/BASIC/ISA2+po+po+ctrl.litmus
/opt/litmus-tests-riscv/tests/non-mixed-size/SF_THESIS/BASIC/ISA2+po+po+ctrlfencei.litmus
/opt/litmus-tests-riscv/tests/non-mixed-size/SF_THESIS/BASIC/ISA2+po+po+fence.rw.rw.litmus
/opt/litmus-tests-riscv/tests/non-mixed-size/SF_THESIS/BASIC/ISA2.litmus
/opt/litmus-tests-riscv/tests/non-mixed-size/SF_THESIS/BASIC/LB+addr+ctrl.litmus
/opt/litmus-tests-riscv/tests/non-mixed-size/SF_THESIS/BASIC/LB+addr+ctrlfencei.litmus
/opt/litmus-tests-riscv/tests/non-mixed-size/SF_THESIS/BASIC/LB+addr+data.litmus
/opt/litmus-tests-riscv/tests/non-mixed-size/SF_THESIS/BASIC/LB+addr+po.litmus
/opt/litmus-tests-riscv/tests/non-mixed-size/SF_THESIS/BASIC/LB+addrs.litmus
/opt/litmus-tests-riscv/tests/non-mixed-size/SF_THESIS/BASIC/LB+ctrl+ctrlfencei.litmus
/opt/litmus-tests-riscv/tests/non-mixed-size/SF_THESIS/BASIC/LB+ctrl+po.litmus
/opt/litmus-tests-riscv/tests/non-mixed-size/SF_THESIS/BASIC/LB+ctrlfencei+po.litmus
/opt/litmus-tests-riscv/tests/non-mixed-size/SF_THESIS/BASIC/LB+ctrlfenceis.litmus
/opt/litmus-tests-riscv/tests/non-mixed-size/SF_THESIS/BASIC/LB+ctrls.litmus
/opt/litmus-tests-riscv/tests/non-mixed-size/SF_THESIS/BASIC/LB+data+ctrl.litmus
/opt/litmus-tests-riscv/tests/non-mixed-size/SF_THESIS/BASIC/LB+data+ctrlfencei.litmus
/opt/litmus-tests-riscv/tests/non-mixed-size/SF_THESIS/BASIC/LB+data+po.litmus
/opt/litmus-tests-riscv/tests/non-mixed-size/SF_THESIS/BASIC/LB+datas.litmus
/opt/litmus-tests-riscv/tests/non-mixed-size/SF_THESIS/BASIC/LB+fence.rw.rw+addr.litmus
/opt/litmus-tests-riscv/tests/non-mixed-size/SF_THESIS/BASIC/LB+fence.rw.rw+ctrl.litmus
/opt/litmus-tests-riscv/tests/non-mixed-size/SF_THESIS/BASIC/LB+fence.rw.rw+ctrlfencei.litmus
/opt/litmus-tests-riscv/tests/non-mixed-size/SF_THESIS/BASIC/LB+fence.rw.rw+data.litmus
/opt/litmus-tests-riscv/tests/non-mixed-size/SF_THESIS/BASIC/LB+fence.rw.rw+po.litmus
/opt/litmus-tests-riscv/tests/non-mixed-size/SF_THESIS/BASIC/LB+fence.rw.rws.litmus
/opt/litmus-tests-riscv/tests/non-mixed-size/SF_THESIS/BASIC/LB.litmus
/opt/litmus-tests-riscv/tests/non-mixed-size/SF_THESIS/BASIC/MP+fence.rw.rw+addr.litmus
/opt/litmus-tests-riscv/tests/non-mixed-size/SF_THESIS/BASIC/MP+fence.rw.rw+ctrl.litmus
/opt/litmus-tests-riscv/tests/non-mixed-size/SF_THESIS/BASIC/MP+fence.rw.rw+ctrlfencei.litmus
/opt/litmus-tests-riscv/tests/non-mixed-size/SF_THESIS/BASIC/MP+fence.rw.rw+po.litmus
/opt/litmus-tests-riscv/tests/non-mixed-size/SF_THESIS/BASIC/MP+fence.rw.rws.litmus
/opt/litmus-tests-riscv/tests/non-mixed-size/SF_THESIS/BASIC/MP+po+addr.litmus
/opt/litmus-tests-riscv/tests/non-mixed-size/SF_THESIS/BASIC/MP+po+ctrl.litmus
/opt/litmus-tests-riscv/tests/non-mixed-size/SF_THESIS/BASIC/MP+po+ctrlfencei.litmus
/opt/litmus-tests-riscv/tests/non-mixed-size/SF_THESIS/BASIC/MP+po+fence.rw.rw.litmus
/opt/litmus-tests-riscv/tests/non-mixed-size/SF_THESIS/BASIC/MP.litmus
/opt/litmus-tests-riscv/tests/non-mixed-size/SF_THESIS/BASIC/R+fence.rw.rw+po.litmus
/opt/litmus-tests-riscv/tests/non-mixed-size/SF_THESIS/BASIC/R+fence.rw.rws.litmus
/opt/litmus-tests-riscv/tests/non-mixed-size/SF_THESIS/BASIC/R+po+fence.rw.rw.litmus
/opt/litmus-tests-riscv/tests/non-mixed-size/SF_THESIS/BASIC/R.litmus
/opt/litmus-tests-riscv/tests/non-mixed-size/SF_THESIS/BASIC/RWC+addr+fence.rw.rw.litmus
/opt/litmus-tests-riscv/tests/non-mixed-size/SF_THESIS/BASIC/RWC+addr+po.litmus
/opt/litmus-tests-riscv/tests/non-mixed-size/SF_THESIS/BASIC/RWC+ctrl+fence.rw.rw.litmus
/opt/litmus-tests-riscv/tests/non-mixed-size/SF_THESIS/BASIC/RWC+ctrl+po.litmus
/opt/litmus-tests-riscv/tests/non-mixed-size/SF_THESIS/BASIC/RWC+ctrlfencei+fence.rw.rw.litmus
/opt/litmus-tests-riscv/tests/non-mixed-size/SF_THESIS/BASIC/RWC+ctrlfencei+po.litmus
/opt/litmus-tests-riscv/tests/non-mixed-size/SF_THESIS/BASIC/RWC+fence.rw.rw+po.litmus
/opt/litmus-tests-riscv/tests/non-mixed-size/SF_THESIS/BASIC/RWC+fence.rw.rws.litmus
/opt/litmus-tests-riscv/tests/non-mixed-size/SF_THESIS/BASIC/RWC+po+fence.rw.rw.litmus
/opt/litmus-tests-riscv/tests/non-mixed-size/SF_THESIS/BASIC/RWC.litmus
/opt/litmus-tests-riscv/tests/non-mixed-size/SF_THESIS/BASIC/S+fence.rw.rw+addr.litmus
/opt/litmus-tests-riscv/tests/non-mixed-size/SF_THESIS/BASIC/S+fence.rw.rw+ctrl.litmus
/opt/litmus-tests-riscv/tests/non-mixed-size/SF_THESIS/BASIC/S+fence.rw.rw+ctrlfencei.litmus
/opt/litmus-tests-riscv/tests/non-mixed-size/SF_THESIS/BASIC/S+fence.rw.rw+data.litmus
/opt/litmus-tests-riscv/tests/non-mixed-size/SF_THESIS/BASIC/S+fence.rw.rw+po.litmus
/opt/litmus-tests-riscv/tests/non-mixed-size/SF_THESIS/BASIC/S+fence.rw.rws.litmus
/opt/litmus-tests-riscv/tests/non-mixed-size/SF_THESIS/BASIC/S+po+addr.litmus
/opt/litmus-tests-riscv/tests/non-mixed-size/SF_THESIS/BASIC/S+po+ctrl.litmus
/opt/litmus-tests-riscv/tests/non-mixed-size/SF_THESIS/BASIC/S+po+ctrlfencei.litmus
/opt/litmus-tests-riscv/tests/non-mixed-size/SF_THESIS/BASIC/S+po+data.litmus
/opt/litmus-tests-riscv/tests/non-mixed-size/SF_THESIS/BASIC/S+po+fence.rw.rw.litmus
/opt/litmus-tests-riscv/tests/non-mixed-size/SF_THESIS/BASIC/S.litmus
/opt/litmus-tests-riscv/tests/non-mixed-size/SF_THESIS/BASIC/SB+fence.rw.rw+po.litmus
/opt/litmus-tests-riscv/tests/non-mixed-size/SF_THESIS/BASIC/SB+fence.rw.rws.litmus
/opt/litmus-tests-riscv/tests/non-mixed-size/SF_THESIS/BASIC/SB.litmus
/opt/litmus-tests-riscv/tests/non-mixed-size/SF_THESIS/BASIC/W+RWC+fence.rw.rw+addr+fence.rw.rw.litmus
/opt/litmus-tests-riscv/tests/non-mixed-size/SF_THESIS/BASIC/W+RWC+fence.rw.rw+addr+po.litmus
/opt/litmus-tests-riscv/tests/non-mixed-size/SF_THESIS/BASIC/W+RWC+fence.rw.rw+ctrl+fence.rw.rw.litmus
/opt/litmus-tests-riscv/tests/non-mixed-size/SF_THESIS/BASIC/W+RWC+fence.rw.rw+ctrl+po.litmus
/opt/litmus-tests-riscv/tests/non-mixed-size/SF_THESIS/BASIC/W+RWC+fence.rw.rw+ctrlfencei+fence.rw.rw.litmus
/opt/litmus-tests-riscv/tests/non-mixed-size/SF_THESIS/BASIC/W+RWC+fence.rw.rw+ctrlfencei+po.litmus
/opt/litmus-tests-riscv/tests/non-mixed-size/SF_THESIS/BASIC/W+RWC+fence.rw.rw+fence.rw.rw+po.litmus
/opt/litmus-tests-riscv/tests/non-mixed-size/SF_THESIS/BASIC/W+RWC+fence.rw.rw+po+fence.rw.rw.litmus
/opt/litmus-tests-riscv/tests/non-mixed-size/SF_THESIS/BASIC/W+RWC+fence.rw.rw+po+po.litmus
/opt/litmus-tests-riscv/tests/non-mixed-size/SF_THESIS/BASIC/W+RWC+fence.rw.rws.litmus
/opt/litmus-tests-riscv/tests/non-mixed-size/SF_THESIS/BASIC/W+RWC+po+addr+fence.rw.rw.litmus
/opt/litmus-tests-riscv/tests/non-mixed-size/SF_THESIS/BASIC/W+RWC+po+addr+po.litmus
/opt/litmus-tests-riscv/tests/non-mixed-size/SF_THESIS/BASIC/W+RWC+po+ctrl+fence.rw.rw.litmus
/opt/litmus-tests-riscv/tests/non-mixed-size/SF_THESIS/BASIC/W+RWC+po+ctrl+po.litmus
/opt/litmus-tests-riscv/tests/non-mixed-size/SF_THESIS/BASIC/W+RWC+po+ctrlfencei+fence.rw.rw.litmus
/opt/litmus-tests-riscv/tests/non-mixed-size/SF_THESIS/BASIC/W+RWC+po+ctrlfencei+po.litmus
/opt/litmus-tests-riscv/tests/non-mixed-size/SF_THESIS/BASIC/W+RWC+po+fence.rw.rw+fence.rw.rw.litmus
/opt/litmus-tests-riscv/tests/non-mixed-size/SF_THESIS/BASIC/W+RWC+po+fence.rw.rw+po.litmus
/opt/litmus-tests-riscv/tests/non-mixed-size/SF_THESIS/BASIC/W+RWC+po+po+fence.rw.rw.litmus
/opt/litmus-tests-riscv/tests/non-mixed-size/SF_THESIS/BASIC/W+RWC.litmus
/opt/litmus-tests-riscv/tests/non-mixed-size/SF_THESIS/BASIC/WRC+addr+ctrl.litmus
/opt/litmus-tests-riscv/tests/non-mixed-size/SF_THESIS/BASIC/WRC+addr+ctrlfencei.litmus
/opt/litmus-tests-riscv/tests/non-mixed-size/SF_THESIS/BASIC/WRC+addr+fence.rw.rw.litmus
/opt/litmus-tests-riscv/tests/non-mixed-size/SF_THESIS/BASIC/WRC+addr+po.litmus
/opt/litmus-tests-riscv/tests/non-mixed-size/SF_THESIS/BASIC/WRC+addrs.litmus
/opt/litmus-tests-riscv/tests/non-mixed-size/SF_THESIS/BASIC/WRC+ctrl+addr.litmus
/opt/litmus-tests-riscv/tests/non-mixed-size/SF_THESIS/BASIC/WRC+ctrl+ctrlfencei.litmus
/opt/litmus-tests-riscv/tests/non-mixed-size/SF_THESIS/BASIC/WRC+ctrl+fence.rw.rw.litmus
/opt/litmus-tests-riscv/tests/non-mixed-size/SF_THESIS/BASIC/WRC+ctrl+po.litmus
/opt/litmus-tests-riscv/tests/non-mixed-size/SF_THESIS/BASIC/WRC+ctrlfencei+addr.litmus
/opt/litmus-tests-riscv/tests/non-mixed-size/SF_THESIS/BASIC/WRC+ctrlfencei+ctrl.litmus
/opt/litmus-tests-riscv/tests/non-mixed-size/SF_THESIS/BASIC/WRC+ctrlfencei+fence.rw.rw.litmus
/opt/litmus-tests-riscv/tests/non-mixed-size/SF_THESIS/BASIC/WRC+ctrlfencei+po.litmus
/opt/litmus-tests-riscv/tests/non-mixed-size/SF_THESIS/BASIC/WRC+ctrlfenceis.litmus
/opt/litmus-tests-riscv/tests/non-mixed-size/SF_THESIS/BASIC/WRC+ctrls.litmus
/opt/litmus-tests-riscv/tests/non-mixed-size/SF_THESIS/BASIC/WRC+data+addr.litmus
/opt/litmus-tests-riscv/tests/non-mixed-size/SF_THESIS/BASIC/WRC+data+ctrl.litmus
/opt/litmus-tests-riscv/tests/non-mixed-size/SF_THESIS/BASIC/WRC+data+ctrlfencei.litmus
/opt/litmus-tests-riscv/tests/non-mixed-size/SF_THESIS/BASIC/WRC+data+fence.rw.rw.litmus
/opt/litmus-tests-riscv/tests/non-mixed-size/SF_THESIS/BASIC/WRC+data+po.litmus
/opt/litmus-tests-riscv/tests/non-mixed-size/SF_THESIS/BASIC/WRC+fence.rw.rw+addr.litmus
/opt/litmus-tests-riscv/tests/non-mixed-size/SF_THESIS/BASIC/WRC+fence.rw.rw+ctrl.litmus
/opt/litmus-tests-riscv/tests/non-mixed-size/SF_THESIS/BASIC/WRC+fence.rw.rw+ctrlfencei.litmus
/opt/litmus-tests-riscv/tests/non-mixed-size/SF_THESIS/BASIC/WRC+fence.rw.rw+po.litmus
/opt/litmus-tests-riscv/tests/non-mixed-size/SF_THESIS/BASIC/WRC+fence.rw.rws.litmus
/opt/litmus-tests-riscv/tests/non-mixed-size/SF_THESIS/BASIC/WRC+po+addr.litmus
/opt/litmus-tests-riscv/tests/non-mixed-size/SF_THESIS/BASIC/WRC+po+ctrl.litmus
/opt/litmus-tests-riscv/tests/non-mixed-size/SF_THESIS/BASIC/WRC+po+ctrlfencei.litmus
/opt/litmus-tests-riscv/tests/non-mixed-size/SF_THESIS/BASIC/WRC+po+fence.rw.rw.litmus
/opt/litmus-tests-riscv/tests/non-mixed-size/SF_THESIS/BASIC/WRC.litmus
/opt/litmus-tests-riscv/tests/non-mixed-size/SF_THESIS/BASIC/WRR+2W+addr+fence.rw.rw.litmus
/opt/litmus-tests-riscv/tests/non-mixed-size/SF_THESIS/BASIC/WRR+2W+addr+po.litmus
/opt/litmus-tests-riscv/tests/non-mixed-size/SF_THESIS/BASIC/WRR+2W+ctrl+fence.rw.rw.litmus
/opt/litmus-tests-riscv/tests/non-mixed-size/SF_THESIS/BASIC/WRR+2W+ctrl+po.litmus
/opt/litmus-tests-riscv/tests/non-mixed-size/SF_THESIS/BASIC/WRR+2W+ctrlfencei+fence.rw.rw.litmus
/opt/litmus-tests-riscv/tests/non-mixed-size/SF_THESIS/BASIC/WRR+2W+ctrlfencei+po.litmus
/opt/litmus-tests-riscv/tests/non-mixed-size/SF_THESIS/BASIC/WRR+2W+fence.rw.rw+po.litmus
/opt/litmus-tests-riscv/tests/non-mixed-size/SF_THESIS/BASIC/WRR+2W+fence.rw.rws.litmus
/opt/litmus-tests-riscv/tests/non-mixed-size/SF_THESIS/BASIC/WRR+2W+po+fence.rw.rw.litmus
/opt/litmus-tests-riscv/tests/non-mixed-size/SF_THESIS/BASIC/WRR+2W.litmus
/opt/litmus-tests-riscv/tests/non-mixed-size/SF_THESIS/BASIC/WRW+2W+addr+fence.rw.rw.litmus
/opt/litmus-tests-riscv/tests/non-mixed-size/SF_THESIS/BASIC/WRW+2W+addr+po.litmus
/opt/litmus-tests-riscv/tests/non-mixed-size/SF_THESIS/BASIC/WRW+2W+ctrl+fence.rw.rw.litmus
/opt/litmus-tests-riscv/tests/non-mixed-size/SF_THESIS/BASIC/WRW+2W+ctrl+po.litmus
/opt/litmus-tests-riscv/tests/non-mixed-size/SF_THESIS/BASIC/WRW+2W+ctrlfencei+fence.rw.rw.litmus
/opt/litmus-tests-riscv/tests/non-mixed-size/SF_THESIS/BASIC/WRW+2W+ctrlfencei+po.litmus
/opt/litmus-tests-riscv/tests/non-mixed-size/SF_THESIS/BASIC/WRW+2W+data+fence.rw.rw.litmus
/opt/litmus-tests-riscv/tests/non-mixed-size/SF_THESIS/BASIC/WRW+2W+data+po.litmus
/opt/litmus-tests-riscv/tests/non-mixed-size/SF_THESIS/BASIC/WRW+2W+fence.rw.rw+po.litmus
/opt/litmus-tests-riscv/tests/non-mixed-size/SF_THESIS/BASIC/WRW+2W+fence.rw.rws.litmus
/opt/litmus-tests-riscv/tests/non-mixed-size/SF_THESIS/BASIC/WRW+2W+po+fence.rw.rw.litmus
/opt/litmus-tests-riscv/tests/non-mixed-size/SF_THESIS/BASIC/WRW+2W.litmus
/opt/litmus-tests-riscv/tests/non-mixed-size/SF_THESIS/BASIC/WRW+WR+addr+fence.rw.rw.litmus
/opt/litmus-tests-riscv/tests/non-mixed-size/SF_THESIS/BASIC/WRW+WR+addr+po.litmus
/opt/litmus-tests-riscv/tests/non-mixed-size/SF_THESIS/BASIC/WRW+WR+ctrl+fence.rw.rw.litmus
/opt/litmus-tests-riscv/tests/non-mixed-size/SF_THESIS/BASIC/WRW+WR+ctrl+po.litmus
/opt/litmus-tests-riscv/tests/non-mixed-size/SF_THESIS/BASIC/WRW+WR+ctrlfencei+fence.rw.rw.litmus
/opt/litmus-tests-riscv/tests/non-mixed-size/SF_THESIS/BASIC/WRW+WR+ctrlfencei+po.litmus
/opt/litmus-tests-riscv/tests/non-mixed-size/SF_THESIS/BASIC/WRW+WR+data+fence.rw.rw.litmus
/opt/litmus-tests-riscv/tests/non-mixed-size/SF_THESIS/BASIC/WRW+WR+data+po.litmus
/opt/litmus-tests-riscv/tests/non-mixed-size/SF_THESIS/BASIC/WRW+WR+fence.rw.rw+po.litmus
/opt/litmus-tests-riscv/tests/non-mixed-size/SF_THESIS/BASIC/WRW+WR+fence.rw.rws.litmus
/opt/litmus-tests-riscv/tests/non-mixed-size/SF_THESIS/BASIC/WRW+WR+po+fence.rw.rw.litmus
/opt/litmus-tests-riscv/tests/non-mixed-size/SF_THESIS/BASIC/WRW+WR.litmus
/opt/litmus-tests-riscv/tests/non-mixed-size/SF_THESIS/BASIC/WWC+addr+ctrl.litmus
/opt/litmus-tests-riscv/tests/non-mixed-size/SF_THESIS/BASIC/WWC+addr+ctrlfencei.litmus
/opt/litmus-tests-riscv/tests/non-mixed-size/SF_THESIS/BASIC/WWC+addr+data.litmus
/opt/litmus-tests-riscv/tests/non-mixed-size/SF_THESIS/BASIC/WWC+addr+fence.rw.rw.litmus
/opt/litmus-tests-riscv/tests/non-mixed-size/SF_THESIS/BASIC/WWC+addr+po.litmus
/opt/litmus-tests-riscv/tests/non-mixed-size/SF_THESIS/BASIC/WWC+addrs.litmus
/opt/litmus-tests-riscv/tests/non-mixed-size/SF_THESIS/BASIC/WWC+ctrl+addr.litmus
/opt/litmus-tests-riscv/tests/non-mixed-size/SF_THESIS/BASIC/WWC+ctrl+ctrlfencei.litmus
/opt/litmus-tests-riscv/tests/non-mixed-size/SF_THESIS/BASIC/WWC+ctrl+data.litmus
/opt/litmus-tests-riscv/tests/non-mixed-size/SF_THESIS/BASIC/WWC+ctrl+fence.rw.rw.litmus
/opt/litmus-tests-riscv/tests/non-mixed-size/SF_THESIS/BASIC/WWC+ctrl+po.litmus
/opt/litmus-tests-riscv/tests/non-mixed-size/SF_THESIS/BASIC/WWC+ctrlfencei+addr.litmus
/opt/litmus-tests-riscv/tests/non-mixed-size/SF_THESIS/BASIC/WWC+ctrlfencei+ctrl.litmus
/opt/litmus-tests-riscv/tests/non-mixed-size/SF_THESIS/BASIC/WWC+ctrlfencei+data.litmus
/opt/litmus-tests-riscv/tests/non-mixed-size/SF_THESIS/BASIC/WWC+ctrlfencei+fence.rw.rw.litmus
/opt/litmus-tests-riscv/tests/non-mixed-size/SF_THESIS/BASIC/WWC+ctrlfencei+po.litmus
/opt/litmus-tests-riscv/tests/non-mixed-size/SF_THESIS/BASIC/WWC+ctrlfenceis.litmus
/opt/litmus-tests-riscv/tests/non-mixed-size/SF_THESIS/BASIC/WWC+ctrls.litmus
/opt/litmus-tests-riscv/tests/non-mixed-size/SF_THESIS/BASIC/WWC+data+addr.litmus
/opt/litmus-tests-riscv/tests/non-mixed-size/SF_THESIS/BASIC/WWC+data+ctrl.litmus
/opt/litmus-tests-riscv/tests/non-mixed-size/SF_THESIS/BASIC/WWC+data+ctrlfencei.litmus
/opt/litmus-tests-riscv/tests/non-mixed-size/SF_THESIS/BASIC/WWC+data+fence.rw.rw.litmus
/opt/litmus-tests-riscv/tests/non-mixed-size/SF_THESIS/BASIC/WWC+data+po.litmus
/opt/litmus-tests-riscv/tests/non-mixed-size/SF_THESIS/BASIC/WWC+datas.litmus
/opt/litmus-tests-riscv/tests/non-mixed-size/SF_THESIS/BASIC/WWC+fence.rw.rw+addr.litmus
/opt/litmus-tests-riscv/tests/non-mixed-size/SF_THESIS/BASIC/WWC+fence.rw.rw+ctrl.litmus
/opt/litmus-tests-riscv/tests/non-mixed-size/SF_THESIS/BASIC/WWC+fence.rw.rw+ctrlfencei.litmus
/opt/litmus-tests-riscv/tests/non-mixed-size/SF_THESIS/BASIC/WWC+fence.rw.rw+data.litmus
/opt/litmus-tests-riscv/tests/non-mixed-size/SF_THESIS/BASIC/WWC+fence.rw.rw+po.litmus
/opt/litmus-tests-riscv/tests/non-mixed-size/SF_THESIS/BASIC/WWC+fence.rw.rws.litmus
/opt/litmus-tests-riscv/tests/non-mixed-size/SF_THESIS/BASIC/WWC+po+addr.litmus
/opt/litmus-tests-riscv/tests/non-mixed-size/SF_THESIS/BASIC/WWC+po+ctrl.litmus
/opt/litmus-tests-riscv/tests/non-mixed-size/SF_THESIS/BASIC/WWC+po+ctrlfencei.litmus
/opt/litmus-tests-riscv/tests/non-mixed-size/SF_THESIS/BASIC/WWC+po+data.litmus
/opt/litmus-tests-riscv/tests/non-mixed-size/SF_THESIS/BASIC/WWC+po+fence.rw.rw.litmus
/opt/litmus-tests-riscv/tests/non-mixed-size/SF_THESIS/BASIC/WWC.litmus
/opt/litmus-tests-riscv/tests/non-mixed-size/SF_THESIS/BASIC/Z6.0+fence.rw.rw+addr+fence.rw.rw.litmus
/opt/litmus-tests-riscv/tests/non-mixed-size/SF_THESIS/BASIC/Z6.0+fence.rw.rw+addr+po.litmus
/opt/litmus-tests-riscv/tests/non-mixed-size/SF_THESIS/BASIC/Z6.0+fence.rw.rw+ctrl+fence.rw.rw.litmus
/opt/litmus-tests-riscv/tests/non-mixed-size/SF_THESIS/BASIC/Z6.0+fence.rw.rw+ctrl+po.litmus
/opt/litmus-tests-riscv/tests/non-mixed-size/SF_THESIS/BASIC/Z6.0+fence.rw.rw+ctrlfencei+fence.rw.rw.litmus
/opt/litmus-tests-riscv/tests/non-mixed-size/SF_THESIS/BASIC/Z6.0+fence.rw.rw+ctrlfencei+po.litmus
/opt/litmus-tests-riscv/tests/non-mixed-size/SF_THESIS/BASIC/Z6.0+fence.rw.rw+data+fence.rw.rw.litmus
/opt/litmus-tests-riscv/tests/non-mixed-size/SF_THESIS/BASIC/Z6.0+fence.rw.rw+data+po.litmus
/opt/litmus-tests-riscv/tests/non-mixed-size/SF_THESIS/BASIC/Z6.0+fence.rw.rw+fence.rw.rw+po.litmus
/opt/litmus-tests-riscv/tests/non-mixed-size/SF_THESIS/BASIC/Z6.0+fence.rw.rw+po+fence.rw.rw.litmus
/opt/litmus-tests-riscv/tests/non-mixed-size/SF_THESIS/BASIC/Z6.0+fence.rw.rw+po+po.litmus
/opt/litmus-tests-riscv/tests/non-mixed-size/SF_THESIS/BASIC/Z6.0+fence.rw.rws.litmus
/opt/litmus-tests-riscv/tests/non-mixed-size/SF_THESIS/BASIC/Z6.0+po+addr+fence.rw.rw.litmus
/opt/litmus-tests-riscv/tests/non-mixed-size/SF_THESIS/BASIC/Z6.0+po+addr+po.litmus
/opt/litmus-tests-riscv/tests/non-mixed-size/SF_THESIS/BASIC/Z6.0+po+ctrl+fence.rw.rw.litmus
/opt/litmus-tests-riscv/tests/non-mixed-size/SF_THESIS/BASIC/Z6.0+po+ctrl+po.litmus
/opt/litmus-tests-riscv/tests/non-mixed-size/SF_THESIS/BASIC/Z6.0+po+ctrlfencei+fence.rw.rw.litmus
/opt/litmus-tests-riscv/tests/non-mixed-size/SF_THESIS/BASIC/Z6.0+po+ctrlfencei+po.litmus
/opt/litmus-tests-riscv/tests/non-mixed-size/SF_THESIS/BASIC/Z6.0+po+data+fence.rw.rw.litmus
/opt/litmus-tests-riscv/tests/non-mixed-size/SF_THESIS/BASIC/Z6.0+po+data+po.litmus
/opt/litmus-tests-riscv/tests/non-mixed-size/SF_THESIS/BASIC/Z6.0+po+fence.rw.rw+fence.rw.rw.litmus
/opt/litmus-tests-riscv/tests/non-mixed-size/SF_THESIS/BASIC/Z6.0+po+fence.rw.rw+po.litmus
/opt/litmus-tests-riscv/tests/non-mixed-size/SF_THESIS/BASIC/Z6.0+po+po+fence.rw.rw.litmus
/opt/litmus-tests-riscv/tests/non-mixed-size/SF_THESIS/BASIC/Z6.0.litmus
/opt/litmus-tests-riscv/tests/non-mixed-size/SF_THESIS/BASIC/Z6.1+fence.rw.rw+fence.rw.rw+addr.litmus
/opt/litmus-tests-riscv/tests/non-mixed-size/SF_THESIS/BASIC/Z6.1+fence.rw.rw+fence.rw.rw+ctrl.litmus
/opt/litmus-tests-riscv/tests/non-mixed-size/SF_THESIS/BASIC/Z6.1+fence.rw.rw+fence.rw.rw+ctrlfencei.litmus
/opt/litmus-tests-riscv/tests/non-mixed-size/SF_THESIS/BASIC/Z6.1+fence.rw.rw+fence.rw.rw+data.litmus
/opt/litmus-tests-riscv/tests/non-mixed-size/SF_THESIS/BASIC/Z6.1+fence.rw.rw+fence.rw.rw+po.litmus
/opt/litmus-tests-riscv/tests/non-mixed-size/SF_THESIS/BASIC/Z6.1+fence.rw.rw+po+addr.litmus
/opt/litmus-tests-riscv/tests/non-mixed-size/SF_THESIS/BASIC/Z6.1+fence.rw.rw+po+ctrl.litmus
/opt/litmus-tests-riscv/tests/non-mixed-size/SF_THESIS/BASIC/Z6.1+fence.rw.rw+po+ctrlfencei.litmus
/opt/litmus-tests-riscv/tests/non-mixed-size/SF_THESIS/BASIC/Z6.1+fence.rw.rw+po+data.litmus
/opt/litmus-tests-riscv/tests/non-mixed-size/SF_THESIS/BASIC/Z6.1+fence.rw.rw+po+fence.rw.rw.litmus
/opt/litmus-tests-riscv/tests/non-mixed-size/SF_THESIS/BASIC/Z6.1+fence.rw.rw+po+po.litmus
/opt/litmus-tests-riscv/tests/non-mixed-size/SF_THESIS/BASIC/Z6.1+fence.rw.rws.litmus
/opt/litmus-tests-riscv/tests/non-mixed-size/SF_THESIS/BASIC/Z6.1+po+fence.rw.rw+addr.litmus
/opt/litmus-tests-riscv/tests/non-mixed-size/SF_THESIS/BASIC/Z6.1+po+fence.rw.rw+ctrl.litmus
/opt/litmus-tests-riscv/tests/non-mixed-size/SF_THESIS/BASIC/Z6.1+po+fence.rw.rw+ctrlfencei.litmus
/opt/litmus-tests-riscv/tests/non-mixed-size/SF_THESIS/BASIC/Z6.1+po+fence.rw.rw+data.litmus
/opt/litmus-tests-riscv/tests/non-mixed-size/SF_THESIS/BASIC/Z6.1+po+fence.rw.rw+fence.rw.rw.litmus
/opt/litmus-tests-riscv/tests/non-mixed-size/SF_THESIS/BASIC/Z6.1+po+fence.rw.rw+po.litmus
/opt/litmus-tests-riscv/tests/non-mixed-size/SF_THESIS/BASIC/Z6.1+po+po+addr.litmus
/opt/litmus-tests-riscv/tests/non-mixed-size/SF_THESIS/BASIC/Z6.1+po+po+ctrl.litmus
/opt/litmus-tests-riscv/tests/non-mixed-size/SF_THESIS/BASIC/Z6.1+po+po+ctrlfencei.litmus
/opt/litmus-tests-riscv/tests/non-mixed-size/SF_THESIS/BASIC/Z6.1+po+po+data.litmus
/opt/litmus-tests-riscv/tests/non-mixed-size/SF_THESIS/BASIC/Z6.1+po+po+fence.rw.rw.litmus
/opt/litmus-tests-riscv/tests/non-mixed-size/SF_THESIS/BASIC/Z6.1.litmus
/opt/litmus-tests-riscv/tests/non-mixed-size/SF_THESIS/BASIC/Z6.2+fence.rw.rw+addr+addr.litmus
/opt/litmus-tests-riscv/tests/non-mixed-size/SF_THESIS/BASIC/Z6.2+fence.rw.rw+addr+ctrl.litmus
/opt/litmus-tests-riscv/tests/non-mixed-size/SF_THESIS/BASIC/Z6.2+fence.rw.rw+addr+ctrlfencei.litmus
/opt/litmus-tests-riscv/tests/non-mixed-size/SF_THESIS/BASIC/Z6.2+fence.rw.rw+addr+data.litmus
/opt/litmus-tests-riscv/tests/non-mixed-size/SF_THESIS/BASIC/Z6.2+fence.rw.rw+addr+fence.rw.rw.litmus
/opt/litmus-tests-riscv/tests/non-mixed-size/SF_THESIS/BASIC/Z6.2+fence.rw.rw+addr+po.litmus
/opt/litmus-tests-riscv/tests/non-mixed-size/SF_THESIS/BASIC/Z6.2+fence.rw.rw+ctrl+addr.litmus
/opt/litmus-tests-riscv/tests/non-mixed-size/SF_THESIS/BASIC/Z6.2+fence.rw.rw+ctrl+ctrl.litmus
/opt/litmus-tests-riscv/tests/non-mixed-size/SF_THESIS/BASIC/Z6.2+fence.rw.rw+ctrl+ctrlfencei.litmus
/opt/litmus-tests-riscv/tests/non-mixed-size/SF_THESIS/BASIC/Z6.2+fence.rw.rw+ctrl+data.litmus
/opt/litmus-tests-riscv/tests/non-mixed-size/SF_THESIS/BASIC/Z6.2+fence.rw.rw+ctrl+fence.rw.rw.litmus
/opt/litmus-tests-riscv/tests/non-mixed-size/SF_THESIS/BASIC/Z6.2+fence.rw.rw+ctrl+po.litmus
/opt/litmus-tests-riscv/tests/non-mixed-size/SF_THESIS/BASIC/Z6.2+fence.rw.rw+ctrlfencei+addr.litmus
/opt/litmus-tests-riscv/tests/non-mixed-size/SF_THESIS/BASIC/Z6.2+fence.rw.rw+ctrlfencei+ctrl.litmus
/opt/litmus-tests-riscv/tests/non-mixed-size/SF_THESIS/BASIC/Z6.2+fence.rw.rw+ctrlfencei+ctrlfencei.litmus
/opt/litmus-tests-riscv/tests/non-mixed-size/SF_THESIS/BASIC/Z6.2+fence.rw.rw+ctrlfencei+data.litmus
/opt/litmus-tests-riscv/tests/non-mixed-size/SF_THESIS/BASIC/Z6.2+fence.rw.rw+ctrlfencei+fence.rw.rw.litmus
/opt/litmus-tests-riscv/tests/non-mixed-size/SF_THESIS/BASIC/Z6.2+fence.rw.rw+ctrlfencei+po.litmus
/opt/litmus-tests-riscv/tests/non-mixed-size/SF_THESIS/BASIC/Z6.2+fence.rw.rw+data+addr.litmus
/opt/litmus-tests-riscv/tests/non-mixed-size/SF_THESIS/BASIC/Z6.2+fence.rw.rw+data+ctrl.litmus
/opt/litmus-tests-riscv/tests/non-mixed-size/SF_THESIS/BASIC/Z6.2+fence.rw.rw+data+ctrlfencei.litmus
/opt/litmus-tests-riscv/tests/non-mixed-size/SF_THESIS/BASIC/Z6.2+fence.rw.rw+data+data.litmus
/opt/litmus-tests-riscv/tests/non-mixed-size/SF_THESIS/BASIC/Z6.2+fence.rw.rw+data+fence.rw.rw.litmus
/opt/litmus-tests-riscv/tests/non-mixed-size/SF_THESIS/BASIC/Z6.2+fence.rw.rw+data+po.litmus
/opt/litmus-tests-riscv/tests/non-mixed-size/SF_THESIS/BASIC/Z6.2+fence.rw.rw+fence.rw.rw+addr.litmus
/opt/litmus-tests-riscv/tests/non-mixed-size/SF_THESIS/BASIC/Z6.2+fence.rw.rw+fence.rw.rw+ctrl.litmus
/opt/litmus-tests-riscv/tests/non-mixed-size/SF_THESIS/BASIC/Z6.2+fence.rw.rw+fence.rw.rw+ctrlfencei.litmus
/opt/litmus-tests-riscv/tests/non-mixed-size/SF_THESIS/BASIC/Z6.2+fence.rw.rw+fence.rw.rw+data.litmus
/opt/litmus-tests-riscv/tests/non-mixed-size/SF_THESIS/BASIC/Z6.2+fence.rw.rw+fence.rw.rw+po.litmus
/opt/litmus-tests-riscv/tests/non-mixed-size/SF_THESIS/BASIC/Z6.2+fence.rw.rw+po+addr.litmus
/opt/litmus-tests-riscv/tests/non-mixed-size/SF_THESIS/BASIC/Z6.2+fence.rw.rw+po+ctrl.litmus
/opt/litmus-tests-riscv/tests/non-mixed-size/SF_THESIS/BASIC/Z6.2+fence.rw.rw+po+ctrlfencei.litmus
/opt/litmus-tests-riscv/tests/non-mixed-size/SF_THESIS/BASIC/Z6.2+fence.rw.rw+po+data.litmus
/opt/litmus-tests-riscv/tests/non-mixed-size/SF_THESIS/BASIC/Z6.2+fence.rw.rw+po+fence.rw.rw.litmus
/opt/litmus-tests-riscv/tests/non-mixed-size/SF_THESIS/BASIC/Z6.2+fence.rw.rw+po+po.litmus
/opt/litmus-tests-riscv/tests/non-mixed-size/SF_THESIS/BASIC/Z6.2+fence.rw.rws.litmus
/opt/litmus-tests-riscv/tests/non-mixed-size/SF_THESIS/BASIC/Z6.2+po+addr+addr.litmus
/opt/litmus-tests-riscv/tests/non-mixed-size/SF_THESIS/BASIC/Z6.2+po+addr+ctrl.litmus
/opt/litmus-tests-riscv/tests/non-mixed-size/SF_THESIS/BASIC/Z6.2+po+addr+ctrlfencei.litmus
/opt/litmus-tests-riscv/tests/non-mixed-size/SF_THESIS/BASIC/Z6.2+po+addr+data.litmus
/opt/litmus-tests-riscv/tests/non-mixed-size/SF_THESIS/BASIC/Z6.2+po+addr+fence.rw.rw.litmus
/opt/litmus-tests-riscv/tests/non-mixed-size/SF_THESIS/BASIC/Z6.2+po+addr+po.litmus
/opt/litmus-tests-riscv/tests/non-mixed-size/SF_THESIS/BASIC/Z6.2+po+ctrl+addr.litmus
/opt/litmus-tests-riscv/tests/non-mixed-size/SF_THESIS/BASIC/Z6.2+po+ctrl+ctrl.litmus
/opt/litmus-tests-riscv/tests/non-mixed-size/SF_THESIS/BASIC/Z6.2+po+ctrl+ctrlfencei.litmus
/opt/litmus-tests-riscv/tests/non-mixed-size/SF_THESIS/BASIC/Z6.2+po+ctrl+data.litmus
/opt/litmus-tests-riscv/tests/non-mixed-size/SF_THESIS/BASIC/Z6.2+po+ctrl+fence.rw.rw.litmus
/opt/litmus-tests-riscv/tests/non-mixed-size/SF_THESIS/BASIC/Z6.2+po+ctrl+po.litmus
/opt/litmus-tests-riscv/tests/non-mixed-size/SF_THESIS/BASIC/Z6.2+po+ctrlfencei+addr.litmus
/opt/litmus-tests-riscv/tests/non-mixed-size/SF_THESIS/BASIC/Z6.2+po+ctrlfencei+ctrl.litmus
/opt/litmus-tests-riscv/tests/non-mixed-size/SF_THESIS/BASIC/Z6.2+po+ctrlfencei+ctrlfencei.litmus
/opt/litmus-tests-riscv/tests/non-mixed-size/SF_THESIS/BASIC/Z6.2+po+ctrlfencei+data.litmus
/opt/litmus-tests-riscv/tests/non-mixed-size/SF_THESIS/BASIC/Z6.2+po+ctrlfencei+fence.rw.rw.litmus
/opt/litmus-tests-riscv/tests/non-mixed-size/SF_THESIS/BASIC/Z6.2+po+ctrlfencei+po.litmus
/opt/litmus-tests-riscv/tests/non-mixed-size/SF_THESIS/BASIC/Z6.2+po+data+addr.litmus
/opt/litmus-tests-riscv/tests/non-mixed-size/SF_THESIS/BASIC/Z6.2+po+data+ctrl.litmus
/opt/litmus-tests-riscv/tests/non-mixed-size/SF_THESIS/BASIC/Z6.2+po+data+ctrlfencei.litmus
/opt/litmus-tests-riscv/tests/non-mixed-size/SF_THESIS/BASIC/Z6.2+po+data+data.litmus
/opt/litmus-tests-riscv/tests/non-mixed-size/SF_THESIS/BASIC/Z6.2+po+data+fence.rw.rw.litmus
/opt/litmus-tests-riscv/tests/non-mixed-size/SF_THESIS/BASIC/Z6.2+po+data+po.litmus
/opt/litmus-tests-riscv/tests/non-mixed-size/SF_THESIS/BASIC/Z6.2+po+fence.rw.rw+addr.litmus
/opt/litmus-tests-riscv/tests/non-mixed-size/SF_THESIS/BASIC/Z6.2+po+fence.rw.rw+ctrl.litmus
/opt/litmus-tests-riscv/tests/non-mixed-size/SF_THESIS/BASIC/Z6.2+po+fence.rw.rw+ctrlfencei.litmus
/opt/litmus-tests-riscv/tests/non-mixed-size/SF_THESIS/BASIC/Z6.2+po+fence.rw.rw+data.litmus
/opt/litmus-tests-riscv/tests/non-mixed-size/SF_THESIS/BASIC/Z6.2+po+fence.rw.rw+fence.rw.rw.litmus
/opt/litmus-tests-riscv/tests/non-mixed-size/SF_THESIS/BASIC/Z6.2+po+fence.rw.rw+po.litmus
/opt/litmus-tests-riscv/tests/non-mixed-size/SF_THESIS/BASIC/Z6.2+po+po+addr.litmus
/opt/litmus-tests-riscv/tests/non-mixed-size/SF_THESIS/BASIC/Z6.2+po+po+ctrl.litmus
/opt/litmus-tests-riscv/tests/non-mixed-size/SF_THESIS/BASIC/Z6.2+po+po+ctrlfencei.litmus
/opt/litmus-tests-riscv/tests/non-mixed-size/SF_THESIS/BASIC/Z6.2+po+po+data.litmus
/opt/litmus-tests-riscv/tests/non-mixed-size/SF_THESIS/BASIC/Z6.2+po+po+fence.rw.rw.litmus
/opt/litmus-tests-riscv/tests/non-mixed-size/SF_THESIS/BASIC/Z6.2.litmus
/opt/litmus-tests-riscv/tests/non-mixed-size/SF_THESIS/BASIC/Z6.3+fence.rw.rw+fence.rw.rw+addr.litmus
/opt/litmus-tests-riscv/tests/non-mixed-size/SF_THESIS/BASIC/Z6.3+fence.rw.rw+fence.rw.rw+ctrl.litmus
/opt/litmus-tests-riscv/tests/non-mixed-size/SF_THESIS/BASIC/Z6.3+fence.rw.rw+fence.rw.rw+ctrlfencei.litmus
/opt/litmus-tests-riscv/tests/non-mixed-size/SF_THESIS/BASIC/Z6.3+fence.rw.rw+fence.rw.rw+po.litmus
/opt/litmus-tests-riscv/tests/non-mixed-size/SF_THESIS/BASIC/Z6.3+fence.rw.rw+po+addr.litmus
/opt/litmus-tests-riscv/tests/non-mixed-size/SF_THESIS/BASIC/Z6.3+fence.rw.rw+po+ctrl.litmus
/opt/litmus-tests-riscv/tests/non-mixed-size/SF_THESIS/BASIC/Z6.3+fence.rw.rw+po+ctrlfencei.litmus
/opt/litmus-tests-riscv/tests/non-mixed-size/SF_THESIS/BASIC/Z6.3+fence.rw.rw+po+fence.rw.rw.litmus
/opt/litmus-tests-riscv/tests/non-mixed-size/SF_THESIS/BASIC/Z6.3+fence.rw.rw+po+po.litmus
/opt/litmus-tests-riscv/tests/non-mixed-size/SF_THESIS/BASIC/Z6.3+fence.rw.rws.litmus
/opt/litmus-tests-riscv/tests/non-mixed-size/SF_THESIS/BASIC/Z6.3+po+fence.rw.rw+addr.litmus
/opt/litmus-tests-riscv/tests/non-mixed-size/SF_THESIS/BASIC/Z6.3+po+fence.rw.rw+ctrl.litmus
/opt/litmus-tests-riscv/tests/non-mixed-size/SF_THESIS/BASIC/Z6.3+po+fence.rw.rw+ctrlfencei.litmus
/opt/litmus-tests-riscv/tests/non-mixed-size/SF_THESIS/BASIC/Z6.3+po+fence.rw.rw+fence.rw.rw.litmus
/opt/litmus-tests-riscv/tests/non-mixed-size/SF_THESIS/BASIC/Z6.3+po+fence.rw.rw+po.litmus
/opt/litmus-tests-riscv/tests/non-mixed-size/SF_THESIS/BASIC/Z6.3+po+po+addr.litmus
/opt/litmus-tests-riscv/tests/non-mixed-size/SF_THESIS/BASIC/Z6.3+po+po+ctrl.litmus
/opt/litmus-tests-riscv/tests/non-mixed-size/SF_THESIS/BASIC/Z6.3+po+po+ctrlfencei.litmus
/opt/litmus-tests-riscv/tests/non-mixed-size/SF_THESIS/BASIC/Z6.3+po+po+fence.rw.rw.litmus
/opt/litmus-tests-riscv/tests/non-mixed-size/SF_THESIS/BASIC/Z6.3.litmus
/opt/litmus-tests-riscv/tests/non-mixed-size/SF_THESIS/BASIC/Z6.4+fence.rw.rw+fence.rw.rw+po.litmus
/opt/litmus-tests-riscv/tests/non-mixed-size/SF_THESIS/BASIC/Z6.4+fence.rw.rw+po+fence.rw.rw.litmus
/opt/litmus-tests-riscv/tests/non-mixed-size/SF_THESIS/BASIC/Z6.4+fence.rw.rw+po+po.litmus
/opt/litmus-tests-riscv/tests/non-mixed-size/SF_THESIS/BASIC/Z6.4+fence.rw.rws.litmus
/opt/litmus-tests-riscv/tests/non-mixed-size/SF_THESIS/BASIC/Z6.4+po+fence.rw.rw+fence.rw.rw.litmus
/opt/litmus-tests-riscv/tests/non-mixed-size/SF_THESIS/BASIC/Z6.4+po+fence.rw.rw+po.litmus
/opt/litmus-tests-riscv/tests/non-mixed-size/SF_THESIS/BASIC/Z6.4+po+po+fence.rw.rw.litmus
/opt/litmus-tests-riscv/tests/non-mixed-size/SF_THESIS/BASIC/Z6.4.litmus
/opt/litmus-tests-riscv/tests/non-mixed-size/SF_THESIS/BASIC/Z6.5+fence.rw.rw+fence.rw.rw+po.litmus
/opt/litmus-tests-riscv/tests/non-mixed-size/SF_THESIS/BASIC/Z6.5+fence.rw.rw+po+fence.rw.rw.litmus
/opt/litmus-tests-riscv/tests/non-mixed-size/SF_THESIS/BASIC/Z6.5+fence.rw.rw+po+po.litmus
/opt/litmus-tests-riscv/tests/non-mixed-size/SF_THESIS/BASIC/Z6.5+fence.rw.rws.litmus
/opt/litmus-tests-riscv/tests/non-mixed-size/SF_THESIS/BASIC/Z6.5+po+fence.rw.rw+fence.rw.rw.litmus
/opt/litmus-tests-riscv/tests/non-mixed-size/SF_THESIS/BASIC/Z6.5+po+fence.rw.rw+po.litmus
/opt/litmus-tests-riscv/tests/non-mixed-size/SF_THESIS/BASIC/Z6.5+po+po+fence.rw.rw.litmus
/opt/litmus-tests-riscv/tests/non-mixed-size/SF_THESIS/BASIC/Z6.5.litmus
/opt/litmus-tests-riscv/tests/non-mixed-size/SF_THESIS/CO/2+2W+fence.rw.rws+pos.litmus
/opt/litmus-tests-riscv/tests/non-mixed-size/SF_THESIS/CO/2+2W+fence.rw.rwss.litmus
/opt/litmus-tests-riscv/tests/non-mixed-size/SF_THESIS/CO/2+2W+poss.litmus
/opt/litmus-tests-riscv/tests/non-mixed-size/SF_THESIS/CO/CO-SBI.litmus
/opt/litmus-tests-riscv/tests/non-mixed-size/SF_THESIS/CO/CoRR+fence.rw.rws.litmus
/opt/litmus-tests-riscv/tests/non-mixed-size/SF_THESIS/CO/CoRR.litmus
/opt/litmus-tests-riscv/tests/non-mixed-size/SF_THESIS/CO/CoRW1+fence.rw.rws.litmus
/opt/litmus-tests-riscv/tests/non-mixed-size/SF_THESIS/CO/CoRW1.litmus
/opt/litmus-tests-riscv/tests/non-mixed-size/SF_THESIS/CO/CoRW2+fence.rw.rws.litmus
/opt/litmus-tests-riscv/tests/non-mixed-size/SF_THESIS/CO/CoRW2.litmus
/opt/litmus-tests-riscv/tests/non-mixed-size/SF_THESIS/CO/CoWR0+fence.rw.rws.litmus
/opt/litmus-tests-riscv/tests/non-mixed-size/SF_THESIS/CO/CoWR0.litmus
/opt/litmus-tests-riscv/tests/non-mixed-size/SF_THESIS/CO/CoWW+fence.rw.rws.litmus
/opt/litmus-tests-riscv/tests/non-mixed-size/SF_THESIS/CO/CoWW.litmus
/opt/litmus-tests-riscv/tests/non-mixed-size/SF_THESIS/CO/LB+fence.rw.rws+pos.litmus
/opt/litmus-tests-riscv/tests/non-mixed-size/SF_THESIS/CO/LB+fence.rw.rwss.litmus
/opt/litmus-tests-riscv/tests/non-mixed-size/SF_THESIS/CO/LB+poss.litmus
/opt/litmus-tests-riscv/tests/non-mixed-size/SF_THESIS/CO/MP+fence.rw.rws+pos.litmus
/opt/litmus-tests-riscv/tests/non-mixed-size/SF_THESIS/CO/MP+fence.rw.rwss.litmus
/opt/litmus-tests-riscv/tests/non-mixed-size/SF_THESIS/CO/MP+pos+fence.rw.rws.litmus
/opt/litmus-tests-riscv/tests/non-mixed-size/SF_THESIS/CO/MP+poss.litmus
/opt/litmus-tests-riscv/tests/non-mixed-size/SF_THESIS/CO/R+fence.rw.rws+pos.litmus
/opt/litmus-tests-riscv/tests/non-mixed-size/SF_THESIS/CO/R+fence.rw.rwss.litmus
/opt/litmus-tests-riscv/tests/non-mixed-size/SF_THESIS/CO/R+pos+fence.rw.rws.litmus
/opt/litmus-tests-riscv/tests/non-mixed-size/SF_THESIS/CO/R+poss.litmus
/opt/litmus-tests-riscv/tests/non-mixed-size/SF_THESIS/CO/RWC+fence.rw.rws+pos.litmus
/opt/litmus-tests-riscv/tests/non-mixed-size/SF_THESIS/CO/RWC+fence.rw.rwss.litmus
/opt/litmus-tests-riscv/tests/non-mixed-size/SF_THESIS/CO/RWC+pos+fence.rw.rws.litmus
/opt/litmus-tests-riscv/tests/non-mixed-size/SF_THESIS/CO/RWC+poss.litmus
/opt/litmus-tests-riscv/tests/non-mixed-size/SF_THESIS/CO/S+fence.rw.rws+pos.litmus
/opt/litmus-tests-riscv/tests/non-mixed-size/SF_THESIS/CO/S+fence.rw.rwss.litmus
/opt/litmus-tests-riscv/tests/non-mixed-size/SF_THESIS/CO/S+pos+fence.rw.rws.litmus
/opt/litmus-tests-riscv/tests/non-mixed-size/SF_THESIS/CO/S+poss.litmus
/opt/litmus-tests-riscv/tests/non-mixed-size/SF_THESIS/CO/SB+fence.rw.rws+pos.litmus
/opt/litmus-tests-riscv/tests/non-mixed-size/SF_THESIS/CO/SB+fence.rw.rwss.litmus
/opt/litmus-tests-riscv/tests/non-mixed-size/SF_THESIS/CO/SB+poss.litmus
/opt/litmus-tests-riscv/tests/non-mixed-size/SF_THESIS/CO/WRC+fence.rw.rws+pos.litmus
/opt/litmus-tests-riscv/tests/non-mixed-size/SF_THESIS/CO/WRC+fence.rw.rwss.litmus
/opt/litmus-tests-riscv/tests/non-mixed-size/SF_THESIS/CO/WRC+pos+fence.rw.rws.litmus
/opt/litmus-tests-riscv/tests/non-mixed-size/SF_THESIS/CO/WRC+poss.litmus
/opt/litmus-tests-riscv/tests/non-mixed-size/SF_THESIS/CO/WRR+2W+fence.rw.rws+pos.litmus
/opt/litmus-tests-riscv/tests/non-mixed-size/SF_THESIS/CO/WRR+2W+fence.rw.rwss.litmus
/opt/litmus-tests-riscv/tests/non-mixed-size/SF_THESIS/CO/WRR+2W+pos+fence.rw.rws.litmus
/opt/litmus-tests-riscv/tests/non-mixed-size/SF_THESIS/CO/WRR+2W+poss.litmus
/opt/litmus-tests-riscv/tests/non-mixed-size/SF_THESIS/CO/WRW+2W+fence.rw.rws+pos.litmus
/opt/litmus-tests-riscv/tests/non-mixed-size/SF_THESIS/CO/WRW+2W+fence.rw.rwss.litmus
/opt/litmus-tests-riscv/tests/non-mixed-size/SF_THESIS/CO/WRW+2W+pos+fence.rw.rws.litmus
/opt/litmus-tests-riscv/tests/non-mixed-size/SF_THESIS/CO/WRW+2W+poss.litmus
/opt/litmus-tests-riscv/tests/non-mixed-size/SF_THESIS/CO/WRW+WR+fence.rw.rws+pos.litmus
/opt/litmus-tests-riscv/tests/non-mixed-size/SF_THESIS/CO/WRW+WR+fence.rw.rwss.litmus
/opt/litmus-tests-riscv/tests/non-mixed-size/SF_THESIS/CO/WRW+WR+pos+fence.rw.rws.litmus
/opt/litmus-tests-riscv/tests/non-mixed-size/SF_THESIS/CO/WRW+WR+poss.litmus
/opt/litmus-tests-riscv/tests/non-mixed-size/SF_THESIS/CO/WWC+fence.rw.rws+pos.litmus
/opt/litmus-tests-riscv/tests/non-mixed-size/SF_THESIS/CO/WWC+fence.rw.rwss.litmus
/opt/litmus-tests-riscv/tests/non-mixed-size/SF_THESIS/CO/WWC+pos+fence.rw.rws.litmus
/opt/litmus-tests-riscv/tests/non-mixed-size/SF_THESIS/CO/WWC+poss.litmus
/opt/litmus-tests-riscv/tests/non-mixed-size/SF_THESIS/HAND/CoWR.litmus
/opt/litmus-tests-riscv/tests/non-mixed-size/SF_THESIS/HAND/IRIW+addrs.litmus
/opt/litmus-tests-riscv/tests/non-mixed-size/SF_THESIS/HAND/LB+fence.rw.rw+addr-po.litmus
/opt/litmus-tests-riscv/tests/non-mixed-size/SF_THESIS/HAND/LB+fence.rw.rw+data-po.litmus
/opt/litmus-tests-riscv/tests/non-mixed-size/SF_THESIS/HAND/LB+fence.rw.rw+fri-rfi-ctrl.litmus
/opt/litmus-tests-riscv/tests/non-mixed-size/SF_THESIS/HAND/MP+fence.rw.rw+addr-po.litmus
/opt/litmus-tests-riscv/tests/non-mixed-size/SF_THESIS/HAND/MP+fence.rw.rw+ctrl-rfi-addr.litmus
/opt/litmus-tests-riscv/tests/non-mixed-size/SF_THESIS/HAND/MP+fence.rw.rw+ctrlind.litmus
/opt/litmus-tests-riscv/tests/non-mixed-size/SF_THESIS/HAND/MP+fence.rw.rw+ctrlindaddr.litmus
/opt/litmus-tests-riscv/tests/non-mixed-size/SF_THESIS/HAND/MP+fence.rw.rw+data-[rf-fr]-rfi-ctrlfencei.litmus
/opt/litmus-tests-riscv/tests/non-mixed-size/SF_THESIS/HAND/MP+fence.rw.rw+data-wsi-rfi-ctrlfencei.litmus
/opt/litmus-tests-riscv/tests/non-mixed-size/SF_THESIS/HAND/MP+fence.rw.rw+fri-[co-rf]-ctrlfencei.litmus
/opt/litmus-tests-riscv/tests/non-mixed-size/SF_THESIS/HAND/MP+fence.rw.rw+fri-[rf-addr-rf]-addr.litmus
/opt/litmus-tests-riscv/tests/non-mixed-size/SF_THESIS/HAND/MP+fence.rw.rw+fri-[ws-rf]-ctrlfencei.litmus
/opt/litmus-tests-riscv/tests/non-mixed-size/SF_THESIS/HAND/MP+fence.rw.rw+fri-rfi-ctrlfencei.litmus
/opt/litmus-tests-riscv/tests/non-mixed-size/SF_THESIS/HAND/MP+fence.rw.rw+frixx-addr.litmus
/opt/litmus-tests-riscv/tests/non-mixed-size/SF_THESIS/HAND/MP+fence.rw.rw+poxx.litmus
/opt/litmus-tests-riscv/tests/non-mixed-size/SF_THESIS/HAND/MP+poprl+poaqp.litmus
/opt/litmus-tests-riscv/tests/non-mixed-size/SF_THESIS/HAND/MP+poxx+addr.litmus
/opt/litmus-tests-riscv/tests/non-mixed-size/SF_THESIS/HAND/PPOAA.litmus
/opt/litmus-tests-riscv/tests/non-mixed-size/SF_THESIS/HAND/PPOCA.litmus
/opt/litmus-tests-riscv/tests/non-mixed-size/SF_THESIS/HAND/RDW.litmus
/opt/litmus-tests-riscv/tests/non-mixed-size/SF_THESIS/HAND/RSW.litmus
/opt/litmus-tests-riscv/tests/non-mixed-size/SF_THESIS/HAND/S+fence.rw.rw+addr-po.litmus
/opt/litmus-tests-riscv/tests/non-mixed-size/SF_THESIS/HAND/S+fence.rw.rw+addr-pos-addr.litmus
/opt/litmus-tests-riscv/tests/non-mixed-size/SF_THESIS/HAND/S+fence.rw.rw+data-rfi-fri.litmus
/opt/litmus-tests-riscv/tests/non-mixed-size/SF_THESIS/HAND/S+fence.rw.rw+data-wsi-rfi-ctrl.litmus
/opt/litmus-tests-riscv/tests/non-mixed-size/SF_THESIS/HAND/S+fence.rw.rw+data-wsi.litmus
/opt/litmus-tests-riscv/tests/non-mixed-size/SF_THESIS/HAND/SB+rfi-addrs.litmus
/opt/litmus-tests-riscv/tests/non-mixed-size/SF_THESIS/HAND/WRC+poaqrl+poaqp+Rl.litmus
/opt/litmus-tests-riscv/tests/non-mixed-size/SF_THESIS/HAND/WRC+poprl+poaqp.litmus
/opt/litmus-tests-riscv/tests/non-mixed-size/SINGLE_INST/amoswap.w.aq.rl.litmus
/opt/litmus-tests-riscv/tests/non-mixed-size/SINGLE_INST/fence.tso.litmus
/opt/litmus-tests-riscv/tests/non-mixed-size/SINGLE_INST/lr.w.aq.rl.litmus
/opt/litmus-tests-riscv/tests/to-AArch64/RV+2+2W+[rf-addr-fr]+fence.rw.rw.litmus
/opt/litmus-tests-riscv/tests/to-AArch64/RV+2+2W+[rf-addr-fr]+fence.w.w.litmus
/opt/litmus-tests-riscv/tests/to-AArch64/RV+2+2W+[rf-ctrlfencei-fr]+fence.rw.rw.litmus
/opt/litmus-tests-riscv/tests/to-AArch64/RV+2+2W+[rf-ctrlfencei-fr]+fence.w.w.litmus
/opt/litmus-tests-riscv/tests/to-AArch64/RV+2+2W+[rf-fence.r.rw-fr]+fence.rw.rw.litmus
/opt/litmus-tests-riscv/tests/to-AArch64/RV+2+2W+[rf-fence.r.rw-fr]+fence.w.w.litmus
/opt/litmus-tests-riscv/tests/to-AArch64/RV+2+2W+[rf-fence.rw.rw-fr]+fence.rw.rw.litmus
/opt/litmus-tests-riscv/tests/to-AArch64/RV+2+2W+[rf-fence.rw.rw-fr]+fence.w.w.litmus
/opt/litmus-tests-riscv/tests/to-AArch64/RV+2+2W+fence.i+fence.rw.rw.litmus
/opt/litmus-tests-riscv/tests/to-AArch64/RV+2+2W+fence.i+fence.w.w.litmus
/opt/litmus-tests-riscv/tests/to-AArch64/RV+2+2W+fence.is.litmus
/opt/litmus-tests-riscv/tests/to-AArch64/RV+2+2W+fence.r.rw+fence.rw.rw.litmus
/opt/litmus-tests-riscv/tests/to-AArch64/RV+2+2W+fence.r.rw+fence.w.w.litmus
/opt/litmus-tests-riscv/tests/to-AArch64/RV+2+2W+fence.r.rws.litmus
/opt/litmus-tests-riscv/tests/to-AArch64/RV+2+2W+fence.rw.rw+po.litmus
/opt/litmus-tests-riscv/tests/to-AArch64/RV+2+2W+fence.rw.rw+rfi-addr.litmus
/opt/litmus-tests-riscv/tests/to-AArch64/RV+2+2W+fence.rw.rw+rfi-ctrl.litmus
/opt/litmus-tests-riscv/tests/to-AArch64/RV+2+2W+fence.rw.rw+rfi-ctrlfencei.litmus
/opt/litmus-tests-riscv/tests/to-AArch64/RV+2+2W+fence.rw.rw+rfi-data.litmus
/opt/litmus-tests-riscv/tests/to-AArch64/RV+2+2W+fence.rw.rws.litmus
/opt/litmus-tests-riscv/tests/to-AArch64/RV+2+2W+fence.w.w+fence.rw.rw.litmus
/opt/litmus-tests-riscv/tests/to-AArch64/RV+2+2W+fence.w.w+po.litmus
/opt/litmus-tests-riscv/tests/to-AArch64/RV+2+2W+fence.w.w+rfi-addr.litmus
/opt/litmus-tests-riscv/tests/to-AArch64/RV+2+2W+fence.w.w+rfi-ctrl.litmus
/opt/litmus-tests-riscv/tests/to-AArch64/RV+2+2W+fence.w.w+rfi-ctrlfencei.litmus
/opt/litmus-tests-riscv/tests/to-AArch64/RV+2+2W+fence.w.w+rfi-data.litmus
/opt/litmus-tests-riscv/tests/to-AArch64/RV+2+2W+fence.w.ws.litmus
/opt/litmus-tests-riscv/tests/to-AArch64/RV+2+2W+poxxs.litmus
/opt/litmus-tests-riscv/tests/to-AArch64/RV+2+2W+rfi-addr+rfi-ctrl.litmus
/opt/litmus-tests-riscv/tests/to-AArch64/RV+2+2W+rfi-addr+rfi-ctrlfencei.litmus
/opt/litmus-tests-riscv/tests/to-AArch64/RV+2+2W+rfi-addr+rfi-data.litmus
/opt/litmus-tests-riscv/tests/to-AArch64/RV+2+2W+rfi-addrs.litmus
/opt/litmus-tests-riscv/tests/to-AArch64/RV+2+2W+rfi-ctrl+rfi-ctrlfencei.litmus
/opt/litmus-tests-riscv/tests/to-AArch64/RV+2+2W+rfi-ctrlfenceis.litmus
/opt/litmus-tests-riscv/tests/to-AArch64/RV+2+2W+rfi-ctrls.litmus
/opt/litmus-tests-riscv/tests/to-AArch64/RV+2+2W+rfi-data+rfi-ctrl.litmus
/opt/litmus-tests-riscv/tests/to-AArch64/RV+2+2W+rfi-data+rfi-ctrlfencei.litmus
/opt/litmus-tests-riscv/tests/to-AArch64/RV+2+2W+rfi-datas.litmus
/opt/litmus-tests-riscv/tests/to-AArch64/RV+2+2W.litmus
/opt/litmus-tests-riscv/tests/to-AArch64/RV+3.2W+fence.rw.rws.litmus
/opt/litmus-tests-riscv/tests/to-AArch64/RV+3.2W+fence.w.w+fence.rw.rw+fence.rw.rw.litmus
/opt/litmus-tests-riscv/tests/to-AArch64/RV+3.2W+fence.w.w+fence.w.w+fence.rw.rw.litmus
/opt/litmus-tests-riscv/tests/to-AArch64/RV+3.2W+fence.w.ws.litmus
/opt/litmus-tests-riscv/tests/to-AArch64/RV+3.LB+addr+addr+ctrl.litmus
/opt/litmus-tests-riscv/tests/to-AArch64/RV+3.LB+addr+addr+ctrlfencei.litmus
/opt/litmus-tests-riscv/tests/to-AArch64/RV+3.LB+addr+addr+data.litmus
/opt/litmus-tests-riscv/tests/to-AArch64/RV+3.LB+addr+addr+pos.litmus
/opt/litmus-tests-riscv/tests/to-AArch64/RV+3.LB+addr+ctrl+ctrl.litmus
/opt/litmus-tests-riscv/tests/to-AArch64/RV+3.LB+addr+ctrl+ctrlfencei.litmus
/opt/litmus-tests-riscv/tests/to-AArch64/RV+3.LB+addr+ctrl+data.litmus
/opt/litmus-tests-riscv/tests/to-AArch64/RV+3.LB+addr+ctrl+pos.litmus
/opt/litmus-tests-riscv/tests/to-AArch64/RV+3.LB+addr+ctrlfencei+ctrl.litmus
/opt/litmus-tests-riscv/tests/to-AArch64/RV+3.LB+addr+ctrlfencei+ctrlfencei.litmus
/opt/litmus-tests-riscv/tests/to-AArch64/RV+3.LB+addr+ctrlfencei+data.litmus
/opt/litmus-tests-riscv/tests/to-AArch64/RV+3.LB+addr+ctrlfencei+pos.litmus
/opt/litmus-tests-riscv/tests/to-AArch64/RV+3.LB+addr+data+ctrl.litmus
/opt/litmus-tests-riscv/tests/to-AArch64/RV+3.LB+addr+data+ctrlfencei.litmus
/opt/litmus-tests-riscv/tests/to-AArch64/RV+3.LB+addr+data+data.litmus
/opt/litmus-tests-riscv/tests/to-AArch64/RV+3.LB+addr+data+pos.litmus
/opt/litmus-tests-riscv/tests/to-AArch64/RV+3.LB+addr+pos+ctrl.litmus
/opt/litmus-tests-riscv/tests/to-AArch64/RV+3.LB+addr+pos+ctrlfencei.litmus
/opt/litmus-tests-riscv/tests/to-AArch64/RV+3.LB+addr+pos+data.litmus
/opt/litmus-tests-riscv/tests/to-AArch64/RV+3.LB+addrs.litmus
/opt/litmus-tests-riscv/tests/to-AArch64/RV+3.LB+ctrl+ctrl+ctrlfencei.litmus
/opt/litmus-tests-riscv/tests/to-AArch64/RV+3.LB+ctrl+ctrl+pos.litmus
/opt/litmus-tests-riscv/tests/to-AArch64/RV+3.LB+ctrl+ctrlfencei+ctrlfencei.litmus
/opt/litmus-tests-riscv/tests/to-AArch64/RV+3.LB+ctrl+ctrlfencei+pos.litmus
/opt/litmus-tests-riscv/tests/to-AArch64/RV+3.LB+ctrl+pos+ctrlfencei.litmus
/opt/litmus-tests-riscv/tests/to-AArch64/RV+3.LB+ctrlfencei+ctrlfencei+pos.litmus
/opt/litmus-tests-riscv/tests/to-AArch64/RV+3.LB+ctrlfenceis.litmus
/opt/litmus-tests-riscv/tests/to-AArch64/RV+3.LB+ctrls.litmus
/opt/litmus-tests-riscv/tests/to-AArch64/RV+3.LB+data+ctrl+ctrl.litmus
/opt/litmus-tests-riscv/tests/to-AArch64/RV+3.LB+data+ctrl+ctrlfencei.litmus
/opt/litmus-tests-riscv/tests/to-AArch64/RV+3.LB+data+ctrl+pos.litmus
/opt/litmus-tests-riscv/tests/to-AArch64/RV+3.LB+data+ctrlfencei+ctrl.litmus
/opt/litmus-tests-riscv/tests/to-AArch64/RV+3.LB+data+ctrlfencei+ctrlfencei.litmus
/opt/litmus-tests-riscv/tests/to-AArch64/RV+3.LB+data+ctrlfencei+pos.litmus
/opt/litmus-tests-riscv/tests/to-AArch64/RV+3.LB+data+data+ctrl.litmus
/opt/litmus-tests-riscv/tests/to-AArch64/RV+3.LB+data+data+ctrlfencei.litmus
/opt/litmus-tests-riscv/tests/to-AArch64/RV+3.LB+data+data+pos.litmus
/opt/litmus-tests-riscv/tests/to-AArch64/RV+3.LB+data+pos+ctrl.litmus
/opt/litmus-tests-riscv/tests/to-AArch64/RV+3.LB+data+pos+ctrlfencei.litmus
/opt/litmus-tests-riscv/tests/to-AArch64/RV+3.LB+datas.litmus
/opt/litmus-tests-riscv/tests/to-AArch64/RV+3.LB+fence.r.rw+addr+addr.litmus
/opt/litmus-tests-riscv/tests/to-AArch64/RV+3.LB+fence.r.rw+addr+ctrl.litmus
/opt/litmus-tests-riscv/tests/to-AArch64/RV+3.LB+fence.r.rw+addr+ctrlfencei.litmus
/opt/litmus-tests-riscv/tests/to-AArch64/RV+3.LB+fence.r.rw+addr+data.litmus
/opt/litmus-tests-riscv/tests/to-AArch64/RV+3.LB+fence.r.rw+addr+fence.rw.rw.litmus
/opt/litmus-tests-riscv/tests/to-AArch64/RV+3.LB+fence.r.rw+addr+pos.litmus
/opt/litmus-tests-riscv/tests/to-AArch64/RV+3.LB+fence.r.rw+ctrl+addr.litmus
/opt/litmus-tests-riscv/tests/to-AArch64/RV+3.LB+fence.r.rw+ctrl+ctrl.litmus
/opt/litmus-tests-riscv/tests/to-AArch64/RV+3.LB+fence.r.rw+ctrl+ctrlfencei.litmus
/opt/litmus-tests-riscv/tests/to-AArch64/RV+3.LB+fence.r.rw+ctrl+data.litmus
/opt/litmus-tests-riscv/tests/to-AArch64/RV+3.LB+fence.r.rw+ctrl+fence.rw.rw.litmus
/opt/litmus-tests-riscv/tests/to-AArch64/RV+3.LB+fence.r.rw+ctrl+pos.litmus
/opt/litmus-tests-riscv/tests/to-AArch64/RV+3.LB+fence.r.rw+ctrlfencei+addr.litmus
/opt/litmus-tests-riscv/tests/to-AArch64/RV+3.LB+fence.r.rw+ctrlfencei+ctrl.litmus
/opt/litmus-tests-riscv/tests/to-AArch64/RV+3.LB+fence.r.rw+ctrlfencei+ctrlfencei.litmus
/opt/litmus-tests-riscv/tests/to-AArch64/RV+3.LB+fence.r.rw+ctrlfencei+data.litmus
/opt/litmus-tests-riscv/tests/to-AArch64/RV+3.LB+fence.r.rw+ctrlfencei+fence.rw.rw.litmus
/opt/litmus-tests-riscv/tests/to-AArch64/RV+3.LB+fence.r.rw+ctrlfencei+pos.litmus
/opt/litmus-tests-riscv/tests/to-AArch64/RV+3.LB+fence.r.rw+data+addr.litmus
/opt/litmus-tests-riscv/tests/to-AArch64/RV+3.LB+fence.r.rw+data+ctrl.litmus
/opt/litmus-tests-riscv/tests/to-AArch64/RV+3.LB+fence.r.rw+data+ctrlfencei.litmus
/opt/litmus-tests-riscv/tests/to-AArch64/RV+3.LB+fence.r.rw+data+data.litmus
/opt/litmus-tests-riscv/tests/to-AArch64/RV+3.LB+fence.r.rw+data+fence.rw.rw.litmus
/opt/litmus-tests-riscv/tests/to-AArch64/RV+3.LB+fence.r.rw+data+pos.litmus
/opt/litmus-tests-riscv/tests/to-AArch64/RV+3.LB+fence.r.rw+fence.r.rw+addr.litmus
/opt/litmus-tests-riscv/tests/to-AArch64/RV+3.LB+fence.r.rw+fence.r.rw+ctrl.litmus
/opt/litmus-tests-riscv/tests/to-AArch64/RV+3.LB+fence.r.rw+fence.r.rw+ctrlfencei.litmus
/opt/litmus-tests-riscv/tests/to-AArch64/RV+3.LB+fence.r.rw+fence.r.rw+data.litmus
/opt/litmus-tests-riscv/tests/to-AArch64/RV+3.LB+fence.r.rw+fence.r.rw+fence.rw.rw.litmus
/opt/litmus-tests-riscv/tests/to-AArch64/RV+3.LB+fence.r.rw+fence.r.rw+pos.litmus
/opt/litmus-tests-riscv/tests/to-AArch64/RV+3.LB+fence.r.rw+fence.rw.rw+addr.litmus
/opt/litmus-tests-riscv/tests/to-AArch64/RV+3.LB+fence.r.rw+fence.rw.rw+ctrl.litmus
/opt/litmus-tests-riscv/tests/to-AArch64/RV+3.LB+fence.r.rw+fence.rw.rw+ctrlfencei.litmus
/opt/litmus-tests-riscv/tests/to-AArch64/RV+3.LB+fence.r.rw+fence.rw.rw+data.litmus
/opt/litmus-tests-riscv/tests/to-AArch64/RV+3.LB+fence.r.rw+fence.rw.rw+fence.rw.rw.litmus
/opt/litmus-tests-riscv/tests/to-AArch64/RV+3.LB+fence.r.rw+fence.rw.rw+pos.litmus
/opt/litmus-tests-riscv/tests/to-AArch64/RV+3.LB+fence.r.rw+pos+addr.litmus
/opt/litmus-tests-riscv/tests/to-AArch64/RV+3.LB+fence.r.rw+pos+ctrl.litmus
/opt/litmus-tests-riscv/tests/to-AArch64/RV+3.LB+fence.r.rw+pos+ctrlfencei.litmus
/opt/litmus-tests-riscv/tests/to-AArch64/RV+3.LB+fence.r.rw+pos+data.litmus
/opt/litmus-tests-riscv/tests/to-AArch64/RV+3.LB+fence.r.rw+pos+fence.rw.rw.litmus
/opt/litmus-tests-riscv/tests/to-AArch64/RV+3.LB+fence.r.rws.litmus
/opt/litmus-tests-riscv/tests/to-AArch64/RV+3.LB+fence.rw.rw+addr+addr.litmus
/opt/litmus-tests-riscv/tests/to-AArch64/RV+3.LB+fence.rw.rw+addr+ctrl.litmus
/opt/litmus-tests-riscv/tests/to-AArch64/RV+3.LB+fence.rw.rw+addr+ctrlfencei.litmus
/opt/litmus-tests-riscv/tests/to-AArch64/RV+3.LB+fence.rw.rw+addr+data.litmus
/opt/litmus-tests-riscv/tests/to-AArch64/RV+3.LB+fence.rw.rw+addr+pos.litmus
/opt/litmus-tests-riscv/tests/to-AArch64/RV+3.LB+fence.rw.rw+ctrl+addr.litmus
/opt/litmus-tests-riscv/tests/to-AArch64/RV+3.LB+fence.rw.rw+ctrl+ctrl.litmus
/opt/litmus-tests-riscv/tests/to-AArch64/RV+3.LB+fence.rw.rw+ctrl+ctrlfencei.litmus
/opt/litmus-tests-riscv/tests/to-AArch64/RV+3.LB+fence.rw.rw+ctrl+data.litmus
/opt/litmus-tests-riscv/tests/to-AArch64/RV+3.LB+fence.rw.rw+ctrl+pos.litmus
/opt/litmus-tests-riscv/tests/to-AArch64/RV+3.LB+fence.rw.rw+ctrlfencei+addr.litmus
/opt/litmus-tests-riscv/tests/to-AArch64/RV+3.LB+fence.rw.rw+ctrlfencei+ctrl.litmus
/opt/litmus-tests-riscv/tests/to-AArch64/RV+3.LB+fence.rw.rw+ctrlfencei+ctrlfencei.litmus
/opt/litmus-tests-riscv/tests/to-AArch64/RV+3.LB+fence.rw.rw+ctrlfencei+data.litmus
/opt/litmus-tests-riscv/tests/to-AArch64/RV+3.LB+fence.rw.rw+ctrlfencei+pos.litmus
/opt/litmus-tests-riscv/tests/to-AArch64/RV+3.LB+fence.rw.rw+data+addr.litmus
/opt/litmus-tests-riscv/tests/to-AArch64/RV+3.LB+fence.rw.rw+data+ctrl.litmus
/opt/litmus-tests-riscv/tests/to-AArch64/RV+3.LB+fence.rw.rw+data+ctrlfencei.litmus
/opt/litmus-tests-riscv/tests/to-AArch64/RV+3.LB+fence.rw.rw+data+data.litmus
/opt/litmus-tests-riscv/tests/to-AArch64/RV+3.LB+fence.rw.rw+data+pos.litmus
/opt/litmus-tests-riscv/tests/to-AArch64/RV+3.LB+fence.rw.rw+fence.rw.rw+addr.litmus
/opt/litmus-tests-riscv/tests/to-AArch64/RV+3.LB+fence.rw.rw+fence.rw.rw+ctrl.litmus
/opt/litmus-tests-riscv/tests/to-AArch64/RV+3.LB+fence.rw.rw+fence.rw.rw+ctrlfencei.litmus
/opt/litmus-tests-riscv/tests/to-AArch64/RV+3.LB+fence.rw.rw+fence.rw.rw+data.litmus
/opt/litmus-tests-riscv/tests/to-AArch64/RV+3.LB+fence.rw.rw+fence.rw.rw+pos.litmus
/opt/litmus-tests-riscv/tests/to-AArch64/RV+3.LB+fence.rw.rw+pos+addr.litmus
/opt/litmus-tests-riscv/tests/to-AArch64/RV+3.LB+fence.rw.rw+pos+ctrl.litmus
/opt/litmus-tests-riscv/tests/to-AArch64/RV+3.LB+fence.rw.rw+pos+ctrlfencei.litmus
/opt/litmus-tests-riscv/tests/to-AArch64/RV+3.LB+fence.rw.rw+pos+data.litmus
/opt/litmus-tests-riscv/tests/to-AArch64/RV+3.LB+fence.rw.rws.litmus
/opt/litmus-tests-riscv/tests/to-AArch64/RV+3.SB+fence.rw.rws+fence.rw.rw+fence.rw.rw.litmus
/opt/litmus-tests-riscv/tests/to-AArch64/RV+3.SB+fence.rw.rws.litmus
/opt/litmus-tests-riscv/tests/to-AArch64/RV+IRIW+addr+ctrlfencei.litmus
/opt/litmus-tests-riscv/tests/to-AArch64/RV+IRIW+addrs.litmus
/opt/litmus-tests-riscv/tests/to-AArch64/RV+IRIW+ctrlfenceis.litmus
/opt/litmus-tests-riscv/tests/to-AArch64/RV+IRIW+fence.r.rw+addr.litmus
/opt/litmus-tests-riscv/tests/to-AArch64/RV+IRIW+fence.r.rw+ctrlfencei.litmus
/opt/litmus-tests-riscv/tests/to-AArch64/RV+IRIW+fence.r.rw+fence.rw.rw.litmus
/opt/litmus-tests-riscv/tests/to-AArch64/RV+IRIW+fence.r.rws.litmus
/opt/litmus-tests-riscv/tests/to-AArch64/RV+IRIW+fence.rw.rw+addr.litmus
/opt/litmus-tests-riscv/tests/to-AArch64/RV+IRIW+fence.rw.rw+ctrlfencei.litmus
/opt/litmus-tests-riscv/tests/to-AArch64/RV+IRIW+fence.rw.rws.litmus
/opt/litmus-tests-riscv/tests/to-AArch64/RV+IRRWIW+addr+ctrl.litmus
/opt/litmus-tests-riscv/tests/to-AArch64/RV+IRRWIW+addr+ctrlfencei.litmus
/opt/litmus-tests-riscv/tests/to-AArch64/RV+IRRWIW+addr+data.litmus
/opt/litmus-tests-riscv/tests/to-AArch64/RV+IRRWIW+addr+fence.r.rw.litmus
/opt/litmus-tests-riscv/tests/to-AArch64/RV+IRRWIW+addr+fence.rw.rw.litmus
/opt/litmus-tests-riscv/tests/to-AArch64/RV+IRRWIW+addrs.litmus
/opt/litmus-tests-riscv/tests/to-AArch64/RV+IRRWIW+ctrlfencei+addr.litmus
/opt/litmus-tests-riscv/tests/to-AArch64/RV+IRRWIW+ctrlfencei+ctrl.litmus
/opt/litmus-tests-riscv/tests/to-AArch64/RV+IRRWIW+ctrlfencei+data.litmus
/opt/litmus-tests-riscv/tests/to-AArch64/RV+IRRWIW+ctrlfencei+fence.r.rw.litmus
/opt/litmus-tests-riscv/tests/to-AArch64/RV+IRRWIW+ctrlfencei+fence.rw.rw.litmus
/opt/litmus-tests-riscv/tests/to-AArch64/RV+IRRWIW+ctrlfenceis.litmus
/opt/litmus-tests-riscv/tests/to-AArch64/RV+IRRWIW+fence.r.rw+addr.litmus
/opt/litmus-tests-riscv/tests/to-AArch64/RV+IRRWIW+fence.r.rw+ctrl.litmus
/opt/litmus-tests-riscv/tests/to-AArch64/RV+IRRWIW+fence.r.rw+ctrlfencei.litmus
/opt/litmus-tests-riscv/tests/to-AArch64/RV+IRRWIW+fence.r.rw+data.litmus
/opt/litmus-tests-riscv/tests/to-AArch64/RV+IRRWIW+fence.r.rw+fence.rw.rw.litmus
/opt/litmus-tests-riscv/tests/to-AArch64/RV+IRRWIW+fence.r.rws.litmus
/opt/litmus-tests-riscv/tests/to-AArch64/RV+IRRWIW+fence.rw.rw+addr.litmus
/opt/litmus-tests-riscv/tests/to-AArch64/RV+IRRWIW+fence.rw.rw+ctrl.litmus
/opt/litmus-tests-riscv/tests/to-AArch64/RV+IRRWIW+fence.rw.rw+ctrlfencei.litmus
/opt/litmus-tests-riscv/tests/to-AArch64/RV+IRRWIW+fence.rw.rw+data.litmus
/opt/litmus-tests-riscv/tests/to-AArch64/RV+IRRWIW+fence.rw.rw+fence.r.rw.litmus
/opt/litmus-tests-riscv/tests/to-AArch64/RV+IRRWIW+fence.rw.rws.litmus
/opt/litmus-tests-riscv/tests/to-AArch64/RV+IRWIW+addr+ctrl.litmus
/opt/litmus-tests-riscv/tests/to-AArch64/RV+IRWIW+addr+ctrlfencei.litmus
/opt/litmus-tests-riscv/tests/to-AArch64/RV+IRWIW+addr+data.litmus
/opt/litmus-tests-riscv/tests/to-AArch64/RV+IRWIW+addrs.litmus
/opt/litmus-tests-riscv/tests/to-AArch64/RV+IRWIW+ctrl+ctrlfencei.litmus
/opt/litmus-tests-riscv/tests/to-AArch64/RV+IRWIW+ctrlfenceis.litmus
/opt/litmus-tests-riscv/tests/to-AArch64/RV+IRWIW+ctrls.litmus
/opt/litmus-tests-riscv/tests/to-AArch64/RV+IRWIW+data+ctrl.litmus
/opt/litmus-tests-riscv/tests/to-AArch64/RV+IRWIW+data+ctrlfencei.litmus
/opt/litmus-tests-riscv/tests/to-AArch64/RV+IRWIW+datas.litmus
/opt/litmus-tests-riscv/tests/to-AArch64/RV+IRWIW+fence.r.rw+addr.litmus
/opt/litmus-tests-riscv/tests/to-AArch64/RV+IRWIW+fence.r.rw+ctrl.litmus
/opt/litmus-tests-riscv/tests/to-AArch64/RV+IRWIW+fence.r.rw+ctrlfencei.litmus
/opt/litmus-tests-riscv/tests/to-AArch64/RV+IRWIW+fence.r.rw+data.litmus
/opt/litmus-tests-riscv/tests/to-AArch64/RV+IRWIW+fence.r.rw+fence.rw.rw.litmus
/opt/litmus-tests-riscv/tests/to-AArch64/RV+IRWIW+fence.r.rws.litmus
/opt/litmus-tests-riscv/tests/to-AArch64/RV+IRWIW+fence.rw.rw+addr.litmus
/opt/litmus-tests-riscv/tests/to-AArch64/RV+IRWIW+fence.rw.rw+ctrl.litmus
/opt/litmus-tests-riscv/tests/to-AArch64/RV+IRWIW+fence.rw.rw+ctrlfencei.litmus
/opt/litmus-tests-riscv/tests/to-AArch64/RV+IRWIW+fence.rw.rw+data.litmus
/opt/litmus-tests-riscv/tests/to-AArch64/RV+IRWIW+fence.rw.rws.litmus
/opt/litmus-tests-riscv/tests/to-AArch64/RV+ISA09.litmus
/opt/litmus-tests-riscv/tests/to-AArch64/RV+ISA14+BIS.litmus
/opt/litmus-tests-riscv/tests/to-AArch64/RV+ISA14+NEW.litmus
/opt/litmus-tests-riscv/tests/to-AArch64/RV+ISA14+TER.litmus
/opt/litmus-tests-riscv/tests/to-AArch64/RV+ISA14.litmus
/opt/litmus-tests-riscv/tests/to-AArch64/RV+ISA17.litmus
/opt/litmus-tests-riscv/tests/to-AArch64/RV+ISA2+fence.rw.rw+addr+addr.litmus
/opt/litmus-tests-riscv/tests/to-AArch64/RV+ISA2+fence.rw.rw+addr+addrs.litmus
/opt/litmus-tests-riscv/tests/to-AArch64/RV+ISA2+fence.rw.rw+addr+ctrlfencei.litmus
/opt/litmus-tests-riscv/tests/to-AArch64/RV+ISA2+fence.rw.rw+addr+ctrlfenceis.litmus
/opt/litmus-tests-riscv/tests/to-AArch64/RV+ISA2+fence.rw.rw+addr+fence.r.rw.litmus
/opt/litmus-tests-riscv/tests/to-AArch64/RV+ISA2+fence.rw.rw+addr+fence.r.rws.litmus
/opt/litmus-tests-riscv/tests/to-AArch64/RV+ISA2+fence.rw.rw+addr+fence.rw.rw.litmus
/opt/litmus-tests-riscv/tests/to-AArch64/RV+ISA2+fence.rw.rw+addr+fence.rw.rws.litmus
/opt/litmus-tests-riscv/tests/to-AArch64/RV+ISA2+fence.rw.rw+ctrl+addr.litmus
/opt/litmus-tests-riscv/tests/to-AArch64/RV+ISA2+fence.rw.rw+ctrl+addrs.litmus
/opt/litmus-tests-riscv/tests/to-AArch64/RV+ISA2+fence.rw.rw+ctrl+ctrlfencei.litmus
/opt/litmus-tests-riscv/tests/to-AArch64/RV+ISA2+fence.rw.rw+ctrl+ctrlfenceis.litmus
/opt/litmus-tests-riscv/tests/to-AArch64/RV+ISA2+fence.rw.rw+ctrl+fence.r.rw.litmus
/opt/litmus-tests-riscv/tests/to-AArch64/RV+ISA2+fence.rw.rw+ctrl+fence.r.rws.litmus
/opt/litmus-tests-riscv/tests/to-AArch64/RV+ISA2+fence.rw.rw+ctrl+fence.rw.rw.litmus
/opt/litmus-tests-riscv/tests/to-AArch64/RV+ISA2+fence.rw.rw+ctrl+fence.rw.rws.litmus
/opt/litmus-tests-riscv/tests/to-AArch64/RV+ISA2+fence.rw.rw+ctrlfencei+addr.litmus
/opt/litmus-tests-riscv/tests/to-AArch64/RV+ISA2+fence.rw.rw+ctrlfencei+addrs.litmus
/opt/litmus-tests-riscv/tests/to-AArch64/RV+ISA2+fence.rw.rw+ctrlfencei+ctrlfencei.litmus
/opt/litmus-tests-riscv/tests/to-AArch64/RV+ISA2+fence.rw.rw+ctrlfencei+ctrlfenceis.litmus
/opt/litmus-tests-riscv/tests/to-AArch64/RV+ISA2+fence.rw.rw+ctrlfencei+fence.r.rw.litmus
/opt/litmus-tests-riscv/tests/to-AArch64/RV+ISA2+fence.rw.rw+ctrlfencei+fence.r.rws.litmus
/opt/litmus-tests-riscv/tests/to-AArch64/RV+ISA2+fence.rw.rw+ctrlfencei+fence.rw.rw.litmus
/opt/litmus-tests-riscv/tests/to-AArch64/RV+ISA2+fence.rw.rw+ctrlfencei+fence.rw.rws.litmus
/opt/litmus-tests-riscv/tests/to-AArch64/RV+ISA2+fence.rw.rw+data+addr.litmus
/opt/litmus-tests-riscv/tests/to-AArch64/RV+ISA2+fence.rw.rw+data+addrs.litmus
/opt/litmus-tests-riscv/tests/to-AArch64/RV+ISA2+fence.rw.rw+data+ctrlfencei.litmus
/opt/litmus-tests-riscv/tests/to-AArch64/RV+ISA2+fence.rw.rw+data+ctrlfenceis.litmus
/opt/litmus-tests-riscv/tests/to-AArch64/RV+ISA2+fence.rw.rw+data+fence.r.rw.litmus
/opt/litmus-tests-riscv/tests/to-AArch64/RV+ISA2+fence.rw.rw+data+fence.r.rws.litmus
/opt/litmus-tests-riscv/tests/to-AArch64/RV+ISA2+fence.rw.rw+data+fence.rw.rw.litmus
/opt/litmus-tests-riscv/tests/to-AArch64/RV+ISA2+fence.rw.rw+data+fence.rw.rws.litmus
/opt/litmus-tests-riscv/tests/to-AArch64/RV+ISA2+fence.rw.rw+fence.r.rw+addr.litmus
/opt/litmus-tests-riscv/tests/to-AArch64/RV+ISA2+fence.rw.rw+fence.r.rw+addrs.litmus
/opt/litmus-tests-riscv/tests/to-AArch64/RV+ISA2+fence.rw.rw+fence.r.rw+ctrlfencei.litmus
/opt/litmus-tests-riscv/tests/to-AArch64/RV+ISA2+fence.rw.rw+fence.r.rw+ctrlfenceis.litmus
/opt/litmus-tests-riscv/tests/to-AArch64/RV+ISA2+fence.rw.rw+fence.r.rw+fence.r.rw.litmus
/opt/litmus-tests-riscv/tests/to-AArch64/RV+ISA2+fence.rw.rw+fence.r.rw+fence.r.rws.litmus
/opt/litmus-tests-riscv/tests/to-AArch64/RV+ISA2+fence.rw.rw+fence.r.rw+fence.rw.rw.litmus
/opt/litmus-tests-riscv/tests/to-AArch64/RV+ISA2+fence.rw.rw+fence.r.rw+fence.rw.rws.litmus
/opt/litmus-tests-riscv/tests/to-AArch64/RV+ISA2+fence.rw.rw+fence.rw.rw+addr.litmus
/opt/litmus-tests-riscv/tests/to-AArch64/RV+ISA2+fence.rw.rw+fence.rw.rw+addrs.litmus
/opt/litmus-tests-riscv/tests/to-AArch64/RV+ISA2+fence.rw.rw+fence.rw.rw+ctrlfencei.litmus
/opt/litmus-tests-riscv/tests/to-AArch64/RV+ISA2+fence.rw.rw+fence.rw.rw+ctrlfenceis.litmus
/opt/litmus-tests-riscv/tests/to-AArch64/RV+ISA2+fence.rw.rw+fence.rw.rw+fence.r.rw.litmus
/opt/litmus-tests-riscv/tests/to-AArch64/RV+ISA2+fence.rw.rw+fence.rw.rw+fence.r.rws.litmus
/opt/litmus-tests-riscv/tests/to-AArch64/RV+ISA2+fence.rw.rw+fence.rw.rw+fence.rw.rws.litmus
/opt/litmus-tests-riscv/tests/to-AArch64/RV+ISA2+fence.rw.rw+pos+addr.litmus
/opt/litmus-tests-riscv/tests/to-AArch64/RV+ISA2+fence.rw.rw+pos+ctrlfencei.litmus
/opt/litmus-tests-riscv/tests/to-AArch64/RV+ISA2+fence.rw.rw+pos+fence.r.rw.litmus
/opt/litmus-tests-riscv/tests/to-AArch64/RV+ISA2+fence.rw.rw+pos+fence.rw.rw.litmus
/opt/litmus-tests-riscv/tests/to-AArch64/RV+ISA2+fence.rw.rws.litmus
/opt/litmus-tests-riscv/tests/to-AArch64/RV+ISA2+fence.w.w+addr+addr.litmus
/opt/litmus-tests-riscv/tests/to-AArch64/RV+ISA2+fence.w.w+addr+addrs.litmus
/opt/litmus-tests-riscv/tests/to-AArch64/RV+ISA2+fence.w.w+addr+ctrlfencei.litmus
/opt/litmus-tests-riscv/tests/to-AArch64/RV+ISA2+fence.w.w+addr+ctrlfenceis.litmus
/opt/litmus-tests-riscv/tests/to-AArch64/RV+ISA2+fence.w.w+addr+fence.r.rw.litmus
/opt/litmus-tests-riscv/tests/to-AArch64/RV+ISA2+fence.w.w+addr+fence.r.rws.litmus
/opt/litmus-tests-riscv/tests/to-AArch64/RV+ISA2+fence.w.w+addr+fence.rw.rw.litmus
/opt/litmus-tests-riscv/tests/to-AArch64/RV+ISA2+fence.w.w+addr+fence.rw.rws.litmus
/opt/litmus-tests-riscv/tests/to-AArch64/RV+ISA2+fence.w.w+ctrl+addr.litmus
/opt/litmus-tests-riscv/tests/to-AArch64/RV+ISA2+fence.w.w+ctrl+addrs.litmus
/opt/litmus-tests-riscv/tests/to-AArch64/RV+ISA2+fence.w.w+ctrl+ctrlfencei.litmus
/opt/litmus-tests-riscv/tests/to-AArch64/RV+ISA2+fence.w.w+ctrl+ctrlfenceis.litmus
/opt/litmus-tests-riscv/tests/to-AArch64/RV+ISA2+fence.w.w+ctrl+fence.r.rw.litmus
/opt/litmus-tests-riscv/tests/to-AArch64/RV+ISA2+fence.w.w+ctrl+fence.r.rws.litmus
/opt/litmus-tests-riscv/tests/to-AArch64/RV+ISA2+fence.w.w+ctrl+fence.rw.rw.litmus
/opt/litmus-tests-riscv/tests/to-AArch64/RV+ISA2+fence.w.w+ctrl+fence.rw.rws.litmus
/opt/litmus-tests-riscv/tests/to-AArch64/RV+ISA2+fence.w.w+ctrlfencei+addr.litmus
/opt/litmus-tests-riscv/tests/to-AArch64/RV+ISA2+fence.w.w+ctrlfencei+addrs.litmus
/opt/litmus-tests-riscv/tests/to-AArch64/RV+ISA2+fence.w.w+ctrlfencei+ctrlfencei.litmus
/opt/litmus-tests-riscv/tests/to-AArch64/RV+ISA2+fence.w.w+ctrlfencei+ctrlfenceis.litmus
/opt/litmus-tests-riscv/tests/to-AArch64/RV+ISA2+fence.w.w+ctrlfencei+fence.r.rw.litmus
/opt/litmus-tests-riscv/tests/to-AArch64/RV+ISA2+fence.w.w+ctrlfencei+fence.r.rws.litmus
/opt/litmus-tests-riscv/tests/to-AArch64/RV+ISA2+fence.w.w+ctrlfencei+fence.rw.rw.litmus
/opt/litmus-tests-riscv/tests/to-AArch64/RV+ISA2+fence.w.w+ctrlfencei+fence.rw.rws.litmus
/opt/litmus-tests-riscv/tests/to-AArch64/RV+ISA2+fence.w.w+data+addr.litmus
/opt/litmus-tests-riscv/tests/to-AArch64/RV+ISA2+fence.w.w+data+addrs.litmus
/opt/litmus-tests-riscv/tests/to-AArch64/RV+ISA2+fence.w.w+data+ctrlfencei.litmus
/opt/litmus-tests-riscv/tests/to-AArch64/RV+ISA2+fence.w.w+data+ctrlfenceis.litmus
/opt/litmus-tests-riscv/tests/to-AArch64/RV+ISA2+fence.w.w+data+fence.r.rw.litmus
/opt/litmus-tests-riscv/tests/to-AArch64/RV+ISA2+fence.w.w+data+fence.r.rws.litmus
/opt/litmus-tests-riscv/tests/to-AArch64/RV+ISA2+fence.w.w+data+fence.rw.rw.litmus
/opt/litmus-tests-riscv/tests/to-AArch64/RV+ISA2+fence.w.w+data+fence.rw.rws.litmus
/opt/litmus-tests-riscv/tests/to-AArch64/RV+ISA2+fence.w.w+fence.r.rw+addr.litmus
/opt/litmus-tests-riscv/tests/to-AArch64/RV+ISA2+fence.w.w+fence.r.rw+addrs.litmus
/opt/litmus-tests-riscv/tests/to-AArch64/RV+ISA2+fence.w.w+fence.r.rw+ctrlfencei.litmus
/opt/litmus-tests-riscv/tests/to-AArch64/RV+ISA2+fence.w.w+fence.r.rw+ctrlfenceis.litmus
/opt/litmus-tests-riscv/tests/to-AArch64/RV+ISA2+fence.w.w+fence.r.rw+fence.r.rw.litmus
/opt/litmus-tests-riscv/tests/to-AArch64/RV+ISA2+fence.w.w+fence.r.rw+fence.r.rws.litmus
/opt/litmus-tests-riscv/tests/to-AArch64/RV+ISA2+fence.w.w+fence.r.rw+fence.rw.rw.litmus
/opt/litmus-tests-riscv/tests/to-AArch64/RV+ISA2+fence.w.w+fence.r.rw+fence.rw.rws.litmus
/opt/litmus-tests-riscv/tests/to-AArch64/RV+ISA2+fence.w.w+fence.rw.rw+addr.litmus
/opt/litmus-tests-riscv/tests/to-AArch64/RV+ISA2+fence.w.w+fence.rw.rw+addrs.litmus
/opt/litmus-tests-riscv/tests/to-AArch64/RV+ISA2+fence.w.w+fence.rw.rw+ctrlfencei.litmus
/opt/litmus-tests-riscv/tests/to-AArch64/RV+ISA2+fence.w.w+fence.rw.rw+ctrlfenceis.litmus
/opt/litmus-tests-riscv/tests/to-AArch64/RV+ISA2+fence.w.w+fence.rw.rw+fence.r.rw.litmus
/opt/litmus-tests-riscv/tests/to-AArch64/RV+ISA2+fence.w.w+fence.rw.rw+fence.r.rws.litmus
/opt/litmus-tests-riscv/tests/to-AArch64/RV+ISA2+fence.w.w+fence.rw.rw+fence.rw.rw.litmus
/opt/litmus-tests-riscv/tests/to-AArch64/RV+ISA2+fence.w.w+fence.rw.rw+fence.rw.rws.litmus
/opt/litmus-tests-riscv/tests/to-AArch64/RV+ISA2+fence.w.w+pos+addr.litmus
/opt/litmus-tests-riscv/tests/to-AArch64/RV+ISA2+fence.w.w+pos+ctrlfencei.litmus
/opt/litmus-tests-riscv/tests/to-AArch64/RV+ISA2+fence.w.w+pos+fence.r.rw.litmus
/opt/litmus-tests-riscv/tests/to-AArch64/RV+ISA2+fence.w.w+pos+fence.rw.rw.litmus
/opt/litmus-tests-riscv/tests/to-AArch64/RV+ISA2+pos+addr+addr.litmus
/opt/litmus-tests-riscv/tests/to-AArch64/RV+ISA2+pos+addr+ctrlfencei.litmus
/opt/litmus-tests-riscv/tests/to-AArch64/RV+ISA2+pos+addr+fence.r.rw.litmus
/opt/litmus-tests-riscv/tests/to-AArch64/RV+ISA2+pos+addr+fence.rw.rw.litmus
/opt/litmus-tests-riscv/tests/to-AArch64/RV+ISA2+pos+ctrl+addr.litmus
/opt/litmus-tests-riscv/tests/to-AArch64/RV+ISA2+pos+ctrl+ctrlfencei.litmus
/opt/litmus-tests-riscv/tests/to-AArch64/RV+ISA2+pos+ctrl+fence.r.rw.litmus
/opt/litmus-tests-riscv/tests/to-AArch64/RV+ISA2+pos+ctrl+fence.rw.rw.litmus
/opt/litmus-tests-riscv/tests/to-AArch64/RV+ISA2+pos+ctrlfencei+addr.litmus
/opt/litmus-tests-riscv/tests/to-AArch64/RV+ISA2+pos+ctrlfencei+ctrlfencei.litmus
/opt/litmus-tests-riscv/tests/to-AArch64/RV+ISA2+pos+ctrlfencei+fence.r.rw.litmus
/opt/litmus-tests-riscv/tests/to-AArch64/RV+ISA2+pos+ctrlfencei+fence.rw.rw.litmus
/opt/litmus-tests-riscv/tests/to-AArch64/RV+ISA2+pos+data+addr.litmus
/opt/litmus-tests-riscv/tests/to-AArch64/RV+ISA2+pos+data+ctrlfencei.litmus
/opt/litmus-tests-riscv/tests/to-AArch64/RV+ISA2+pos+data+fence.r.rw.litmus
/opt/litmus-tests-riscv/tests/to-AArch64/RV+ISA2+pos+data+fence.rw.rw.litmus
/opt/litmus-tests-riscv/tests/to-AArch64/RV+ISA2+pos+fence.r.rw+addr.litmus
/opt/litmus-tests-riscv/tests/to-AArch64/RV+ISA2+pos+fence.r.rw+ctrlfencei.litmus
/opt/litmus-tests-riscv/tests/to-AArch64/RV+ISA2+pos+fence.r.rw+fence.r.rw.litmus
/opt/litmus-tests-riscv/tests/to-AArch64/RV+ISA2+pos+fence.r.rw+fence.rw.rw.litmus
/opt/litmus-tests-riscv/tests/to-AArch64/RV+ISA2+pos+fence.rw.rw+addr.litmus
/opt/litmus-tests-riscv/tests/to-AArch64/RV+ISA2+pos+fence.rw.rw+ctrlfencei.litmus
/opt/litmus-tests-riscv/tests/to-AArch64/RV+ISA2+pos+fence.rw.rw+fence.r.rw.litmus
/opt/litmus-tests-riscv/tests/to-AArch64/RV+ISA2+pos+fence.rw.rw+fence.rw.rw.litmus
/opt/litmus-tests-riscv/tests/to-AArch64/RV+LB+[fr-fence.rw.rw-fr]+addr.litmus
/opt/litmus-tests-riscv/tests/to-AArch64/RV+LB+[fr-fence.rw.rw-fr]+ctrl.litmus
/opt/litmus-tests-riscv/tests/to-AArch64/RV+LB+[fr-fence.rw.rw-fr]+ctrlfencei.litmus
/opt/litmus-tests-riscv/tests/to-AArch64/RV+LB+[fr-fence.rw.rw-fr]+data.litmus
/opt/litmus-tests-riscv/tests/to-AArch64/RV+LB+[fr-fence.rw.rw-fr]+fence.r.rw.litmus
/opt/litmus-tests-riscv/tests/to-AArch64/RV+LB+[fr-fence.rw.rw-fr]+fence.rw.rw.litmus
/opt/litmus-tests-riscv/tests/to-AArch64/RV+LB+[fr-fence.rw.rw-ws]+addr.litmus
/opt/litmus-tests-riscv/tests/to-AArch64/RV+LB+[fr-fence.rw.rw-ws]+ctrl.litmus
/opt/litmus-tests-riscv/tests/to-AArch64/RV+LB+[fr-fence.rw.rw-ws]+ctrlfencei.litmus
/opt/litmus-tests-riscv/tests/to-AArch64/RV+LB+[fr-fence.rw.rw-ws]+data.litmus
/opt/litmus-tests-riscv/tests/to-AArch64/RV+LB+[fr-fence.rw.rw-ws]+fence.r.rw.litmus
/opt/litmus-tests-riscv/tests/to-AArch64/RV+LB+[fr-fence.rw.rw-ws]+fence.rw.rw.litmus
/opt/litmus-tests-riscv/tests/to-AArch64/RV+LB+[fr-fence.w.w-ws]+addr.litmus
/opt/litmus-tests-riscv/tests/to-AArch64/RV+LB+[fr-fence.w.w-ws]+ctrl.litmus
/opt/litmus-tests-riscv/tests/to-AArch64/RV+LB+[fr-fence.w.w-ws]+ctrlfencei.litmus
/opt/litmus-tests-riscv/tests/to-AArch64/RV+LB+[fr-fence.w.w-ws]+data.litmus
/opt/litmus-tests-riscv/tests/to-AArch64/RV+LB+[fr-fence.w.w-ws]+fence.r.rw.litmus
/opt/litmus-tests-riscv/tests/to-AArch64/RV+LB+[fr-fence.w.w-ws]+fence.rw.rw.litmus
/opt/litmus-tests-riscv/tests/to-AArch64/RV+LB+[fr-rf]-addr+addr.litmus
/opt/litmus-tests-riscv/tests/to-AArch64/RV+LB+[fr-rf]-addr+ctrl.litmus
/opt/litmus-tests-riscv/tests/to-AArch64/RV+LB+[fr-rf]-addr+ctrlfencei.litmus
/opt/litmus-tests-riscv/tests/to-AArch64/RV+LB+[fr-rf]-addr+data.litmus
/opt/litmus-tests-riscv/tests/to-AArch64/RV+LB+[fr-rf]-addr+fence.r.rw.litmus
/opt/litmus-tests-riscv/tests/to-AArch64/RV+LB+[fr-rf]-addr+fence.rw.rw.litmus
/opt/litmus-tests-riscv/tests/to-AArch64/RV+LB+[fr-rf]-ctrl+addr.litmus
/opt/litmus-tests-riscv/tests/to-AArch64/RV+LB+[fr-rf]-ctrl+ctrl.litmus
/opt/litmus-tests-riscv/tests/to-AArch64/RV+LB+[fr-rf]-ctrl+ctrlfencei.litmus
/opt/litmus-tests-riscv/tests/to-AArch64/RV+LB+[fr-rf]-ctrl+data.litmus
/opt/litmus-tests-riscv/tests/to-AArch64/RV+LB+[fr-rf]-ctrl+fence.r.rw.litmus
/opt/litmus-tests-riscv/tests/to-AArch64/RV+LB+[fr-rf]-ctrl+fence.rw.rw.litmus
/opt/litmus-tests-riscv/tests/to-AArch64/RV+LB+[fr-rf]-ctrlfencei+addr.litmus
/opt/litmus-tests-riscv/tests/to-AArch64/RV+LB+[fr-rf]-ctrlfencei+ctrl.litmus
/opt/litmus-tests-riscv/tests/to-AArch64/RV+LB+[fr-rf]-ctrlfencei+ctrlfencei.litmus
/opt/litmus-tests-riscv/tests/to-AArch64/RV+LB+[fr-rf]-ctrlfencei+data.litmus
/opt/litmus-tests-riscv/tests/to-AArch64/RV+LB+[fr-rf]-ctrlfencei+fence.r.rw.litmus
/opt/litmus-tests-riscv/tests/to-AArch64/RV+LB+[fr-rf]-ctrlfencei+fence.rw.rw.litmus
/opt/litmus-tests-riscv/tests/to-AArch64/RV+LB+[fr-rf]-data+addr.litmus
/opt/litmus-tests-riscv/tests/to-AArch64/RV+LB+[fr-rf]-data+ctrl.litmus
/opt/litmus-tests-riscv/tests/to-AArch64/RV+LB+[fr-rf]-data+ctrlfencei.litmus
/opt/litmus-tests-riscv/tests/to-AArch64/RV+LB+[fr-rf]-data+data.litmus
/opt/litmus-tests-riscv/tests/to-AArch64/RV+LB+[fr-rf]-data+fence.r.rw.litmus
/opt/litmus-tests-riscv/tests/to-AArch64/RV+LB+[fr-rf]-data+fence.rw.rw.litmus
/opt/litmus-tests-riscv/tests/to-AArch64/RV+LB+[fr-rf]-fence.r.rw+addr.litmus
/opt/litmus-tests-riscv/tests/to-AArch64/RV+LB+[fr-rf]-fence.r.rw+ctrl.litmus
/opt/litmus-tests-riscv/tests/to-AArch64/RV+LB+[fr-rf]-fence.r.rw+ctrlfencei.litmus
/opt/litmus-tests-riscv/tests/to-AArch64/RV+LB+[fr-rf]-fence.r.rw+data.litmus
/opt/litmus-tests-riscv/tests/to-AArch64/RV+LB+[fr-rf]-fence.r.rw+fence.r.rw.litmus
/opt/litmus-tests-riscv/tests/to-AArch64/RV+LB+[fr-rf]-fence.r.rw+fence.rw.rw.litmus
/opt/litmus-tests-riscv/tests/to-AArch64/RV+LB+[fr-rf]-fence.rw.rw+addr.litmus
/opt/litmus-tests-riscv/tests/to-AArch64/RV+LB+[fr-rf]-fence.rw.rw+ctrl.litmus
/opt/litmus-tests-riscv/tests/to-AArch64/RV+LB+[fr-rf]-fence.rw.rw+ctrlfencei.litmus
/opt/litmus-tests-riscv/tests/to-AArch64/RV+LB+[fr-rf]-fence.rw.rw+data.litmus
/opt/litmus-tests-riscv/tests/to-AArch64/RV+LB+[fr-rf]-fence.rw.rw+fence.r.rw.litmus
/opt/litmus-tests-riscv/tests/to-AArch64/RV+LB+[fr-rf]-fence.rw.rw+fence.rw.rw.litmus
/opt/litmus-tests-riscv/tests/to-AArch64/RV+LB+addr+addr-[fr-ws].litmus
/opt/litmus-tests-riscv/tests/to-AArch64/RV+LB+addr+addr-[rf-fr].litmus
/opt/litmus-tests-riscv/tests/to-AArch64/RV+LB+addr+addr-fri-rfi-addr.litmus
/opt/litmus-tests-riscv/tests/to-AArch64/RV+LB+addr+addr-fri-rfi-ctrl.litmus
/opt/litmus-tests-riscv/tests/to-AArch64/RV+LB+addr+addr-fri-rfi-data.litmus
/opt/litmus-tests-riscv/tests/to-AArch64/RV+LB+addr+addr-rfi-addr.litmus
/opt/litmus-tests-riscv/tests/to-AArch64/RV+LB+addr+addr-rfi-ctrl.litmus
/opt/litmus-tests-riscv/tests/to-AArch64/RV+LB+addr+addr-rfi-ctrlfencei.litmus
/opt/litmus-tests-riscv/tests/to-AArch64/RV+LB+addr+addr-rfi-data.litmus
/opt/litmus-tests-riscv/tests/to-AArch64/RV+LB+addr+addr-wsi-rfi-addr.litmus
/opt/litmus-tests-riscv/tests/to-AArch64/RV+LB+addr+addr-wsi-rfi-ctrl.litmus
/opt/litmus-tests-riscv/tests/to-AArch64/RV+LB+addr+addr-wsi-rfi-data.litmus
/opt/litmus-tests-riscv/tests/to-AArch64/RV+LB+addr+ctrl-[rf-fr].litmus
/opt/litmus-tests-riscv/tests/to-AArch64/RV+LB+addr+ctrl-fri-rfi-addr.litmus
/opt/litmus-tests-riscv/tests/to-AArch64/RV+LB+addr+ctrl-fri-rfi-ctrl.litmus
/opt/litmus-tests-riscv/tests/to-AArch64/RV+LB+addr+ctrl-fri-rfi-data.litmus
/opt/litmus-tests-riscv/tests/to-AArch64/RV+LB+addr+ctrl-rfi-addr.litmus
/opt/litmus-tests-riscv/tests/to-AArch64/RV+LB+addr+ctrl-rfi-ctrl.litmus
/opt/litmus-tests-riscv/tests/to-AArch64/RV+LB+addr+ctrl-rfi-ctrlfencei.litmus
/opt/litmus-tests-riscv/tests/to-AArch64/RV+LB+addr+ctrl-rfi-data.litmus
/opt/litmus-tests-riscv/tests/to-AArch64/RV+LB+addr+ctrl-wsi-rfi-addr.litmus
/opt/litmus-tests-riscv/tests/to-AArch64/RV+LB+addr+ctrl-wsi-rfi-ctrl.litmus
/opt/litmus-tests-riscv/tests/to-AArch64/RV+LB+addr+ctrl-wsi-rfi-data.litmus
/opt/litmus-tests-riscv/tests/to-AArch64/RV+LB+addr+ctrl.litmus
/opt/litmus-tests-riscv/tests/to-AArch64/RV+LB+addr+ctrlfencei-[fr-ws].litmus
/opt/litmus-tests-riscv/tests/to-AArch64/RV+LB+addr+ctrlfencei-[rf-fr].litmus
/opt/litmus-tests-riscv/tests/to-AArch64/RV+LB+addr+ctrlfencei-rfi-addr.litmus
/opt/litmus-tests-riscv/tests/to-AArch64/RV+LB+addr+ctrlfencei-rfi-ctrl.litmus
/opt/litmus-tests-riscv/tests/to-AArch64/RV+LB+addr+ctrlfencei-rfi-ctrlfencei.litmus
/opt/litmus-tests-riscv/tests/to-AArch64/RV+LB+addr+ctrlfencei-rfi-data.litmus
/opt/litmus-tests-riscv/tests/to-AArch64/RV+LB+addr+ctrlfencei.litmus
/opt/litmus-tests-riscv/tests/to-AArch64/RV+LB+addr+data-[rf-fr].litmus
/opt/litmus-tests-riscv/tests/to-AArch64/RV+LB+addr+data-rfi-addr.litmus
/opt/litmus-tests-riscv/tests/to-AArch64/RV+LB+addr+data-rfi-ctrl.litmus
/opt/litmus-tests-riscv/tests/to-AArch64/RV+LB+addr+data-rfi-ctrlfencei.litmus
/opt/litmus-tests-riscv/tests/to-AArch64/RV+LB+addr+data-rfi-data.litmus
/opt/litmus-tests-riscv/tests/to-AArch64/RV+LB+addr+data-wsi-rfi-addr.litmus
/opt/litmus-tests-riscv/tests/to-AArch64/RV+LB+addr+data-wsi-rfi-ctrl.litmus
/opt/litmus-tests-riscv/tests/to-AArch64/RV+LB+addr+data-wsi-rfi-data.litmus
/opt/litmus-tests-riscv/tests/to-AArch64/RV+LB+addr+data.litmus
/opt/litmus-tests-riscv/tests/to-AArch64/RV+LB+addr+fri-rfi-addr.litmus
/opt/litmus-tests-riscv/tests/to-AArch64/RV+LB+addr+fri-rfi-ctrl.litmus
/opt/litmus-tests-riscv/tests/to-AArch64/RV+LB+addr+fri-rfi-data.litmus
/opt/litmus-tests-riscv/tests/to-AArch64/RV+LB+addr+po.litmus
/opt/litmus-tests-riscv/tests/to-AArch64/RV+LB+addr+popx.litmus
/opt/litmus-tests-riscv/tests/to-AArch64/RV+LB+addr+poxp.litmus
/opt/litmus-tests-riscv/tests/to-AArch64/RV+LB+addr+poxx.litmus
/opt/litmus-tests-riscv/tests/to-AArch64/RV+LB+addr-[fr-ws]+ctrl.litmus
/opt/litmus-tests-riscv/tests/to-AArch64/RV+LB+addr-[fr-ws]+ctrlfencei.litmus
/opt/litmus-tests-riscv/tests/to-AArch64/RV+LB+addr-[fr-ws]+data.litmus
/opt/litmus-tests-riscv/tests/to-AArch64/RV+LB+addr-[rf-fr]+ctrl.litmus
/opt/litmus-tests-riscv/tests/to-AArch64/RV+LB+addr-[rf-fr]+ctrlfencei.litmus
/opt/litmus-tests-riscv/tests/to-AArch64/RV+LB+addr-[rf-fr]+data.litmus
/opt/litmus-tests-riscv/tests/to-AArch64/RV+LB+addr-rfi-addr+addr-rfi-ctrl.litmus
/opt/litmus-tests-riscv/tests/to-AArch64/RV+LB+addr-rfi-addr+addr-rfi-ctrlfencei.litmus
/opt/litmus-tests-riscv/tests/to-AArch64/RV+LB+addr-rfi-addr+addr-rfi-data.litmus
/opt/litmus-tests-riscv/tests/to-AArch64/RV+LB+addr-rfi-addr+ctrl-rfi-addr.litmus
/opt/litmus-tests-riscv/tests/to-AArch64/RV+LB+addr-rfi-addr+ctrl-rfi-ctrl.litmus
/opt/litmus-tests-riscv/tests/to-AArch64/RV+LB+addr-rfi-addr+ctrl-rfi-ctrlfencei.litmus
/opt/litmus-tests-riscv/tests/to-AArch64/RV+LB+addr-rfi-addr+ctrl-rfi-data.litmus
/opt/litmus-tests-riscv/tests/to-AArch64/RV+LB+addr-rfi-addr+ctrlfencei-rfi-addr.litmus
/opt/litmus-tests-riscv/tests/to-AArch64/RV+LB+addr-rfi-addr+ctrlfencei-rfi-ctrl.litmus
/opt/litmus-tests-riscv/tests/to-AArch64/RV+LB+addr-rfi-addr+ctrlfencei-rfi-ctrlfencei.litmus
/opt/litmus-tests-riscv/tests/to-AArch64/RV+LB+addr-rfi-addr+ctrlfencei-rfi-data.litmus
/opt/litmus-tests-riscv/tests/to-AArch64/RV+LB+addr-rfi-addr+data-rfi-addr.litmus
/opt/litmus-tests-riscv/tests/to-AArch64/RV+LB+addr-rfi-addr+data-rfi-ctrl.litmus
/opt/litmus-tests-riscv/tests/to-AArch64/RV+LB+addr-rfi-addr+data-rfi-ctrlfencei.litmus
/opt/litmus-tests-riscv/tests/to-AArch64/RV+LB+addr-rfi-addr+data-rfi-data.litmus
/opt/litmus-tests-riscv/tests/to-AArch64/RV+LB+addr-rfi-addrs.litmus
/opt/litmus-tests-riscv/tests/to-AArch64/RV+LB+addr-rfi-ctrl+addr-rfi-ctrlfencei.litmus
/opt/litmus-tests-riscv/tests/to-AArch64/RV+LB+addr-rfi-ctrl+ctrl-rfi-addr.litmus
/opt/litmus-tests-riscv/tests/to-AArch64/RV+LB+addr-rfi-ctrl+ctrl-rfi-ctrl.litmus
/opt/litmus-tests-riscv/tests/to-AArch64/RV+LB+addr-rfi-ctrl+ctrl-rfi-ctrlfencei.litmus
/opt/litmus-tests-riscv/tests/to-AArch64/RV+LB+addr-rfi-ctrl+ctrl-rfi-data.litmus
/opt/litmus-tests-riscv/tests/to-AArch64/RV+LB+addr-rfi-ctrl+ctrlfencei-rfi-addr.litmus
/opt/litmus-tests-riscv/tests/to-AArch64/RV+LB+addr-rfi-ctrl+ctrlfencei-rfi-ctrl.litmus
/opt/litmus-tests-riscv/tests/to-AArch64/RV+LB+addr-rfi-ctrl+ctrlfencei-rfi-ctrlfencei.litmus
/opt/litmus-tests-riscv/tests/to-AArch64/RV+LB+addr-rfi-ctrl+ctrlfencei-rfi-data.litmus
/opt/litmus-tests-riscv/tests/to-AArch64/RV+LB+addr-rfi-ctrl+data-rfi-addr.litmus
/opt/litmus-tests-riscv/tests/to-AArch64/RV+LB+addr-rfi-ctrl+data-rfi-ctrl.litmus
/opt/litmus-tests-riscv/tests/to-AArch64/RV+LB+addr-rfi-ctrl+data-rfi-ctrlfencei.litmus
/opt/litmus-tests-riscv/tests/to-AArch64/RV+LB+addr-rfi-ctrl+data-rfi-data.litmus
/opt/litmus-tests-riscv/tests/to-AArch64/RV+LB+addr-rfi-ctrlfencei+ctrl-rfi-addr.litmus
/opt/litmus-tests-riscv/tests/to-AArch64/RV+LB+addr-rfi-ctrlfencei+ctrl-rfi-ctrl.litmus
/opt/litmus-tests-riscv/tests/to-AArch64/RV+LB+addr-rfi-ctrlfencei+ctrl-rfi-ctrlfencei.litmus
/opt/litmus-tests-riscv/tests/to-AArch64/RV+LB+addr-rfi-ctrlfencei+ctrl-rfi-data.litmus
/opt/litmus-tests-riscv/tests/to-AArch64/RV+LB+addr-rfi-ctrlfencei+ctrlfencei-rfi-addr.litmus
/opt/litmus-tests-riscv/tests/to-AArch64/RV+LB+addr-rfi-ctrlfencei+ctrlfencei-rfi-ctrl.litmus
/opt/litmus-tests-riscv/tests/to-AArch64/RV+LB+addr-rfi-ctrlfencei+ctrlfencei-rfi-ctrlfencei.litmus
/opt/litmus-tests-riscv/tests/to-AArch64/RV+LB+addr-rfi-ctrlfencei+ctrlfencei-rfi-data.litmus
/opt/litmus-tests-riscv/tests/to-AArch64/RV+LB+addr-rfi-ctrlfencei+data-rfi-addr.litmus
/opt/litmus-tests-riscv/tests/to-AArch64/RV+LB+addr-rfi-ctrlfencei+data-rfi-ctrl.litmus
/opt/litmus-tests-riscv/tests/to-AArch64/RV+LB+addr-rfi-ctrlfencei+data-rfi-ctrlfencei.litmus
/opt/litmus-tests-riscv/tests/to-AArch64/RV+LB+addr-rfi-ctrlfencei+data-rfi-data.litmus
/opt/litmus-tests-riscv/tests/to-AArch64/RV+LB+addr-rfi-ctrlfenceis.litmus
/opt/litmus-tests-riscv/tests/to-AArch64/RV+LB+addr-rfi-ctrls.litmus
/opt/litmus-tests-riscv/tests/to-AArch64/RV+LB+addr-rfi-data+addr-rfi-ctrl.litmus
/opt/litmus-tests-riscv/tests/to-AArch64/RV+LB+addr-rfi-data+addr-rfi-ctrlfencei.litmus
/opt/litmus-tests-riscv/tests/to-AArch64/RV+LB+addr-rfi-data+ctrl-rfi-addr.litmus
/opt/litmus-tests-riscv/tests/to-AArch64/RV+LB+addr-rfi-data+ctrl-rfi-ctrl.litmus
/opt/litmus-tests-riscv/tests/to-AArch64/RV+LB+addr-rfi-data+ctrl-rfi-ctrlfencei.litmus
/opt/litmus-tests-riscv/tests/to-AArch64/RV+LB+addr-rfi-data+ctrl-rfi-data.litmus
/opt/litmus-tests-riscv/tests/to-AArch64/RV+LB+addr-rfi-data+ctrlfencei-rfi-addr.litmus
/opt/litmus-tests-riscv/tests/to-AArch64/RV+LB+addr-rfi-data+ctrlfencei-rfi-ctrl.litmus
/opt/litmus-tests-riscv/tests/to-AArch64/RV+LB+addr-rfi-data+ctrlfencei-rfi-ctrlfencei.litmus
/opt/litmus-tests-riscv/tests/to-AArch64/RV+LB+addr-rfi-data+ctrlfencei-rfi-data.litmus
/opt/litmus-tests-riscv/tests/to-AArch64/RV+LB+addr-rfi-data+data-rfi-addr.litmus
/opt/litmus-tests-riscv/tests/to-AArch64/RV+LB+addr-rfi-data+data-rfi-ctrl.litmus
/opt/litmus-tests-riscv/tests/to-AArch64/RV+LB+addr-rfi-data+data-rfi-ctrlfencei.litmus
/opt/litmus-tests-riscv/tests/to-AArch64/RV+LB+addr-rfi-data+data-rfi-data.litmus
/opt/litmus-tests-riscv/tests/to-AArch64/RV+LB+addr-rfi-datas.litmus
/opt/litmus-tests-riscv/tests/to-AArch64/RV+LB+addrs.litmus
/opt/litmus-tests-riscv/tests/to-AArch64/RV+LB+ctrl+addr-fri-rfi-addr.litmus
/opt/litmus-tests-riscv/tests/to-AArch64/RV+LB+ctrl+addr-fri-rfi-ctrl.litmus
/opt/litmus-tests-riscv/tests/to-AArch64/RV+LB+ctrl+addr-fri-rfi-data.litmus
/opt/litmus-tests-riscv/tests/to-AArch64/RV+LB+ctrl+addr-rfi-addr.litmus
/opt/litmus-tests-riscv/tests/to-AArch64/RV+LB+ctrl+addr-rfi-ctrl.litmus
/opt/litmus-tests-riscv/tests/to-AArch64/RV+LB+ctrl+addr-rfi-ctrlfencei.litmus
/opt/litmus-tests-riscv/tests/to-AArch64/RV+LB+ctrl+addr-rfi-data.litmus
/opt/litmus-tests-riscv/tests/to-AArch64/RV+LB+ctrl+addr-wsi-rfi-addr.litmus
/opt/litmus-tests-riscv/tests/to-AArch64/RV+LB+ctrl+addr-wsi-rfi-ctrl.litmus
/opt/litmus-tests-riscv/tests/to-AArch64/RV+LB+ctrl+addr-wsi-rfi-data.litmus
/opt/litmus-tests-riscv/tests/to-AArch64/RV+LB+ctrl+ctrl-[rf-fr].litmus
/opt/litmus-tests-riscv/tests/to-AArch64/RV+LB+ctrl+ctrl-fri-rfi-addr.litmus
/opt/litmus-tests-riscv/tests/to-AArch64/RV+LB+ctrl+ctrl-fri-rfi-ctrl.litmus
/opt/litmus-tests-riscv/tests/to-AArch64/RV+LB+ctrl+ctrl-fri-rfi-data.litmus
/opt/litmus-tests-riscv/tests/to-AArch64/RV+LB+ctrl+ctrl-rfi-addr.litmus
/opt/litmus-tests-riscv/tests/to-AArch64/RV+LB+ctrl+ctrl-rfi-ctrl.litmus
/opt/litmus-tests-riscv/tests/to-AArch64/RV+LB+ctrl+ctrl-rfi-ctrlfencei.litmus
/opt/litmus-tests-riscv/tests/to-AArch64/RV+LB+ctrl+ctrl-rfi-data.litmus
/opt/litmus-tests-riscv/tests/to-AArch64/RV+LB+ctrl+ctrl-wsi-rfi-addr.litmus
/opt/litmus-tests-riscv/tests/to-AArch64/RV+LB+ctrl+ctrl-wsi-rfi-ctrl.litmus
/opt/litmus-tests-riscv/tests/to-AArch64/RV+LB+ctrl+ctrl-wsi-rfi-data.litmus
/opt/litmus-tests-riscv/tests/to-AArch64/RV+LB+ctrl+ctrlfencei-[fr-ws].litmus
/opt/litmus-tests-riscv/tests/to-AArch64/RV+LB+ctrl+ctrlfencei-[rf-fr].litmus
/opt/litmus-tests-riscv/tests/to-AArch64/RV+LB+ctrl+ctrlfencei-rfi-addr.litmus
/opt/litmus-tests-riscv/tests/to-AArch64/RV+LB+ctrl+ctrlfencei-rfi-ctrl.litmus
/opt/litmus-tests-riscv/tests/to-AArch64/RV+LB+ctrl+ctrlfencei-rfi-ctrlfencei.litmus
/opt/litmus-tests-riscv/tests/to-AArch64/RV+LB+ctrl+ctrlfencei-rfi-data.litmus
/opt/litmus-tests-riscv/tests/to-AArch64/RV+LB+ctrl+ctrlfencei.litmus
/opt/litmus-tests-riscv/tests/to-AArch64/RV+LB+ctrl+data-rfi-addr.litmus
/opt/litmus-tests-riscv/tests/to-AArch64/RV+LB+ctrl+data-rfi-ctrl.litmus
/opt/litmus-tests-riscv/tests/to-AArch64/RV+LB+ctrl+data-rfi-ctrlfencei.litmus
/opt/litmus-tests-riscv/tests/to-AArch64/RV+LB+ctrl+data-rfi-data.litmus
/opt/litmus-tests-riscv/tests/to-AArch64/RV+LB+ctrl+data-wsi-rfi-addr.litmus
/opt/litmus-tests-riscv/tests/to-AArch64/RV+LB+ctrl+data-wsi-rfi-ctrl.litmus
/opt/litmus-tests-riscv/tests/to-AArch64/RV+LB+ctrl+data-wsi-rfi-data.litmus
/opt/litmus-tests-riscv/tests/to-AArch64/RV+LB+ctrl+fri-rfi-addr.litmus
/opt/litmus-tests-riscv/tests/to-AArch64/RV+LB+ctrl+fri-rfi-ctrl.litmus
/opt/litmus-tests-riscv/tests/to-AArch64/RV+LB+ctrl+fri-rfi-data.litmus
/opt/litmus-tests-riscv/tests/to-AArch64/RV+LB+ctrl+po.litmus
/opt/litmus-tests-riscv/tests/to-AArch64/RV+LB+ctrl+popx.litmus
/opt/litmus-tests-riscv/tests/to-AArch64/RV+LB+ctrl+poxp.litmus
/opt/litmus-tests-riscv/tests/to-AArch64/RV+LB+ctrl+poxx.litmus
/opt/litmus-tests-riscv/tests/to-AArch64/RV+LB+ctrl-[rf-fr]+ctrlfencei.litmus
/opt/litmus-tests-riscv/tests/to-AArch64/RV+LB+ctrl-rfi-addr+ctrl-rfi-ctrl.litmus
/opt/litmus-tests-riscv/tests/to-AArch64/RV+LB+ctrl-rfi-addr+ctrl-rfi-ctrlfencei.litmus
/opt/litmus-tests-riscv/tests/to-AArch64/RV+LB+ctrl-rfi-addr+ctrl-rfi-data.litmus
/opt/litmus-tests-riscv/tests/to-AArch64/RV+LB+ctrl-rfi-addr+ctrlfencei-rfi-addr.litmus
/opt/litmus-tests-riscv/tests/to-AArch64/RV+LB+ctrl-rfi-addr+ctrlfencei-rfi-ctrl.litmus
/opt/litmus-tests-riscv/tests/to-AArch64/RV+LB+ctrl-rfi-addr+ctrlfencei-rfi-ctrlfencei.litmus
/opt/litmus-tests-riscv/tests/to-AArch64/RV+LB+ctrl-rfi-addr+ctrlfencei-rfi-data.litmus
/opt/litmus-tests-riscv/tests/to-AArch64/RV+LB+ctrl-rfi-addrs.litmus
/opt/litmus-tests-riscv/tests/to-AArch64/RV+LB+ctrl-rfi-ctrl+ctrl-rfi-ctrlfencei.litmus
/opt/litmus-tests-riscv/tests/to-AArch64/RV+LB+ctrl-rfi-ctrl+ctrlfencei-rfi-addr.litmus
/opt/litmus-tests-riscv/tests/to-AArch64/RV+LB+ctrl-rfi-ctrl+ctrlfencei-rfi-ctrl.litmus
/opt/litmus-tests-riscv/tests/to-AArch64/RV+LB+ctrl-rfi-ctrl+ctrlfencei-rfi-ctrlfencei.litmus
/opt/litmus-tests-riscv/tests/to-AArch64/RV+LB+ctrl-rfi-ctrl+ctrlfencei-rfi-data.litmus
/opt/litmus-tests-riscv/tests/to-AArch64/RV+LB+ctrl-rfi-ctrlfencei+ctrlfencei-rfi-addr.litmus
/opt/litmus-tests-riscv/tests/to-AArch64/RV+LB+ctrl-rfi-ctrlfencei+ctrlfencei-rfi-ctrl.litmus
/opt/litmus-tests-riscv/tests/to-AArch64/RV+LB+ctrl-rfi-ctrlfencei+ctrlfencei-rfi-ctrlfencei.litmus
/opt/litmus-tests-riscv/tests/to-AArch64/RV+LB+ctrl-rfi-ctrlfencei+ctrlfencei-rfi-data.litmus
/opt/litmus-tests-riscv/tests/to-AArch64/RV+LB+ctrl-rfi-ctrlfenceis.litmus
/opt/litmus-tests-riscv/tests/to-AArch64/RV+LB+ctrl-rfi-ctrls.litmus
/opt/litmus-tests-riscv/tests/to-AArch64/RV+LB+ctrl-rfi-data+ctrl-rfi-ctrl.litmus
/opt/litmus-tests-riscv/tests/to-AArch64/RV+LB+ctrl-rfi-data+ctrl-rfi-ctrlfencei.litmus
/opt/litmus-tests-riscv/tests/to-AArch64/RV+LB+ctrl-rfi-data+ctrlfencei-rfi-addr.litmus
/opt/litmus-tests-riscv/tests/to-AArch64/RV+LB+ctrl-rfi-data+ctrlfencei-rfi-ctrl.litmus
/opt/litmus-tests-riscv/tests/to-AArch64/RV+LB+ctrl-rfi-data+ctrlfencei-rfi-ctrlfencei.litmus
/opt/litmus-tests-riscv/tests/to-AArch64/RV+LB+ctrl-rfi-data+ctrlfencei-rfi-data.litmus
/opt/litmus-tests-riscv/tests/to-AArch64/RV+LB+ctrl-rfi-datas.litmus
/opt/litmus-tests-riscv/tests/to-AArch64/RV+LB+ctrlfencei+addr-rfi-addr.litmus
/opt/litmus-tests-riscv/tests/to-AArch64/RV+LB+ctrlfencei+addr-rfi-ctrl.litmus
/opt/litmus-tests-riscv/tests/to-AArch64/RV+LB+ctrlfencei+addr-rfi-ctrlfencei.litmus
/opt/litmus-tests-riscv/tests/to-AArch64/RV+LB+ctrlfencei+addr-rfi-data.litmus
/opt/litmus-tests-riscv/tests/to-AArch64/RV+LB+ctrlfencei+ctrl-rfi-addr.litmus
/opt/litmus-tests-riscv/tests/to-AArch64/RV+LB+ctrlfencei+ctrl-rfi-ctrl.litmus
/opt/litmus-tests-riscv/tests/to-AArch64/RV+LB+ctrlfencei+ctrl-rfi-ctrlfencei.litmus
/opt/litmus-tests-riscv/tests/to-AArch64/RV+LB+ctrlfencei+ctrl-rfi-data.litmus
/opt/litmus-tests-riscv/tests/to-AArch64/RV+LB+ctrlfencei+ctrlfencei-[fr-ws].litmus
/opt/litmus-tests-riscv/tests/to-AArch64/RV+LB+ctrlfencei+ctrlfencei-[rf-fr].litmus
/opt/litmus-tests-riscv/tests/to-AArch64/RV+LB+ctrlfencei+ctrlfencei-rfi-addr.litmus
/opt/litmus-tests-riscv/tests/to-AArch64/RV+LB+ctrlfencei+ctrlfencei-rfi-ctrl.litmus
/opt/litmus-tests-riscv/tests/to-AArch64/RV+LB+ctrlfencei+ctrlfencei-rfi-ctrlfencei.litmus
/opt/litmus-tests-riscv/tests/to-AArch64/RV+LB+ctrlfencei+ctrlfencei-rfi-data.litmus
/opt/litmus-tests-riscv/tests/to-AArch64/RV+LB+ctrlfencei+data-rfi-addr.litmus
/opt/litmus-tests-riscv/tests/to-AArch64/RV+LB+ctrlfencei+data-rfi-ctrl.litmus
/opt/litmus-tests-riscv/tests/to-AArch64/RV+LB+ctrlfencei+data-rfi-ctrlfencei.litmus
/opt/litmus-tests-riscv/tests/to-AArch64/RV+LB+ctrlfencei+data-rfi-data.litmus
/opt/litmus-tests-riscv/tests/to-AArch64/RV+LB+ctrlfencei+po.litmus
/opt/litmus-tests-riscv/tests/to-AArch64/RV+LB+ctrlfencei-rfi-addr+ctrlfencei-rfi-ctrl.litmus
/opt/litmus-tests-riscv/tests/to-AArch64/RV+LB+ctrlfencei-rfi-addr+ctrlfencei-rfi-ctrlfencei.litmus
/opt/litmus-tests-riscv/tests/to-AArch64/RV+LB+ctrlfencei-rfi-addr+ctrlfencei-rfi-data.litmus
/opt/litmus-tests-riscv/tests/to-AArch64/RV+LB+ctrlfencei-rfi-addrs.litmus
/opt/litmus-tests-riscv/tests/to-AArch64/RV+LB+ctrlfencei-rfi-ctrl+ctrlfencei-rfi-ctrlfencei.litmus
/opt/litmus-tests-riscv/tests/to-AArch64/RV+LB+ctrlfencei-rfi-ctrlfenceis.litmus
/opt/litmus-tests-riscv/tests/to-AArch64/RV+LB+ctrlfencei-rfi-ctrls.litmus
/opt/litmus-tests-riscv/tests/to-AArch64/RV+LB+ctrlfencei-rfi-data+ctrlfencei-rfi-ctrl.litmus
/opt/litmus-tests-riscv/tests/to-AArch64/RV+LB+ctrlfencei-rfi-data+ctrlfencei-rfi-ctrlfencei.litmus
/opt/litmus-tests-riscv/tests/to-AArch64/RV+LB+ctrlfencei-rfi-datas.litmus
/opt/litmus-tests-riscv/tests/to-AArch64/RV+LB+ctrlfenceis.litmus
/opt/litmus-tests-riscv/tests/to-AArch64/RV+LB+ctrls.litmus
/opt/litmus-tests-riscv/tests/to-AArch64/RV+LB+data+addr-fri-rfi-addr.litmus
/opt/litmus-tests-riscv/tests/to-AArch64/RV+LB+data+addr-fri-rfi-ctrl.litmus
/opt/litmus-tests-riscv/tests/to-AArch64/RV+LB+data+addr-fri-rfi-data.litmus
/opt/litmus-tests-riscv/tests/to-AArch64/RV+LB+data+addr-rfi-addr.litmus
/opt/litmus-tests-riscv/tests/to-AArch64/RV+LB+data+addr-rfi-ctrl.litmus
/opt/litmus-tests-riscv/tests/to-AArch64/RV+LB+data+addr-rfi-ctrlfencei.litmus
/opt/litmus-tests-riscv/tests/to-AArch64/RV+LB+data+addr-rfi-data.litmus
/opt/litmus-tests-riscv/tests/to-AArch64/RV+LB+data+addr-wsi-rfi-addr.litmus
/opt/litmus-tests-riscv/tests/to-AArch64/RV+LB+data+addr-wsi-rfi-ctrl.litmus
/opt/litmus-tests-riscv/tests/to-AArch64/RV+LB+data+addr-wsi-rfi-data.litmus
/opt/litmus-tests-riscv/tests/to-AArch64/RV+LB+data+ctrl-[rf-fr].litmus
/opt/litmus-tests-riscv/tests/to-AArch64/RV+LB+data+ctrl-fri-rfi-addr.litmus
/opt/litmus-tests-riscv/tests/to-AArch64/RV+LB+data+ctrl-fri-rfi-ctrl.litmus
/opt/litmus-tests-riscv/tests/to-AArch64/RV+LB+data+ctrl-fri-rfi-data.litmus
/opt/litmus-tests-riscv/tests/to-AArch64/RV+LB+data+ctrl-rfi-addr.litmus
/opt/litmus-tests-riscv/tests/to-AArch64/RV+LB+data+ctrl-rfi-ctrl.litmus
/opt/litmus-tests-riscv/tests/to-AArch64/RV+LB+data+ctrl-rfi-ctrlfencei.litmus
/opt/litmus-tests-riscv/tests/to-AArch64/RV+LB+data+ctrl-rfi-data.litmus
/opt/litmus-tests-riscv/tests/to-AArch64/RV+LB+data+ctrl-wsi-rfi-addr.litmus
/opt/litmus-tests-riscv/tests/to-AArch64/RV+LB+data+ctrl-wsi-rfi-ctrl.litmus
/opt/litmus-tests-riscv/tests/to-AArch64/RV+LB+data+ctrl-wsi-rfi-data.litmus
/opt/litmus-tests-riscv/tests/to-AArch64/RV+LB+data+ctrl.litmus
/opt/litmus-tests-riscv/tests/to-AArch64/RV+LB+data+ctrlfencei-[fr-ws].litmus
/opt/litmus-tests-riscv/tests/to-AArch64/RV+LB+data+ctrlfencei-[rf-fr].litmus
/opt/litmus-tests-riscv/tests/to-AArch64/RV+LB+data+ctrlfencei-rfi-addr.litmus
/opt/litmus-tests-riscv/tests/to-AArch64/RV+LB+data+ctrlfencei-rfi-ctrl.litmus
/opt/litmus-tests-riscv/tests/to-AArch64/RV+LB+data+ctrlfencei-rfi-ctrlfencei.litmus
/opt/litmus-tests-riscv/tests/to-AArch64/RV+LB+data+ctrlfencei-rfi-data.litmus
/opt/litmus-tests-riscv/tests/to-AArch64/RV+LB+data+ctrlfencei.litmus
/opt/litmus-tests-riscv/tests/to-AArch64/RV+LB+data+data-[rf-fr].litmus
/opt/litmus-tests-riscv/tests/to-AArch64/RV+LB+data+data-rfi-addr.litmus
/opt/litmus-tests-riscv/tests/to-AArch64/RV+LB+data+data-rfi-ctrl.litmus
/opt/litmus-tests-riscv/tests/to-AArch64/RV+LB+data+data-rfi-ctrlfencei.litmus
/opt/litmus-tests-riscv/tests/to-AArch64/RV+LB+data+data-rfi-data.litmus
/opt/litmus-tests-riscv/tests/to-AArch64/RV+LB+data+data-wsi-rfi-addr.litmus
/opt/litmus-tests-riscv/tests/to-AArch64/RV+LB+data+data-wsi-rfi-ctrl.litmus
/opt/litmus-tests-riscv/tests/to-AArch64/RV+LB+data+data-wsi-rfi-data.litmus
/opt/litmus-tests-riscv/tests/to-AArch64/RV+LB+data+fri-rfi-addr.litmus
/opt/litmus-tests-riscv/tests/to-AArch64/RV+LB+data+fri-rfi-ctrl.litmus
/opt/litmus-tests-riscv/tests/to-AArch64/RV+LB+data+fri-rfi-data.litmus
/opt/litmus-tests-riscv/tests/to-AArch64/RV+LB+data+po.litmus
/opt/litmus-tests-riscv/tests/to-AArch64/RV+LB+data+popx.litmus
/opt/litmus-tests-riscv/tests/to-AArch64/RV+LB+data+poxp.litmus
/opt/litmus-tests-riscv/tests/to-AArch64/RV+LB+data+poxx.litmus
/opt/litmus-tests-riscv/tests/to-AArch64/RV+LB+data-[rf-fr]+ctrl.litmus
/opt/litmus-tests-riscv/tests/to-AArch64/RV+LB+data-[rf-fr]+ctrlfencei.litmus
/opt/litmus-tests-riscv/tests/to-AArch64/RV+LB+data-rfi-addr+ctrl-rfi-addr.litmus
/opt/litmus-tests-riscv/tests/to-AArch64/RV+LB+data-rfi-addr+ctrl-rfi-ctrl.litmus
/opt/litmus-tests-riscv/tests/to-AArch64/RV+LB+data-rfi-addr+ctrl-rfi-ctrlfencei.litmus
/opt/litmus-tests-riscv/tests/to-AArch64/RV+LB+data-rfi-addr+ctrl-rfi-data.litmus
/opt/litmus-tests-riscv/tests/to-AArch64/RV+LB+data-rfi-addr+ctrlfencei-rfi-addr.litmus
/opt/litmus-tests-riscv/tests/to-AArch64/RV+LB+data-rfi-addr+ctrlfencei-rfi-ctrl.litmus
/opt/litmus-tests-riscv/tests/to-AArch64/RV+LB+data-rfi-addr+ctrlfencei-rfi-ctrlfencei.litmus
/opt/litmus-tests-riscv/tests/to-AArch64/RV+LB+data-rfi-addr+ctrlfencei-rfi-data.litmus
/opt/litmus-tests-riscv/tests/to-AArch64/RV+LB+data-rfi-addr+data-rfi-ctrl.litmus
/opt/litmus-tests-riscv/tests/to-AArch64/RV+LB+data-rfi-addr+data-rfi-ctrlfencei.litmus
/opt/litmus-tests-riscv/tests/to-AArch64/RV+LB+data-rfi-addr+data-rfi-data.litmus
/opt/litmus-tests-riscv/tests/to-AArch64/RV+LB+data-rfi-addrs.litmus
/opt/litmus-tests-riscv/tests/to-AArch64/RV+LB+data-rfi-ctrl+ctrl-rfi-addr.litmus
/opt/litmus-tests-riscv/tests/to-AArch64/RV+LB+data-rfi-ctrl+ctrl-rfi-ctrl.litmus
/opt/litmus-tests-riscv/tests/to-AArch64/RV+LB+data-rfi-ctrl+ctrl-rfi-ctrlfencei.litmus
/opt/litmus-tests-riscv/tests/to-AArch64/RV+LB+data-rfi-ctrl+ctrl-rfi-data.litmus
/opt/litmus-tests-riscv/tests/to-AArch64/RV+LB+data-rfi-ctrl+ctrlfencei-rfi-addr.litmus
/opt/litmus-tests-riscv/tests/to-AArch64/RV+LB+data-rfi-ctrl+ctrlfencei-rfi-ctrl.litmus
/opt/litmus-tests-riscv/tests/to-AArch64/RV+LB+data-rfi-ctrl+ctrlfencei-rfi-ctrlfencei.litmus
/opt/litmus-tests-riscv/tests/to-AArch64/RV+LB+data-rfi-ctrl+ctrlfencei-rfi-data.litmus
/opt/litmus-tests-riscv/tests/to-AArch64/RV+LB+data-rfi-ctrl+data-rfi-ctrlfencei.litmus
/opt/litmus-tests-riscv/tests/to-AArch64/RV+LB+data-rfi-ctrlfencei+ctrl-rfi-addr.litmus
/opt/litmus-tests-riscv/tests/to-AArch64/RV+LB+data-rfi-ctrlfencei+ctrl-rfi-ctrl.litmus
/opt/litmus-tests-riscv/tests/to-AArch64/RV+LB+data-rfi-ctrlfencei+ctrl-rfi-ctrlfencei.litmus
/opt/litmus-tests-riscv/tests/to-AArch64/RV+LB+data-rfi-ctrlfencei+ctrl-rfi-data.litmus
/opt/litmus-tests-riscv/tests/to-AArch64/RV+LB+data-rfi-ctrlfencei+ctrlfencei-rfi-addr.litmus
/opt/litmus-tests-riscv/tests/to-AArch64/RV+LB+data-rfi-ctrlfencei+ctrlfencei-rfi-ctrl.litmus
/opt/litmus-tests-riscv/tests/to-AArch64/RV+LB+data-rfi-ctrlfencei+ctrlfencei-rfi-ctrlfencei.litmus
/opt/litmus-tests-riscv/tests/to-AArch64/RV+LB+data-rfi-ctrlfencei+ctrlfencei-rfi-data.litmus
/opt/litmus-tests-riscv/tests/to-AArch64/RV+LB+data-rfi-ctrlfenceis.litmus
/opt/litmus-tests-riscv/tests/to-AArch64/RV+LB+data-rfi-ctrls.litmus
/opt/litmus-tests-riscv/tests/to-AArch64/RV+LB+data-rfi-data+ctrl-rfi-addr.litmus
/opt/litmus-tests-riscv/tests/to-AArch64/RV+LB+data-rfi-data+ctrl-rfi-ctrl.litmus
/opt/litmus-tests-riscv/tests/to-AArch64/RV+LB+data-rfi-data+ctrl-rfi-ctrlfencei.litmus
/opt/litmus-tests-riscv/tests/to-AArch64/RV+LB+data-rfi-data+ctrl-rfi-data.litmus
/opt/litmus-tests-riscv/tests/to-AArch64/RV+LB+data-rfi-data+ctrlfencei-rfi-addr.litmus
/opt/litmus-tests-riscv/tests/to-AArch64/RV+LB+data-rfi-data+ctrlfencei-rfi-ctrl.litmus
/opt/litmus-tests-riscv/tests/to-AArch64/RV+LB+data-rfi-data+ctrlfencei-rfi-ctrlfencei.litmus
/opt/litmus-tests-riscv/tests/to-AArch64/RV+LB+data-rfi-data+ctrlfencei-rfi-data.litmus
/opt/litmus-tests-riscv/tests/to-AArch64/RV+LB+data-rfi-data+data-rfi-ctrl.litmus
/opt/litmus-tests-riscv/tests/to-AArch64/RV+LB+data-rfi-data+data-rfi-ctrlfencei.litmus
/opt/litmus-tests-riscv/tests/to-AArch64/RV+LB+data-rfi-datas.litmus
/opt/litmus-tests-riscv/tests/to-AArch64/RV+LB+datas.litmus
/opt/litmus-tests-riscv/tests/to-AArch64/RV+LB+fence.i+addr.litmus
/opt/litmus-tests-riscv/tests/to-AArch64/RV+LB+fence.i+ctrl.litmus
/opt/litmus-tests-riscv/tests/to-AArch64/RV+LB+fence.i+ctrlfencei.litmus
/opt/litmus-tests-riscv/tests/to-AArch64/RV+LB+fence.i+data.litmus
/opt/litmus-tests-riscv/tests/to-AArch64/RV+LB+fence.i+fence.r.rw.litmus
/opt/litmus-tests-riscv/tests/to-AArch64/RV+LB+fence.i+fence.rw.rw.litmus
/opt/litmus-tests-riscv/tests/to-AArch64/RV+LB+fence.is.litmus
/opt/litmus-tests-riscv/tests/to-AArch64/RV+LB+fence.r.rw+addr-[fr-ws].litmus
/opt/litmus-tests-riscv/tests/to-AArch64/RV+LB+fence.r.rw+addr-[rf-fr].litmus
/opt/litmus-tests-riscv/tests/to-AArch64/RV+LB+fence.r.rw+addr-po.litmus
/opt/litmus-tests-riscv/tests/to-AArch64/RV+LB+fence.r.rw+addr-rfi-addr.litmus
/opt/litmus-tests-riscv/tests/to-AArch64/RV+LB+fence.r.rw+addr-rfi-ctrl.litmus
/opt/litmus-tests-riscv/tests/to-AArch64/RV+LB+fence.r.rw+addr-rfi-ctrlfencei.litmus
/opt/litmus-tests-riscv/tests/to-AArch64/RV+LB+fence.r.rw+addr-rfi-data.litmus
/opt/litmus-tests-riscv/tests/to-AArch64/RV+LB+fence.r.rw+addr.litmus
/opt/litmus-tests-riscv/tests/to-AArch64/RV+LB+fence.r.rw+ctrl-[rf-fr].litmus
/opt/litmus-tests-riscv/tests/to-AArch64/RV+LB+fence.r.rw+ctrl-rfi-addr.litmus
/opt/litmus-tests-riscv/tests/to-AArch64/RV+LB+fence.r.rw+ctrl-rfi-ctrl.litmus
/opt/litmus-tests-riscv/tests/to-AArch64/RV+LB+fence.r.rw+ctrl-rfi-ctrlfencei.litmus
/opt/litmus-tests-riscv/tests/to-AArch64/RV+LB+fence.r.rw+ctrl-rfi-data.litmus
/opt/litmus-tests-riscv/tests/to-AArch64/RV+LB+fence.r.rw+ctrl.litmus
/opt/litmus-tests-riscv/tests/to-AArch64/RV+LB+fence.r.rw+ctrlfencei-[fr-ws].litmus
/opt/litmus-tests-riscv/tests/to-AArch64/RV+LB+fence.r.rw+ctrlfencei-[rf-fr].litmus
/opt/litmus-tests-riscv/tests/to-AArch64/RV+LB+fence.r.rw+ctrlfencei-rfi-addr.litmus
/opt/litmus-tests-riscv/tests/to-AArch64/RV+LB+fence.r.rw+ctrlfencei-rfi-ctrl.litmus
/opt/litmus-tests-riscv/tests/to-AArch64/RV+LB+fence.r.rw+ctrlfencei-rfi-ctrlfencei.litmus
/opt/litmus-tests-riscv/tests/to-AArch64/RV+LB+fence.r.rw+ctrlfencei-rfi-data.litmus
/opt/litmus-tests-riscv/tests/to-AArch64/RV+LB+fence.r.rw+ctrlfencei.litmus
/opt/litmus-tests-riscv/tests/to-AArch64/RV+LB+fence.r.rw+data-[rf-fr].litmus
/opt/litmus-tests-riscv/tests/to-AArch64/RV+LB+fence.r.rw+data-po.litmus
/opt/litmus-tests-riscv/tests/to-AArch64/RV+LB+fence.r.rw+data-rfi-addr.litmus
/opt/litmus-tests-riscv/tests/to-AArch64/RV+LB+fence.r.rw+data-rfi-ctrl.litmus
/opt/litmus-tests-riscv/tests/to-AArch64/RV+LB+fence.r.rw+data-rfi-ctrlfencei.litmus
/opt/litmus-tests-riscv/tests/to-AArch64/RV+LB+fence.r.rw+data-rfi-data.litmus
/opt/litmus-tests-riscv/tests/to-AArch64/RV+LB+fence.r.rw+data.litmus
/opt/litmus-tests-riscv/tests/to-AArch64/RV+LB+fence.r.rw+fence.r.rw-[fr-ws].litmus
/opt/litmus-tests-riscv/tests/to-AArch64/RV+LB+fence.r.rw+fence.r.rw-[rf-fr].litmus
/opt/litmus-tests-riscv/tests/to-AArch64/RV+LB+fence.r.rw+fence.rw.rw-[fr-ws].litmus
/opt/litmus-tests-riscv/tests/to-AArch64/RV+LB+fence.r.rw+fence.rw.rw-[rf-fr].litmus
/opt/litmus-tests-riscv/tests/to-AArch64/RV+LB+fence.r.rw+fence.rw.rw.litmus
/opt/litmus-tests-riscv/tests/to-AArch64/RV+LB+fence.r.rw+fence.w.w.litmus
/opt/litmus-tests-riscv/tests/to-AArch64/RV+LB+fence.r.rw+po.litmus
/opt/litmus-tests-riscv/tests/to-AArch64/RV+LB+fence.r.rw-[fr-ws]+addr.litmus
/opt/litmus-tests-riscv/tests/to-AArch64/RV+LB+fence.r.rw-[fr-ws]+ctrl.litmus
/opt/litmus-tests-riscv/tests/to-AArch64/RV+LB+fence.r.rw-[fr-ws]+ctrlfencei.litmus
/opt/litmus-tests-riscv/tests/to-AArch64/RV+LB+fence.r.rw-[fr-ws]+data.litmus
/opt/litmus-tests-riscv/tests/to-AArch64/RV+LB+fence.r.rw-[fr-ws]+fence.rw.rw.litmus
/opt/litmus-tests-riscv/tests/to-AArch64/RV+LB+fence.r.rw-[rf-fr]+addr.litmus
/opt/litmus-tests-riscv/tests/to-AArch64/RV+LB+fence.r.rw-[rf-fr]+ctrl.litmus
/opt/litmus-tests-riscv/tests/to-AArch64/RV+LB+fence.r.rw-[rf-fr]+ctrlfencei.litmus
/opt/litmus-tests-riscv/tests/to-AArch64/RV+LB+fence.r.rw-[rf-fr]+data.litmus
/opt/litmus-tests-riscv/tests/to-AArch64/RV+LB+fence.r.rw-[rf-fr]+fence.rw.rw.litmus
/opt/litmus-tests-riscv/tests/to-AArch64/RV+LB+fence.r.rws.litmus
/opt/litmus-tests-riscv/tests/to-AArch64/RV+LB+fence.rw.rw+addr-[fr-ws].litmus
/opt/litmus-tests-riscv/tests/to-AArch64/RV+LB+fence.rw.rw+addr-[rf-fr].litmus
/opt/litmus-tests-riscv/tests/to-AArch64/RV+LB+fence.rw.rw+addr-fri-rfi-addr.litmus
/opt/litmus-tests-riscv/tests/to-AArch64/RV+LB+fence.rw.rw+addr-fri-rfi-ctrl.litmus
/opt/litmus-tests-riscv/tests/to-AArch64/RV+LB+fence.rw.rw+addr-fri-rfi-data.litmus
/opt/litmus-tests-riscv/tests/to-AArch64/RV+LB+fence.rw.rw+addr-rfi-addr.litmus
/opt/litmus-tests-riscv/tests/to-AArch64/RV+LB+fence.rw.rw+addr-rfi-ctrl.litmus
/opt/litmus-tests-riscv/tests/to-AArch64/RV+LB+fence.rw.rw+addr-rfi-ctrlfencei.litmus
/opt/litmus-tests-riscv/tests/to-AArch64/RV+LB+fence.rw.rw+addr-rfi-data.litmus
/opt/litmus-tests-riscv/tests/to-AArch64/RV+LB+fence.rw.rw+addr-wsi-rfi-addr.litmus
/opt/litmus-tests-riscv/tests/to-AArch64/RV+LB+fence.rw.rw+addr-wsi-rfi-ctrl.litmus
/opt/litmus-tests-riscv/tests/to-AArch64/RV+LB+fence.rw.rw+addr-wsi-rfi-data.litmus
/opt/litmus-tests-riscv/tests/to-AArch64/RV+LB+fence.rw.rw+addr.litmus
/opt/litmus-tests-riscv/tests/to-AArch64/RV+LB+fence.rw.rw+ctrl-[rf-fr].litmus
/opt/litmus-tests-riscv/tests/to-AArch64/RV+LB+fence.rw.rw+ctrl-fri-rfi-addr.litmus
/opt/litmus-tests-riscv/tests/to-AArch64/RV+LB+fence.rw.rw+ctrl-fri-rfi-ctrl.litmus
/opt/litmus-tests-riscv/tests/to-AArch64/RV+LB+fence.rw.rw+ctrl-fri-rfi-data.litmus
/opt/litmus-tests-riscv/tests/to-AArch64/RV+LB+fence.rw.rw+ctrl-rfi-addr.litmus
/opt/litmus-tests-riscv/tests/to-AArch64/RV+LB+fence.rw.rw+ctrl-rfi-ctrl.litmus
/opt/litmus-tests-riscv/tests/to-AArch64/RV+LB+fence.rw.rw+ctrl-rfi-ctrlfencei.litmus
/opt/litmus-tests-riscv/tests/to-AArch64/RV+LB+fence.rw.rw+ctrl-rfi-data.litmus
/opt/litmus-tests-riscv/tests/to-AArch64/RV+LB+fence.rw.rw+ctrl-wsi-rfi-addr.litmus
/opt/litmus-tests-riscv/tests/to-AArch64/RV+LB+fence.rw.rw+ctrl-wsi-rfi-ctrl.litmus
/opt/litmus-tests-riscv/tests/to-AArch64/RV+LB+fence.rw.rw+ctrl-wsi-rfi-data.litmus
/opt/litmus-tests-riscv/tests/to-AArch64/RV+LB+fence.rw.rw+ctrl.litmus
/opt/litmus-tests-riscv/tests/to-AArch64/RV+LB+fence.rw.rw+ctrlfencei-[fr-ws].litmus
/opt/litmus-tests-riscv/tests/to-AArch64/RV+LB+fence.rw.rw+ctrlfencei-[rf-fr].litmus
/opt/litmus-tests-riscv/tests/to-AArch64/RV+LB+fence.rw.rw+ctrlfencei-rfi-addr.litmus
/opt/litmus-tests-riscv/tests/to-AArch64/RV+LB+fence.rw.rw+ctrlfencei-rfi-ctrl.litmus
/opt/litmus-tests-riscv/tests/to-AArch64/RV+LB+fence.rw.rw+ctrlfencei-rfi-ctrlfencei.litmus
/opt/litmus-tests-riscv/tests/to-AArch64/RV+LB+fence.rw.rw+ctrlfencei-rfi-data.litmus
/opt/litmus-tests-riscv/tests/to-AArch64/RV+LB+fence.rw.rw+ctrlfencei.litmus
/opt/litmus-tests-riscv/tests/to-AArch64/RV+LB+fence.rw.rw+data-[rf-fr].litmus
/opt/litmus-tests-riscv/tests/to-AArch64/RV+LB+fence.rw.rw+data-rfi-addr.litmus
/opt/litmus-tests-riscv/tests/to-AArch64/RV+LB+fence.rw.rw+data-rfi-ctrl.litmus
/opt/litmus-tests-riscv/tests/to-AArch64/RV+LB+fence.rw.rw+data-rfi-ctrlfencei.litmus
/opt/litmus-tests-riscv/tests/to-AArch64/RV+LB+fence.rw.rw+data-rfi-data.litmus
/opt/litmus-tests-riscv/tests/to-AArch64/RV+LB+fence.rw.rw+data-wsi-rfi-addr.litmus
/opt/litmus-tests-riscv/tests/to-AArch64/RV+LB+fence.rw.rw+data-wsi-rfi-ctrl.litmus
/opt/litmus-tests-riscv/tests/to-AArch64/RV+LB+fence.rw.rw+data-wsi-rfi-data.litmus
/opt/litmus-tests-riscv/tests/to-AArch64/RV+LB+fence.rw.rw+data.litmus
/opt/litmus-tests-riscv/tests/to-AArch64/RV+LB+fence.rw.rw+fence.rw.rw-[fr-ws].litmus
/opt/litmus-tests-riscv/tests/to-AArch64/RV+LB+fence.rw.rw+fence.rw.rw-[rf-fr].litmus
/opt/litmus-tests-riscv/tests/to-AArch64/RV+LB+fence.rw.rw+fri-rfi-addr.litmus
/opt/litmus-tests-riscv/tests/to-AArch64/RV+LB+fence.rw.rw+fri-rfi-ctrl.litmus
/opt/litmus-tests-riscv/tests/to-AArch64/RV+LB+fence.rw.rw+fri-rfi-data.litmus
/opt/litmus-tests-riscv/tests/to-AArch64/RV+LB+fence.rw.rw+po.litmus
/opt/litmus-tests-riscv/tests/to-AArch64/RV+LB+fence.rw.rw+popx.litmus
/opt/litmus-tests-riscv/tests/to-AArch64/RV+LB+fence.rw.rw+poxp.litmus
/opt/litmus-tests-riscv/tests/to-AArch64/RV+LB+fence.rw.rw+poxx.litmus
/opt/litmus-tests-riscv/tests/to-AArch64/RV+LB+fence.rw.rw-[fr-ws]+addr.litmus
/opt/litmus-tests-riscv/tests/to-AArch64/RV+LB+fence.rw.rw-[fr-ws]+ctrl.litmus
/opt/litmus-tests-riscv/tests/to-AArch64/RV+LB+fence.rw.rw-[fr-ws]+ctrlfencei.litmus
/opt/litmus-tests-riscv/tests/to-AArch64/RV+LB+fence.rw.rw-[fr-ws]+data.litmus
/opt/litmus-tests-riscv/tests/to-AArch64/RV+LB+fence.rw.rw-[rf-fr]+addr.litmus
/opt/litmus-tests-riscv/tests/to-AArch64/RV+LB+fence.rw.rw-[rf-fr]+ctrl.litmus
/opt/litmus-tests-riscv/tests/to-AArch64/RV+LB+fence.rw.rw-[rf-fr]+ctrlfencei.litmus
/opt/litmus-tests-riscv/tests/to-AArch64/RV+LB+fence.rw.rw-[rf-fr]+data.litmus
/opt/litmus-tests-riscv/tests/to-AArch64/RV+LB+fence.rw.rws.litmus
/opt/litmus-tests-riscv/tests/to-AArch64/RV+LB+fence.w.w+addr.litmus
/opt/litmus-tests-riscv/tests/to-AArch64/RV+LB+fence.w.w+ctrl.litmus
/opt/litmus-tests-riscv/tests/to-AArch64/RV+LB+fence.w.w+ctrlfencei.litmus
/opt/litmus-tests-riscv/tests/to-AArch64/RV+LB+fence.w.w+data.litmus
/opt/litmus-tests-riscv/tests/to-AArch64/RV+LB+fence.w.w+fence.rw.rw.litmus
/opt/litmus-tests-riscv/tests/to-AArch64/RV+LB+fence.w.ws.litmus
/opt/litmus-tests-riscv/tests/to-AArch64/RV+LB+fri-rfi-addr+fri-rfi-ctrl.litmus
/opt/litmus-tests-riscv/tests/to-AArch64/RV+LB+fri-rfi-addr+fri-rfi-data.litmus
/opt/litmus-tests-riscv/tests/to-AArch64/RV+LB+fri-rfi-addrs.litmus
/opt/litmus-tests-riscv/tests/to-AArch64/RV+LB+fri-rfi-ctrls.litmus
/opt/litmus-tests-riscv/tests/to-AArch64/RV+LB+fri-rfi-data+fri-rfi-ctrl.litmus
/opt/litmus-tests-riscv/tests/to-AArch64/RV+LB+fri-rfi-datas.litmus
/opt/litmus-tests-riscv/tests/to-AArch64/RV+LB+popxs.litmus
/opt/litmus-tests-riscv/tests/to-AArch64/RV+LB+poxps.litmus
/opt/litmus-tests-riscv/tests/to-AArch64/RV+LB+poxxs.litmus
/opt/litmus-tests-riscv/tests/to-AArch64/RV+LB.litmus
/opt/litmus-tests-riscv/tests/to-AArch64/RV+Luc03+BIS.litmus
/opt/litmus-tests-riscv/tests/to-AArch64/RV+Luc03.litmus
/opt/litmus-tests-riscv/tests/to-AArch64/RV+MP+[rf-addr-fr]+addr.litmus
/opt/litmus-tests-riscv/tests/to-AArch64/RV+MP+[rf-addr-fr]+ctrlfencei.litmus
/opt/litmus-tests-riscv/tests/to-AArch64/RV+MP+[rf-addr-fr]+fence.r.rw.litmus
/opt/litmus-tests-riscv/tests/to-AArch64/RV+MP+[rf-addr-fr]+fence.rw.rw.litmus
/opt/litmus-tests-riscv/tests/to-AArch64/RV+MP+[rf-addr-ws]+addr.litmus
/opt/litmus-tests-riscv/tests/to-AArch64/RV+MP+[rf-addr-ws]+ctrlfencei.litmus
/opt/litmus-tests-riscv/tests/to-AArch64/RV+MP+[rf-addr-ws]+fence.r.rw.litmus
/opt/litmus-tests-riscv/tests/to-AArch64/RV+MP+[rf-addr-ws]+fence.rw.rw.litmus
/opt/litmus-tests-riscv/tests/to-AArch64/RV+MP+[rf-ctrl-ws]+addr.litmus
/opt/litmus-tests-riscv/tests/to-AArch64/RV+MP+[rf-ctrl-ws]+ctrlfencei.litmus
/opt/litmus-tests-riscv/tests/to-AArch64/RV+MP+[rf-ctrl-ws]+fence.r.rw.litmus
/opt/litmus-tests-riscv/tests/to-AArch64/RV+MP+[rf-ctrl-ws]+fence.rw.rw.litmus
/opt/litmus-tests-riscv/tests/to-AArch64/RV+MP+[rf-ctrlfencei-fr]+addr.litmus
/opt/litmus-tests-riscv/tests/to-AArch64/RV+MP+[rf-ctrlfencei-fr]+ctrlfencei.litmus
/opt/litmus-tests-riscv/tests/to-AArch64/RV+MP+[rf-ctrlfencei-fr]+fence.r.rw.litmus
/opt/litmus-tests-riscv/tests/to-AArch64/RV+MP+[rf-ctrlfencei-fr]+fence.rw.rw.litmus
/opt/litmus-tests-riscv/tests/to-AArch64/RV+MP+[rf-ctrlfencei-ws]+addr.litmus
/opt/litmus-tests-riscv/tests/to-AArch64/RV+MP+[rf-ctrlfencei-ws]+ctrlfencei.litmus
/opt/litmus-tests-riscv/tests/to-AArch64/RV+MP+[rf-ctrlfencei-ws]+fence.r.rw.litmus
/opt/litmus-tests-riscv/tests/to-AArch64/RV+MP+[rf-ctrlfencei-ws]+fence.rw.rw.litmus
/opt/litmus-tests-riscv/tests/to-AArch64/RV+MP+[rf-data-ws]+addr.litmus
/opt/litmus-tests-riscv/tests/to-AArch64/RV+MP+[rf-data-ws]+ctrlfencei.litmus
/opt/litmus-tests-riscv/tests/to-AArch64/RV+MP+[rf-data-ws]+fence.r.rw.litmus
/opt/litmus-tests-riscv/tests/to-AArch64/RV+MP+[rf-data-ws]+fence.rw.rw.litmus
/opt/litmus-tests-riscv/tests/to-AArch64/RV+MP+[rf-fence.r.rw-fr]+addr.litmus
/opt/litmus-tests-riscv/tests/to-AArch64/RV+MP+[rf-fence.r.rw-fr]+ctrlfencei.litmus
/opt/litmus-tests-riscv/tests/to-AArch64/RV+MP+[rf-fence.r.rw-fr]+fence.r.rw.litmus
/opt/litmus-tests-riscv/tests/to-AArch64/RV+MP+[rf-fence.r.rw-fr]+fence.rw.rw.litmus
/opt/litmus-tests-riscv/tests/to-AArch64/RV+MP+[rf-fence.r.rw-ws]+addr.litmus
/opt/litmus-tests-riscv/tests/to-AArch64/RV+MP+[rf-fence.r.rw-ws]+ctrlfencei.litmus
/opt/litmus-tests-riscv/tests/to-AArch64/RV+MP+[rf-fence.r.rw-ws]+fence.r.rw.litmus
/opt/litmus-tests-riscv/tests/to-AArch64/RV+MP+[rf-fence.r.rw-ws]+fence.rw.rw.litmus
/opt/litmus-tests-riscv/tests/to-AArch64/RV+MP+[rf-fence.rw.rw-fr]+addr.litmus
/opt/litmus-tests-riscv/tests/to-AArch64/RV+MP+[rf-fence.rw.rw-fr]+ctrlfencei.litmus
/opt/litmus-tests-riscv/tests/to-AArch64/RV+MP+[rf-fence.rw.rw-fr]+fence.r.rw.litmus
/opt/litmus-tests-riscv/tests/to-AArch64/RV+MP+[rf-fence.rw.rw-fr]+fence.rw.rw.litmus
/opt/litmus-tests-riscv/tests/to-AArch64/RV+MP+[rf-fence.rw.rw-ws]+addr.litmus
/opt/litmus-tests-riscv/tests/to-AArch64/RV+MP+[rf-fence.rw.rw-ws]+ctrlfencei.litmus
/opt/litmus-tests-riscv/tests/to-AArch64/RV+MP+[rf-fence.rw.rw-ws]+fence.r.rw.litmus
/opt/litmus-tests-riscv/tests/to-AArch64/RV+MP+[rf-fence.rw.rw-ws]+fence.rw.rw.litmus
/opt/litmus-tests-riscv/tests/to-AArch64/RV+MP+[rf-fr]-fence.rw.rw+addr.litmus
/opt/litmus-tests-riscv/tests/to-AArch64/RV+MP+[rf-fr]-fence.rw.rw+ctrlfencei.litmus
/opt/litmus-tests-riscv/tests/to-AArch64/RV+MP+[rf-fr]-fence.rw.rw+fence.r.rw.litmus
/opt/litmus-tests-riscv/tests/to-AArch64/RV+MP+[rf-fr]-fence.rw.rw+fence.rw.rw.litmus
/opt/litmus-tests-riscv/tests/to-AArch64/RV+MP+[rf-fr]-fence.w.w+addr.litmus
/opt/litmus-tests-riscv/tests/to-AArch64/RV+MP+[rf-fr]-fence.w.w+ctrlfencei.litmus
/opt/litmus-tests-riscv/tests/to-AArch64/RV+MP+[rf-fr]-fence.w.w+fence.r.rw.litmus
/opt/litmus-tests-riscv/tests/to-AArch64/RV+MP+[rf-fr]-fence.w.w+fence.rw.rw.litmus
/opt/litmus-tests-riscv/tests/to-AArch64/RV+MP+[ws-fence.rw.rw-fr]+addr.litmus
/opt/litmus-tests-riscv/tests/to-AArch64/RV+MP+[ws-fence.rw.rw-fr]+ctrlfencei.litmus
/opt/litmus-tests-riscv/tests/to-AArch64/RV+MP+[ws-fence.rw.rw-fr]+fence.r.rw.litmus
/opt/litmus-tests-riscv/tests/to-AArch64/RV+MP+[ws-fence.rw.rw-fr]+fence.rw.rw.litmus
/opt/litmus-tests-riscv/tests/to-AArch64/RV+MP+[ws-fence.rw.rw-ws]+addr.litmus
/opt/litmus-tests-riscv/tests/to-AArch64/RV+MP+[ws-fence.rw.rw-ws]+ctrlfencei.litmus
/opt/litmus-tests-riscv/tests/to-AArch64/RV+MP+[ws-fence.rw.rw-ws]+fence.r.rw.litmus
/opt/litmus-tests-riscv/tests/to-AArch64/RV+MP+[ws-fence.rw.rw-ws]+fence.rw.rw.litmus
/opt/litmus-tests-riscv/tests/to-AArch64/RV+MP+[ws-fence.w.w-ws]+addr.litmus
/opt/litmus-tests-riscv/tests/to-AArch64/RV+MP+[ws-fence.w.w-ws]+ctrlfencei.litmus
/opt/litmus-tests-riscv/tests/to-AArch64/RV+MP+[ws-fence.w.w-ws]+fence.r.rw.litmus
/opt/litmus-tests-riscv/tests/to-AArch64/RV+MP+[ws-fence.w.w-ws]+fence.rw.rw.litmus
/opt/litmus-tests-riscv/tests/to-AArch64/RV+MP+[ws-rf]-addr+addr.litmus
/opt/litmus-tests-riscv/tests/to-AArch64/RV+MP+[ws-rf]-addr+ctrlfencei.litmus
/opt/litmus-tests-riscv/tests/to-AArch64/RV+MP+[ws-rf]-addr+fence.r.rw.litmus
/opt/litmus-tests-riscv/tests/to-AArch64/RV+MP+[ws-rf]-addr+fence.rw.rw.litmus
/opt/litmus-tests-riscv/tests/to-AArch64/RV+MP+[ws-rf]-ctrl+addr.litmus
/opt/litmus-tests-riscv/tests/to-AArch64/RV+MP+[ws-rf]-ctrl+ctrlfencei.litmus
/opt/litmus-tests-riscv/tests/to-AArch64/RV+MP+[ws-rf]-ctrl+fence.r.rw.litmus
/opt/litmus-tests-riscv/tests/to-AArch64/RV+MP+[ws-rf]-ctrl+fence.rw.rw.litmus
/opt/litmus-tests-riscv/tests/to-AArch64/RV+MP+[ws-rf]-ctrlfencei+addr.litmus
/opt/litmus-tests-riscv/tests/to-AArch64/RV+MP+[ws-rf]-ctrlfencei+ctrlfencei.litmus
/opt/litmus-tests-riscv/tests/to-AArch64/RV+MP+[ws-rf]-ctrlfencei+fence.r.rw.litmus
/opt/litmus-tests-riscv/tests/to-AArch64/RV+MP+[ws-rf]-ctrlfencei+fence.rw.rw.litmus
/opt/litmus-tests-riscv/tests/to-AArch64/RV+MP+[ws-rf]-data+addr.litmus
/opt/litmus-tests-riscv/tests/to-AArch64/RV+MP+[ws-rf]-data+ctrlfencei.litmus
/opt/litmus-tests-riscv/tests/to-AArch64/RV+MP+[ws-rf]-data+fence.r.rw.litmus
/opt/litmus-tests-riscv/tests/to-AArch64/RV+MP+[ws-rf]-data+fence.rw.rw.litmus
/opt/litmus-tests-riscv/tests/to-AArch64/RV+MP+[ws-rf]-fence.r.rw+addr.litmus
/opt/litmus-tests-riscv/tests/to-AArch64/RV+MP+[ws-rf]-fence.r.rw+ctrlfencei.litmus
/opt/litmus-tests-riscv/tests/to-AArch64/RV+MP+[ws-rf]-fence.r.rw+fence.r.rw.litmus
/opt/litmus-tests-riscv/tests/to-AArch64/RV+MP+[ws-rf]-fence.r.rw+fence.rw.rw.litmus
/opt/litmus-tests-riscv/tests/to-AArch64/RV+MP+[ws-rf]-fence.rw.rw+addr.litmus
/opt/litmus-tests-riscv/tests/to-AArch64/RV+MP+[ws-rf]-fence.rw.rw+ctrlfencei.litmus
/opt/litmus-tests-riscv/tests/to-AArch64/RV+MP+[ws-rf]-fence.rw.rw+fence.r.rw.litmus
/opt/litmus-tests-riscv/tests/to-AArch64/RV+MP+[ws-rf]-fence.rw.rw+fence.rw.rw.litmus
/opt/litmus-tests-riscv/tests/to-AArch64/RV+MP+fence.i+addr.litmus
/opt/litmus-tests-riscv/tests/to-AArch64/RV+MP+fence.i+ctrlfencei.litmus
/opt/litmus-tests-riscv/tests/to-AArch64/RV+MP+fence.i+fence.r.rw.litmus
/opt/litmus-tests-riscv/tests/to-AArch64/RV+MP+fence.i+fence.rw.rw.litmus
/opt/litmus-tests-riscv/tests/to-AArch64/RV+MP+fence.r.rw+addr.litmus
/opt/litmus-tests-riscv/tests/to-AArch64/RV+MP+fence.r.rw+ctrlfencei.litmus
/opt/litmus-tests-riscv/tests/to-AArch64/RV+MP+fence.r.rw+fence.rw.rw.litmus
/opt/litmus-tests-riscv/tests/to-AArch64/RV+MP+fence.r.rws.litmus
/opt/litmus-tests-riscv/tests/to-AArch64/RV+MP+fence.rw.rw+[fr-fence.rw.rw-rf].litmus
/opt/litmus-tests-riscv/tests/to-AArch64/RV+MP+fence.rw.rw+[fr-fence.w.w-rf].litmus
/opt/litmus-tests-riscv/tests/to-AArch64/RV+MP+fence.rw.rw+[fr-rf]-addr.litmus
/opt/litmus-tests-riscv/tests/to-AArch64/RV+MP+fence.rw.rw+[fr-rf]-ctrlfencei.litmus
/opt/litmus-tests-riscv/tests/to-AArch64/RV+MP+fence.rw.rw+[fr-rf]-fence.r.rw.litmus
/opt/litmus-tests-riscv/tests/to-AArch64/RV+MP+fence.rw.rw+[fr-rf]-fence.rw.rw.litmus
/opt/litmus-tests-riscv/tests/to-AArch64/RV+MP+fence.rw.rw+addr-[fr-rf].litmus
/opt/litmus-tests-riscv/tests/to-AArch64/RV+MP+fence.rw.rw+addr-fri-rfi-addr.litmus
/opt/litmus-tests-riscv/tests/to-AArch64/RV+MP+fence.rw.rw+addr-fri-rfi-ctrl.litmus
/opt/litmus-tests-riscv/tests/to-AArch64/RV+MP+fence.rw.rw+addr-fri-rfi.litmus
/opt/litmus-tests-riscv/tests/to-AArch64/RV+MP+fence.rw.rw+addr-rfi-addr.litmus
/opt/litmus-tests-riscv/tests/to-AArch64/RV+MP+fence.rw.rw+addr-rfi-addrs.litmus
/opt/litmus-tests-riscv/tests/to-AArch64/RV+MP+fence.rw.rw+addr-rfi-ctrlfencei.litmus
/opt/litmus-tests-riscv/tests/to-AArch64/RV+MP+fence.rw.rw+addr-rfi-ctrlfenceis.litmus
/opt/litmus-tests-riscv/tests/to-AArch64/RV+MP+fence.rw.rw+addr-rfi.litmus
/opt/litmus-tests-riscv/tests/to-AArch64/RV+MP+fence.rw.rw+addr-wsi-rfi-addr.litmus
/opt/litmus-tests-riscv/tests/to-AArch64/RV+MP+fence.rw.rw+addr-wsi-rfi-ctrl.litmus
/opt/litmus-tests-riscv/tests/to-AArch64/RV+MP+fence.rw.rw+addr.litmus
/opt/litmus-tests-riscv/tests/to-AArch64/RV+MP+fence.rw.rw+ctrl-fri-rfi-addr.litmus
/opt/litmus-tests-riscv/tests/to-AArch64/RV+MP+fence.rw.rw+ctrl-fri-rfi-ctrl.litmus
/opt/litmus-tests-riscv/tests/to-AArch64/RV+MP+fence.rw.rw+ctrl-fri-rfi.litmus
/opt/litmus-tests-riscv/tests/to-AArch64/RV+MP+fence.rw.rw+ctrl-rfi-addr.litmus
/opt/litmus-tests-riscv/tests/to-AArch64/RV+MP+fence.rw.rw+ctrl-rfi-addrs.litmus
/opt/litmus-tests-riscv/tests/to-AArch64/RV+MP+fence.rw.rw+ctrl-rfi-ctrlfencei.litmus
/opt/litmus-tests-riscv/tests/to-AArch64/RV+MP+fence.rw.rw+ctrl-rfi-ctrlfenceis.litmus
/opt/litmus-tests-riscv/tests/to-AArch64/RV+MP+fence.rw.rw+ctrl-rfi.litmus
/opt/litmus-tests-riscv/tests/to-AArch64/RV+MP+fence.rw.rw+ctrl-wsi-rfi-addr.litmus
/opt/litmus-tests-riscv/tests/to-AArch64/RV+MP+fence.rw.rw+ctrl-wsi-rfi-ctrl.litmus
/opt/litmus-tests-riscv/tests/to-AArch64/RV+MP+fence.rw.rw+ctrl.litmus
/opt/litmus-tests-riscv/tests/to-AArch64/RV+MP+fence.rw.rw+ctrlfencei-[fr-rf].litmus
/opt/litmus-tests-riscv/tests/to-AArch64/RV+MP+fence.rw.rw+ctrlfencei-rfi-addr.litmus
/opt/litmus-tests-riscv/tests/to-AArch64/RV+MP+fence.rw.rw+ctrlfencei-rfi-addrs.litmus
/opt/litmus-tests-riscv/tests/to-AArch64/RV+MP+fence.rw.rw+ctrlfencei-rfi-ctrlfencei.litmus
/opt/litmus-tests-riscv/tests/to-AArch64/RV+MP+fence.rw.rw+ctrlfencei-rfi-ctrlfenceis.litmus
/opt/litmus-tests-riscv/tests/to-AArch64/RV+MP+fence.rw.rw+ctrlfencei-rfi.litmus
/opt/litmus-tests-riscv/tests/to-AArch64/RV+MP+fence.rw.rw+ctrlfencei.litmus
/opt/litmus-tests-riscv/tests/to-AArch64/RV+MP+fence.rw.rw+data-rfi-addr.litmus
/opt/litmus-tests-riscv/tests/to-AArch64/RV+MP+fence.rw.rw+data-rfi-addrs.litmus
/opt/litmus-tests-riscv/tests/to-AArch64/RV+MP+fence.rw.rw+data-rfi-ctrlfencei.litmus
/opt/litmus-tests-riscv/tests/to-AArch64/RV+MP+fence.rw.rw+data-rfi-ctrlfenceis.litmus
/opt/litmus-tests-riscv/tests/to-AArch64/RV+MP+fence.rw.rw+data-rfi.litmus
/opt/litmus-tests-riscv/tests/to-AArch64/RV+MP+fence.rw.rw+data-wsi-rfi-addr.litmus
/opt/litmus-tests-riscv/tests/to-AArch64/RV+MP+fence.rw.rw+data-wsi-rfi-ctrl.litmus
/opt/litmus-tests-riscv/tests/to-AArch64/RV+MP+fence.rw.rw+fence.i.litmus
/opt/litmus-tests-riscv/tests/to-AArch64/RV+MP+fence.rw.rw+fence.r.rw-[fr-rf].litmus
/opt/litmus-tests-riscv/tests/to-AArch64/RV+MP+fence.rw.rw+fence.r.rw.litmus
/opt/litmus-tests-riscv/tests/to-AArch64/RV+MP+fence.rw.rw+fence.rw.rw-[fr-rf].litmus
/opt/litmus-tests-riscv/tests/to-AArch64/RV+MP+fence.rw.rw+fence.w.w.litmus
/opt/litmus-tests-riscv/tests/to-AArch64/RV+MP+fence.rw.rw+fri-rfi-addr-fri-rfi.litmus
/opt/litmus-tests-riscv/tests/to-AArch64/RV+MP+fence.rw.rw+fri-rfi-addr.litmus
/opt/litmus-tests-riscv/tests/to-AArch64/RV+MP+fence.rw.rw+fri-rfi-ctrl-fri-rfi.litmus
/opt/litmus-tests-riscv/tests/to-AArch64/RV+MP+fence.rw.rw+fri-rfi-ctrl.litmus
/opt/litmus-tests-riscv/tests/to-AArch64/RV+MP+fence.rw.rw+po.litmus
/opt/litmus-tests-riscv/tests/to-AArch64/RV+MP+fence.rw.rw-[fr-ws]+addr.litmus
/opt/litmus-tests-riscv/tests/to-AArch64/RV+MP+fence.rw.rw-[fr-ws]+ctrlfencei.litmus
/opt/litmus-tests-riscv/tests/to-AArch64/RV+MP+fence.rw.rw-[fr-ws]+fence.r.rw.litmus
/opt/litmus-tests-riscv/tests/to-AArch64/RV+MP+fence.rw.rw-[fr-ws]+fence.rw.rw.litmus
/opt/litmus-tests-riscv/tests/to-AArch64/RV+MP+fence.rw.rw-[rf-fr]+addr.litmus
/opt/litmus-tests-riscv/tests/to-AArch64/RV+MP+fence.rw.rw-[rf-fr]+ctrlfencei.litmus
/opt/litmus-tests-riscv/tests/to-AArch64/RV+MP+fence.rw.rw-[rf-fr]+fence.r.rw.litmus
/opt/litmus-tests-riscv/tests/to-AArch64/RV+MP+fence.rw.rw-[rf-fr]+fence.rw.rw.litmus
/opt/litmus-tests-riscv/tests/to-AArch64/RV+MP+fence.rw.rws.litmus
/opt/litmus-tests-riscv/tests/to-AArch64/RV+MP+fence.w.w+[fr-fence.rw.rw-rf].litmus
/opt/litmus-tests-riscv/tests/to-AArch64/RV+MP+fence.w.w+[fr-fence.w.w-rf].litmus
/opt/litmus-tests-riscv/tests/to-AArch64/RV+MP+fence.w.w+[fr-rf]-addr.litmus
/opt/litmus-tests-riscv/tests/to-AArch64/RV+MP+fence.w.w+[fr-rf]-ctrlfencei.litmus
/opt/litmus-tests-riscv/tests/to-AArch64/RV+MP+fence.w.w+[fr-rf]-fence.r.rw.litmus
/opt/litmus-tests-riscv/tests/to-AArch64/RV+MP+fence.w.w+[fr-rf]-fence.rw.rw.litmus
/opt/litmus-tests-riscv/tests/to-AArch64/RV+MP+fence.w.w+addr-[fr-rf].litmus
/opt/litmus-tests-riscv/tests/to-AArch64/RV+MP+fence.w.w+addr-fence.i.litmus
/opt/litmus-tests-riscv/tests/to-AArch64/RV+MP+fence.w.w+addr-rfi-addr.litmus
/opt/litmus-tests-riscv/tests/to-AArch64/RV+MP+fence.w.w+addr-rfi-addrs.litmus
/opt/litmus-tests-riscv/tests/to-AArch64/RV+MP+fence.w.w+addr-rfi-ctrlfencei.litmus
/opt/litmus-tests-riscv/tests/to-AArch64/RV+MP+fence.w.w+addr-rfi-ctrlfenceis.litmus
/opt/litmus-tests-riscv/tests/to-AArch64/RV+MP+fence.w.w+addr-rfi.litmus
/opt/litmus-tests-riscv/tests/to-AArch64/RV+MP+fence.w.w+addr.litmus
/opt/litmus-tests-riscv/tests/to-AArch64/RV+MP+fence.w.w+ctrl-rfi-addr.litmus
/opt/litmus-tests-riscv/tests/to-AArch64/RV+MP+fence.w.w+ctrl-rfi-addrs.litmus
/opt/litmus-tests-riscv/tests/to-AArch64/RV+MP+fence.w.w+ctrl-rfi-ctrlfencei.litmus
/opt/litmus-tests-riscv/tests/to-AArch64/RV+MP+fence.w.w+ctrl-rfi-ctrlfenceis.litmus
/opt/litmus-tests-riscv/tests/to-AArch64/RV+MP+fence.w.w+ctrl-rfi.litmus
/opt/litmus-tests-riscv/tests/to-AArch64/RV+MP+fence.w.w+ctrl.litmus
/opt/litmus-tests-riscv/tests/to-AArch64/RV+MP+fence.w.w+ctrlfencei-[fr-rf].litmus
/opt/litmus-tests-riscv/tests/to-AArch64/RV+MP+fence.w.w+ctrlfencei-rfi-addr.litmus
/opt/litmus-tests-riscv/tests/to-AArch64/RV+MP+fence.w.w+ctrlfencei-rfi-addrs.litmus
/opt/litmus-tests-riscv/tests/to-AArch64/RV+MP+fence.w.w+ctrlfencei-rfi-ctrlfencei.litmus
/opt/litmus-tests-riscv/tests/to-AArch64/RV+MP+fence.w.w+ctrlfencei-rfi-ctrlfenceis.litmus
/opt/litmus-tests-riscv/tests/to-AArch64/RV+MP+fence.w.w+ctrlfencei-rfi.litmus
/opt/litmus-tests-riscv/tests/to-AArch64/RV+MP+fence.w.w+ctrlfencei.litmus
/opt/litmus-tests-riscv/tests/to-AArch64/RV+MP+fence.w.w+data-fence.i.litmus
/opt/litmus-tests-riscv/tests/to-AArch64/RV+MP+fence.w.w+data-rfi-addr.litmus
/opt/litmus-tests-riscv/tests/to-AArch64/RV+MP+fence.w.w+data-rfi-addrs.litmus
/opt/litmus-tests-riscv/tests/to-AArch64/RV+MP+fence.w.w+data-rfi-ctrlfencei.litmus
/opt/litmus-tests-riscv/tests/to-AArch64/RV+MP+fence.w.w+data-rfi-ctrlfenceis.litmus
/opt/litmus-tests-riscv/tests/to-AArch64/RV+MP+fence.w.w+data-rfi.litmus
/opt/litmus-tests-riscv/tests/to-AArch64/RV+MP+fence.w.w+data-wsi-rfi-addr.litmus
/opt/litmus-tests-riscv/tests/to-AArch64/RV+MP+fence.w.w+fence.i.litmus
/opt/litmus-tests-riscv/tests/to-AArch64/RV+MP+fence.w.w+fence.r.rw-[fr-rf].litmus
/opt/litmus-tests-riscv/tests/to-AArch64/RV+MP+fence.w.w+fence.r.rw.litmus
/opt/litmus-tests-riscv/tests/to-AArch64/RV+MP+fence.w.w+fence.rw.rw-[fr-rf].litmus
/opt/litmus-tests-riscv/tests/to-AArch64/RV+MP+fence.w.w+fence.rw.rw.litmus
/opt/litmus-tests-riscv/tests/to-AArch64/RV+MP+fence.w.w+fri-rfi-ctrlfencei.litmus
/opt/litmus-tests-riscv/tests/to-AArch64/RV+MP+fence.w.w+po.litmus
/opt/litmus-tests-riscv/tests/to-AArch64/RV+MP+fence.w.w-[rf-fr]+addr.litmus
/opt/litmus-tests-riscv/tests/to-AArch64/RV+MP+fence.w.w-[rf-fr]+ctrlfencei.litmus
/opt/litmus-tests-riscv/tests/to-AArch64/RV+MP+fence.w.w-[rf-fr]+fence.r.rw.litmus
/opt/litmus-tests-riscv/tests/to-AArch64/RV+MP+fence.w.w-[rf-fr]+fence.rw.rw.litmus
/opt/litmus-tests-riscv/tests/to-AArch64/RV+MP+fence.w.ws.litmus
/opt/litmus-tests-riscv/tests/to-AArch64/RV+MP+po+addr.litmus
/opt/litmus-tests-riscv/tests/to-AArch64/RV+MP+po+ctrl.litmus
/opt/litmus-tests-riscv/tests/to-AArch64/RV+MP+po+ctrlfencei.litmus
/opt/litmus-tests-riscv/tests/to-AArch64/RV+MP+po+fence.r.rw.litmus
/opt/litmus-tests-riscv/tests/to-AArch64/RV+MP+po+fence.rw.rw.litmus
/opt/litmus-tests-riscv/tests/to-AArch64/RV+MP+pos-rfi-addr+addr-rfi-addr.litmus
/opt/litmus-tests-riscv/tests/to-AArch64/RV+MP+pos-rfi-addr+addr-rfi-ctrlfencei.litmus
/opt/litmus-tests-riscv/tests/to-AArch64/RV+MP+pos-rfi-addr+addr.litmus
/opt/litmus-tests-riscv/tests/to-AArch64/RV+MP+pos-rfi-addr+ctrl-rfi-addr.litmus
/opt/litmus-tests-riscv/tests/to-AArch64/RV+MP+pos-rfi-addr+ctrl-rfi-ctrlfencei.litmus
/opt/litmus-tests-riscv/tests/to-AArch64/RV+MP+pos-rfi-addr+ctrlfencei-rfi-addr.litmus
/opt/litmus-tests-riscv/tests/to-AArch64/RV+MP+pos-rfi-addr+ctrlfencei-rfi-ctrlfencei.litmus
/opt/litmus-tests-riscv/tests/to-AArch64/RV+MP+pos-rfi-addr+ctrlfencei.litmus
/opt/litmus-tests-riscv/tests/to-AArch64/RV+MP+pos-rfi-addr+data-rfi-addr.litmus
/opt/litmus-tests-riscv/tests/to-AArch64/RV+MP+pos-rfi-addr+data-rfi-ctrlfencei.litmus
/opt/litmus-tests-riscv/tests/to-AArch64/RV+MP+pos-rfi-addr+fence.r.rw.litmus
/opt/litmus-tests-riscv/tests/to-AArch64/RV+MP+pos-rfi-addr+fence.rw.rw.litmus
/opt/litmus-tests-riscv/tests/to-AArch64/RV+MP+pos-rfi-ctrl+addr-rfi-addr.litmus
/opt/litmus-tests-riscv/tests/to-AArch64/RV+MP+pos-rfi-ctrl+addr-rfi-ctrlfencei.litmus
/opt/litmus-tests-riscv/tests/to-AArch64/RV+MP+pos-rfi-ctrl+addr.litmus
/opt/litmus-tests-riscv/tests/to-AArch64/RV+MP+pos-rfi-ctrl+ctrl-rfi-addr.litmus
/opt/litmus-tests-riscv/tests/to-AArch64/RV+MP+pos-rfi-ctrl+ctrl-rfi-ctrlfencei.litmus
/opt/litmus-tests-riscv/tests/to-AArch64/RV+MP+pos-rfi-ctrl+ctrlfencei-rfi-addr.litmus
/opt/litmus-tests-riscv/tests/to-AArch64/RV+MP+pos-rfi-ctrl+ctrlfencei-rfi-ctrlfencei.litmus
/opt/litmus-tests-riscv/tests/to-AArch64/RV+MP+pos-rfi-ctrl+ctrlfencei.litmus
/opt/litmus-tests-riscv/tests/to-AArch64/RV+MP+pos-rfi-ctrl+data-rfi-addr.litmus
/opt/litmus-tests-riscv/tests/to-AArch64/RV+MP+pos-rfi-ctrl+data-rfi-ctrlfencei.litmus
/opt/litmus-tests-riscv/tests/to-AArch64/RV+MP+pos-rfi-ctrl+fence.r.rw.litmus
/opt/litmus-tests-riscv/tests/to-AArch64/RV+MP+pos-rfi-ctrl+fence.rw.rw.litmus
/opt/litmus-tests-riscv/tests/to-AArch64/RV+MP+pos-rfi-ctrlfencei+addr-rfi-addr.litmus
/opt/litmus-tests-riscv/tests/to-AArch64/RV+MP+pos-rfi-ctrlfencei+addr-rfi-ctrlfencei.litmus
/opt/litmus-tests-riscv/tests/to-AArch64/RV+MP+pos-rfi-ctrlfencei+addr.litmus
/opt/litmus-tests-riscv/tests/to-AArch64/RV+MP+pos-rfi-ctrlfencei+ctrl-rfi-addr.litmus
/opt/litmus-tests-riscv/tests/to-AArch64/RV+MP+pos-rfi-ctrlfencei+ctrl-rfi-ctrlfencei.litmus
/opt/litmus-tests-riscv/tests/to-AArch64/RV+MP+pos-rfi-ctrlfencei+ctrlfencei-rfi-addr.litmus
/opt/litmus-tests-riscv/tests/to-AArch64/RV+MP+pos-rfi-ctrlfencei+ctrlfencei-rfi-ctrlfencei.litmus
/opt/litmus-tests-riscv/tests/to-AArch64/RV+MP+pos-rfi-ctrlfencei+ctrlfencei.litmus
/opt/litmus-tests-riscv/tests/to-AArch64/RV+MP+pos-rfi-ctrlfencei+data-rfi-addr.litmus
/opt/litmus-tests-riscv/tests/to-AArch64/RV+MP+pos-rfi-ctrlfencei+data-rfi-ctrlfencei.litmus
/opt/litmus-tests-riscv/tests/to-AArch64/RV+MP+pos-rfi-ctrlfencei+fence.r.rw.litmus
/opt/litmus-tests-riscv/tests/to-AArch64/RV+MP+pos-rfi-ctrlfencei+fence.rw.rw.litmus
/opt/litmus-tests-riscv/tests/to-AArch64/RV+MP+pos-rfi-data+addr-rfi-addr.litmus
/opt/litmus-tests-riscv/tests/to-AArch64/RV+MP+pos-rfi-data+addr-rfi-ctrlfencei.litmus
/opt/litmus-tests-riscv/tests/to-AArch64/RV+MP+pos-rfi-data+addr.litmus
/opt/litmus-tests-riscv/tests/to-AArch64/RV+MP+pos-rfi-data+ctrl-rfi-addr.litmus
/opt/litmus-tests-riscv/tests/to-AArch64/RV+MP+pos-rfi-data+ctrl-rfi-ctrlfencei.litmus
/opt/litmus-tests-riscv/tests/to-AArch64/RV+MP+pos-rfi-data+ctrlfencei-rfi-addr.litmus
/opt/litmus-tests-riscv/tests/to-AArch64/RV+MP+pos-rfi-data+ctrlfencei-rfi-ctrlfencei.litmus
/opt/litmus-tests-riscv/tests/to-AArch64/RV+MP+pos-rfi-data+ctrlfencei.litmus
/opt/litmus-tests-riscv/tests/to-AArch64/RV+MP+pos-rfi-data+data-rfi-addr.litmus
/opt/litmus-tests-riscv/tests/to-AArch64/RV+MP+pos-rfi-data+data-rfi-ctrlfencei.litmus
/opt/litmus-tests-riscv/tests/to-AArch64/RV+MP+pos-rfi-data+fence.r.rw.litmus
/opt/litmus-tests-riscv/tests/to-AArch64/RV+MP+pos-rfi-data+fence.rw.rw.litmus
/opt/litmus-tests-riscv/tests/to-AArch64/RV+MP+poxxs.litmus
/opt/litmus-tests-riscv/tests/to-AArch64/RV+MP+rfi-addr+addr-rfi-addr.litmus
/opt/litmus-tests-riscv/tests/to-AArch64/RV+MP+rfi-addr+addr-rfi-addrs.litmus
/opt/litmus-tests-riscv/tests/to-AArch64/RV+MP+rfi-addr+addr-rfi-ctrlfencei.litmus
/opt/litmus-tests-riscv/tests/to-AArch64/RV+MP+rfi-addr+addr-rfi-ctrlfenceis.litmus
/opt/litmus-tests-riscv/tests/to-AArch64/RV+MP+rfi-addr+addr-rfi.litmus
/opt/litmus-tests-riscv/tests/to-AArch64/RV+MP+rfi-addr+addr.litmus
/opt/litmus-tests-riscv/tests/to-AArch64/RV+MP+rfi-addr+ctrl-rfi-addr.litmus
/opt/litmus-tests-riscv/tests/to-AArch64/RV+MP+rfi-addr+ctrl-rfi-addrs.litmus
/opt/litmus-tests-riscv/tests/to-AArch64/RV+MP+rfi-addr+ctrl-rfi-ctrlfencei.litmus
/opt/litmus-tests-riscv/tests/to-AArch64/RV+MP+rfi-addr+ctrl-rfi-ctrlfenceis.litmus
/opt/litmus-tests-riscv/tests/to-AArch64/RV+MP+rfi-addr+ctrl-rfi.litmus
/opt/litmus-tests-riscv/tests/to-AArch64/RV+MP+rfi-addr+ctrlfencei-rfi-addr.litmus
/opt/litmus-tests-riscv/tests/to-AArch64/RV+MP+rfi-addr+ctrlfencei-rfi-addrs.litmus
/opt/litmus-tests-riscv/tests/to-AArch64/RV+MP+rfi-addr+ctrlfencei-rfi-ctrlfencei.litmus
/opt/litmus-tests-riscv/tests/to-AArch64/RV+MP+rfi-addr+ctrlfencei-rfi-ctrlfenceis.litmus
/opt/litmus-tests-riscv/tests/to-AArch64/RV+MP+rfi-addr+ctrlfencei-rfi.litmus
/opt/litmus-tests-riscv/tests/to-AArch64/RV+MP+rfi-addr+ctrlfencei.litmus
/opt/litmus-tests-riscv/tests/to-AArch64/RV+MP+rfi-addr+data-rfi-addr.litmus
/opt/litmus-tests-riscv/tests/to-AArch64/RV+MP+rfi-addr+data-rfi-addrs.litmus
/opt/litmus-tests-riscv/tests/to-AArch64/RV+MP+rfi-addr+data-rfi-ctrlfencei.litmus
/opt/litmus-tests-riscv/tests/to-AArch64/RV+MP+rfi-addr+data-rfi-ctrlfenceis.litmus
/opt/litmus-tests-riscv/tests/to-AArch64/RV+MP+rfi-addr+data-rfi.litmus
/opt/litmus-tests-riscv/tests/to-AArch64/RV+MP+rfi-addr+fence.r.rw.litmus
/opt/litmus-tests-riscv/tests/to-AArch64/RV+MP+rfi-addr+fence.rw.rw.litmus
/opt/litmus-tests-riscv/tests/to-AArch64/RV+MP+rfi-ctrl+addr-rfi-addr.litmus
/opt/litmus-tests-riscv/tests/to-AArch64/RV+MP+rfi-ctrl+addr-rfi-addrs.litmus
/opt/litmus-tests-riscv/tests/to-AArch64/RV+MP+rfi-ctrl+addr-rfi-ctrlfencei.litmus
/opt/litmus-tests-riscv/tests/to-AArch64/RV+MP+rfi-ctrl+addr-rfi-ctrlfenceis.litmus
/opt/litmus-tests-riscv/tests/to-AArch64/RV+MP+rfi-ctrl+addr-rfi.litmus
/opt/litmus-tests-riscv/tests/to-AArch64/RV+MP+rfi-ctrl+addr.litmus
/opt/litmus-tests-riscv/tests/to-AArch64/RV+MP+rfi-ctrl+ctrl-rfi-addr.litmus
/opt/litmus-tests-riscv/tests/to-AArch64/RV+MP+rfi-ctrl+ctrl-rfi-addrs.litmus
/opt/litmus-tests-riscv/tests/to-AArch64/RV+MP+rfi-ctrl+ctrl-rfi-ctrlfencei.litmus
/opt/litmus-tests-riscv/tests/to-AArch64/RV+MP+rfi-ctrl+ctrl-rfi-ctrlfenceis.litmus
/opt/litmus-tests-riscv/tests/to-AArch64/RV+MP+rfi-ctrl+ctrl-rfi.litmus
/opt/litmus-tests-riscv/tests/to-AArch64/RV+MP+rfi-ctrl+ctrlfencei-rfi-addr.litmus
/opt/litmus-tests-riscv/tests/to-AArch64/RV+MP+rfi-ctrl+ctrlfencei-rfi-addrs.litmus
/opt/litmus-tests-riscv/tests/to-AArch64/RV+MP+rfi-ctrl+ctrlfencei-rfi-ctrlfencei.litmus
/opt/litmus-tests-riscv/tests/to-AArch64/RV+MP+rfi-ctrl+ctrlfencei-rfi-ctrlfenceis.litmus
/opt/litmus-tests-riscv/tests/to-AArch64/RV+MP+rfi-ctrl+ctrlfencei-rfi.litmus
/opt/litmus-tests-riscv/tests/to-AArch64/RV+MP+rfi-ctrl+ctrlfencei.litmus
/opt/litmus-tests-riscv/tests/to-AArch64/RV+MP+rfi-ctrl+data-rfi-addr.litmus
/opt/litmus-tests-riscv/tests/to-AArch64/RV+MP+rfi-ctrl+data-rfi-addrs.litmus
/opt/litmus-tests-riscv/tests/to-AArch64/RV+MP+rfi-ctrl+data-rfi-ctrlfencei.litmus
/opt/litmus-tests-riscv/tests/to-AArch64/RV+MP+rfi-ctrl+data-rfi-ctrlfenceis.litmus
/opt/litmus-tests-riscv/tests/to-AArch64/RV+MP+rfi-ctrl+data-rfi.litmus
/opt/litmus-tests-riscv/tests/to-AArch64/RV+MP+rfi-ctrl+fence.r.rw.litmus
/opt/litmus-tests-riscv/tests/to-AArch64/RV+MP+rfi-ctrl+fence.rw.rw.litmus
/opt/litmus-tests-riscv/tests/to-AArch64/RV+MP+rfi-ctrlfencei+addr-rfi-addr.litmus
/opt/litmus-tests-riscv/tests/to-AArch64/RV+MP+rfi-ctrlfencei+addr-rfi-addrs.litmus
/opt/litmus-tests-riscv/tests/to-AArch64/RV+MP+rfi-ctrlfencei+addr-rfi-ctrlfencei.litmus
/opt/litmus-tests-riscv/tests/to-AArch64/RV+MP+rfi-ctrlfencei+addr-rfi-ctrlfenceis.litmus
/opt/litmus-tests-riscv/tests/to-AArch64/RV+MP+rfi-ctrlfencei+addr-rfi.litmus
/opt/litmus-tests-riscv/tests/to-AArch64/RV+MP+rfi-ctrlfencei+addr.litmus
/opt/litmus-tests-riscv/tests/to-AArch64/RV+MP+rfi-ctrlfencei+ctrl-rfi-addr.litmus
/opt/litmus-tests-riscv/tests/to-AArch64/RV+MP+rfi-ctrlfencei+ctrl-rfi-addrs.litmus
/opt/litmus-tests-riscv/tests/to-AArch64/RV+MP+rfi-ctrlfencei+ctrl-rfi-ctrlfencei.litmus
/opt/litmus-tests-riscv/tests/to-AArch64/RV+MP+rfi-ctrlfencei+ctrl-rfi-ctrlfenceis.litmus
/opt/litmus-tests-riscv/tests/to-AArch64/RV+MP+rfi-ctrlfencei+ctrl-rfi.litmus
/opt/litmus-tests-riscv/tests/to-AArch64/RV+MP+rfi-ctrlfencei+ctrlfencei-rfi-addr.litmus
/opt/litmus-tests-riscv/tests/to-AArch64/RV+MP+rfi-ctrlfencei+ctrlfencei-rfi-addrs.litmus
/opt/litmus-tests-riscv/tests/to-AArch64/RV+MP+rfi-ctrlfencei+ctrlfencei-rfi-ctrlfencei.litmus
/opt/litmus-tests-riscv/tests/to-AArch64/RV+MP+rfi-ctrlfencei+ctrlfencei-rfi-ctrlfenceis.litmus
/opt/litmus-tests-riscv/tests/to-AArch64/RV+MP+rfi-ctrlfencei+ctrlfencei-rfi.litmus
/opt/litmus-tests-riscv/tests/to-AArch64/RV+MP+rfi-ctrlfencei+ctrlfencei.litmus
/opt/litmus-tests-riscv/tests/to-AArch64/RV+MP+rfi-ctrlfencei+data-rfi-addr.litmus
/opt/litmus-tests-riscv/tests/to-AArch64/RV+MP+rfi-ctrlfencei+data-rfi-addrs.litmus
/opt/litmus-tests-riscv/tests/to-AArch64/RV+MP+rfi-ctrlfencei+data-rfi-ctrlfencei.litmus
/opt/litmus-tests-riscv/tests/to-AArch64/RV+MP+rfi-ctrlfencei+data-rfi-ctrlfenceis.litmus
/opt/litmus-tests-riscv/tests/to-AArch64/RV+MP+rfi-ctrlfencei+data-rfi.litmus
/opt/litmus-tests-riscv/tests/to-AArch64/RV+MP+rfi-ctrlfencei+fence.r.rw.litmus
/opt/litmus-tests-riscv/tests/to-AArch64/RV+MP+rfi-ctrlfencei+fence.rw.rw.litmus
/opt/litmus-tests-riscv/tests/to-AArch64/RV+MP+rfi-data+addr-rfi-addr.litmus
/opt/litmus-tests-riscv/tests/to-AArch64/RV+MP+rfi-data+addr-rfi-addrs.litmus
/opt/litmus-tests-riscv/tests/to-AArch64/RV+MP+rfi-data+addr-rfi-ctrlfencei.litmus
/opt/litmus-tests-riscv/tests/to-AArch64/RV+MP+rfi-data+addr-rfi-ctrlfenceis.litmus
/opt/litmus-tests-riscv/tests/to-AArch64/RV+MP+rfi-data+addr-rfi.litmus
/opt/litmus-tests-riscv/tests/to-AArch64/RV+MP+rfi-data+addr.litmus
/opt/litmus-tests-riscv/tests/to-AArch64/RV+MP+rfi-data+ctrl-rfi-addr.litmus
/opt/litmus-tests-riscv/tests/to-AArch64/RV+MP+rfi-data+ctrl-rfi-addrs.litmus
/opt/litmus-tests-riscv/tests/to-AArch64/RV+MP+rfi-data+ctrl-rfi-ctrlfencei.litmus
/opt/litmus-tests-riscv/tests/to-AArch64/RV+MP+rfi-data+ctrl-rfi-ctrlfenceis.litmus
/opt/litmus-tests-riscv/tests/to-AArch64/RV+MP+rfi-data+ctrl-rfi.litmus
/opt/litmus-tests-riscv/tests/to-AArch64/RV+MP+rfi-data+ctrlfencei-rfi-addr.litmus
/opt/litmus-tests-riscv/tests/to-AArch64/RV+MP+rfi-data+ctrlfencei-rfi-addrs.litmus
/opt/litmus-tests-riscv/tests/to-AArch64/RV+MP+rfi-data+ctrlfencei-rfi-ctrlfencei.litmus
/opt/litmus-tests-riscv/tests/to-AArch64/RV+MP+rfi-data+ctrlfencei-rfi-ctrlfenceis.litmus
/opt/litmus-tests-riscv/tests/to-AArch64/RV+MP+rfi-data+ctrlfencei-rfi.litmus
/opt/litmus-tests-riscv/tests/to-AArch64/RV+MP+rfi-data+ctrlfencei.litmus
/opt/litmus-tests-riscv/tests/to-AArch64/RV+MP+rfi-data+data-rfi-addr.litmus
/opt/litmus-tests-riscv/tests/to-AArch64/RV+MP+rfi-data+data-rfi-addrs.litmus
/opt/litmus-tests-riscv/tests/to-AArch64/RV+MP+rfi-data+data-rfi-ctrlfencei.litmus
/opt/litmus-tests-riscv/tests/to-AArch64/RV+MP+rfi-data+data-rfi-ctrlfenceis.litmus
/opt/litmus-tests-riscv/tests/to-AArch64/RV+MP+rfi-data+data-rfi.litmus
/opt/litmus-tests-riscv/tests/to-AArch64/RV+MP+rfi-data+fence.r.rw.litmus
/opt/litmus-tests-riscv/tests/to-AArch64/RV+MP+rfi-data+fence.rw.rw.litmus
/opt/litmus-tests-riscv/tests/to-AArch64/RV+MP+wsi-rfi-addr+ctrl.litmus
/opt/litmus-tests-riscv/tests/to-AArch64/RV+MP+wsi-rfi-ctrl+ctrl.litmus
/opt/litmus-tests-riscv/tests/to-AArch64/RV+MP+wsi-rfi-data+ctrl.litmus
/opt/litmus-tests-riscv/tests/to-AArch64/RV+MP.litmus
/opt/litmus-tests-riscv/tests/to-AArch64/RV+PPOAA.litmus
/opt/litmus-tests-riscv/tests/to-AArch64/RV+PPOCA.litmus
/opt/litmus-tests-riscv/tests/to-AArch64/RV+PPODA.litmus
/opt/litmus-tests-riscv/tests/to-AArch64/RV+R+[rf-addr-fr]+fence.rw.rw.litmus
/opt/litmus-tests-riscv/tests/to-AArch64/RV+R+[rf-ctrlfencei-fr]+fence.rw.rw.litmus
/opt/litmus-tests-riscv/tests/to-AArch64/RV+R+[rf-fence.r.rw-fr]+fence.rw.rw.litmus
/opt/litmus-tests-riscv/tests/to-AArch64/RV+R+[rf-fence.rw.rw-fr]+fence.rw.rw.litmus
/opt/litmus-tests-riscv/tests/to-AArch64/RV+R+[rf-fr]-fence.rw.rw+fence.rw.rw.litmus
/opt/litmus-tests-riscv/tests/to-AArch64/RV+R+[rf-fr]-fence.w.w+fence.rw.rw.litmus
/opt/litmus-tests-riscv/tests/to-AArch64/RV+R+[ws-fence.rw.rw-fr]+fence.rw.rw.litmus
/opt/litmus-tests-riscv/tests/to-AArch64/RV+R+[ws-rf]-addr+fence.rw.rw.litmus
/opt/litmus-tests-riscv/tests/to-AArch64/RV+R+[ws-rf]-ctrl+fence.rw.rw.litmus
/opt/litmus-tests-riscv/tests/to-AArch64/RV+R+[ws-rf]-ctrlfencei+fence.rw.rw.litmus
/opt/litmus-tests-riscv/tests/to-AArch64/RV+R+[ws-rf]-data+fence.rw.rw.litmus
/opt/litmus-tests-riscv/tests/to-AArch64/RV+R+[ws-rf]-fence.r.rw+fence.rw.rw.litmus
/opt/litmus-tests-riscv/tests/to-AArch64/RV+R+[ws-rf]-fence.rw.rw+fence.rw.rw.litmus
/opt/litmus-tests-riscv/tests/to-AArch64/RV+R+fence.i+fence.rw.rw.litmus
/opt/litmus-tests-riscv/tests/to-AArch64/RV+R+fence.r.rw+fence.rw.rw.litmus
/opt/litmus-tests-riscv/tests/to-AArch64/RV+R+fence.rw.rw+[rf-addr-rf].litmus
/opt/litmus-tests-riscv/tests/to-AArch64/RV+R+fence.rw.rw+[rf-ctrl-rf].litmus
/opt/litmus-tests-riscv/tests/to-AArch64/RV+R+fence.rw.rw+[rf-ctrlfencei-rf].litmus
/opt/litmus-tests-riscv/tests/to-AArch64/RV+R+fence.rw.rw+[rf-data-rf].litmus
/opt/litmus-tests-riscv/tests/to-AArch64/RV+R+fence.rw.rw+[rf-fence.r.rw-rf].litmus
/opt/litmus-tests-riscv/tests/to-AArch64/RV+R+fence.rw.rw+[rf-fence.rw.rw-rf].litmus
/opt/litmus-tests-riscv/tests/to-AArch64/RV+R+fence.rw.rw+fence.i.litmus
/opt/litmus-tests-riscv/tests/to-AArch64/RV+R+fence.rw.rw+fence.r.rw.litmus
/opt/litmus-tests-riscv/tests/to-AArch64/RV+R+fence.rw.rw+fence.rw.rw-[fr-rf].litmus
/opt/litmus-tests-riscv/tests/to-AArch64/RV+R+fence.rw.rw+fence.w.w.litmus
/opt/litmus-tests-riscv/tests/to-AArch64/RV+R+fence.rw.rw+po-addr.litmus
/opt/litmus-tests-riscv/tests/to-AArch64/RV+R+fence.rw.rw+po-addrs.litmus
/opt/litmus-tests-riscv/tests/to-AArch64/RV+R+fence.rw.rw+po-ctrlfencei.litmus
/opt/litmus-tests-riscv/tests/to-AArch64/RV+R+fence.rw.rw+po-ctrlfenceis.litmus
/opt/litmus-tests-riscv/tests/to-AArch64/RV+R+fence.rw.rw+po.litmus
/opt/litmus-tests-riscv/tests/to-AArch64/RV+R+fence.rw.rw+pos-addr.litmus
/opt/litmus-tests-riscv/tests/to-AArch64/RV+R+fence.rw.rw+pos-ctrlfencei.litmus
/opt/litmus-tests-riscv/tests/to-AArch64/RV+R+fence.rw.rw+rfi-addr-rfi.litmus
/opt/litmus-tests-riscv/tests/to-AArch64/RV+R+fence.rw.rw+rfi-addr.litmus
/opt/litmus-tests-riscv/tests/to-AArch64/RV+R+fence.rw.rw+rfi-ctrl-rfi.litmus
/opt/litmus-tests-riscv/tests/to-AArch64/RV+R+fence.rw.rw+rfi-ctrlfencei-rfi.litmus
/opt/litmus-tests-riscv/tests/to-AArch64/RV+R+fence.rw.rw+rfi-ctrlfencei.litmus
/opt/litmus-tests-riscv/tests/to-AArch64/RV+R+fence.rw.rw+rfi-data-rfi.litmus
/opt/litmus-tests-riscv/tests/to-AArch64/RV+R+fence.rw.rws.litmus
/opt/litmus-tests-riscv/tests/to-AArch64/RV+R+fence.w.w+[rf-addr-rf].litmus
/opt/litmus-tests-riscv/tests/to-AArch64/RV+R+fence.w.w+[rf-ctrl-rf].litmus
/opt/litmus-tests-riscv/tests/to-AArch64/RV+R+fence.w.w+[rf-ctrlfencei-rf].litmus
/opt/litmus-tests-riscv/tests/to-AArch64/RV+R+fence.w.w+[rf-data-rf].litmus
/opt/litmus-tests-riscv/tests/to-AArch64/RV+R+fence.w.w+[rf-fence.r.rw-rf].litmus
/opt/litmus-tests-riscv/tests/to-AArch64/RV+R+fence.w.w+[rf-fence.rw.rw-rf].litmus
/opt/litmus-tests-riscv/tests/to-AArch64/RV+R+fence.w.w+fence.i.litmus
/opt/litmus-tests-riscv/tests/to-AArch64/RV+R+fence.w.w+fence.r.rw.litmus
/opt/litmus-tests-riscv/tests/to-AArch64/RV+R+fence.w.w+fence.rw.rw-[fr-rf].litmus
/opt/litmus-tests-riscv/tests/to-AArch64/RV+R+fence.w.w+fence.rw.rw.litmus
/opt/litmus-tests-riscv/tests/to-AArch64/RV+R+fence.w.w+po-addr.litmus
/opt/litmus-tests-riscv/tests/to-AArch64/RV+R+fence.w.w+po-addrs.litmus
/opt/litmus-tests-riscv/tests/to-AArch64/RV+R+fence.w.w+po-ctrlfencei.litmus
/opt/litmus-tests-riscv/tests/to-AArch64/RV+R+fence.w.w+po-ctrlfenceis.litmus
/opt/litmus-tests-riscv/tests/to-AArch64/RV+R+fence.w.w+po.litmus
/opt/litmus-tests-riscv/tests/to-AArch64/RV+R+fence.w.w+pos-addr.litmus
/opt/litmus-tests-riscv/tests/to-AArch64/RV+R+fence.w.w+pos-ctrlfencei.litmus
/opt/litmus-tests-riscv/tests/to-AArch64/RV+R+fence.w.w+posxp-addr.litmus
/opt/litmus-tests-riscv/tests/to-AArch64/RV+R+fence.w.w+rfi-addr-rfi.litmus
/opt/litmus-tests-riscv/tests/to-AArch64/RV+R+fence.w.w+rfi-addr.litmus
/opt/litmus-tests-riscv/tests/to-AArch64/RV+R+fence.w.w+rfi-ctrl-rfi.litmus
/opt/litmus-tests-riscv/tests/to-AArch64/RV+R+fence.w.w+rfi-ctrlfencei-rfi.litmus
/opt/litmus-tests-riscv/tests/to-AArch64/RV+R+fence.w.w+rfi-ctrlfencei.litmus
/opt/litmus-tests-riscv/tests/to-AArch64/RV+R+fence.w.w+rfi-data-rfi.litmus
/opt/litmus-tests-riscv/tests/to-AArch64/RV+R+fence.w.ws.litmus
/opt/litmus-tests-riscv/tests/to-AArch64/RV+R+po+fence.rw.rw.litmus
/opt/litmus-tests-riscv/tests/to-AArch64/RV+R+pos-rfi-addr+fence.rw.rw.litmus
/opt/litmus-tests-riscv/tests/to-AArch64/RV+R+pos-rfi-addr+rfi-addr.litmus
/opt/litmus-tests-riscv/tests/to-AArch64/RV+R+pos-rfi-addr+rfi-ctrlfencei.litmus
/opt/litmus-tests-riscv/tests/to-AArch64/RV+R+pos-rfi-ctrl+fence.rw.rw.litmus
/opt/litmus-tests-riscv/tests/to-AArch64/RV+R+pos-rfi-ctrl+rfi-addr.litmus
/opt/litmus-tests-riscv/tests/to-AArch64/RV+R+pos-rfi-ctrl+rfi-ctrlfencei.litmus
/opt/litmus-tests-riscv/tests/to-AArch64/RV+R+pos-rfi-ctrlfencei+fence.rw.rw.litmus
/opt/litmus-tests-riscv/tests/to-AArch64/RV+R+pos-rfi-ctrlfencei+rfi-addr.litmus
/opt/litmus-tests-riscv/tests/to-AArch64/RV+R+pos-rfi-ctrlfencei+rfi-ctrlfencei.litmus
/opt/litmus-tests-riscv/tests/to-AArch64/RV+R+pos-rfi-data+fence.rw.rw.litmus
/opt/litmus-tests-riscv/tests/to-AArch64/RV+R+pos-rfi-data+rfi-addr.litmus
/opt/litmus-tests-riscv/tests/to-AArch64/RV+R+pos-rfi-data+rfi-ctrlfencei.litmus
/opt/litmus-tests-riscv/tests/to-AArch64/RV+R+poxxs.litmus
/opt/litmus-tests-riscv/tests/to-AArch64/RV+R+rfi-addr+fence.rw.rw.litmus
/opt/litmus-tests-riscv/tests/to-AArch64/RV+R+rfi-addr+rfi-addr-rfi.litmus
/opt/litmus-tests-riscv/tests/to-AArch64/RV+R+rfi-addr+rfi-ctrl-rfi.litmus
/opt/litmus-tests-riscv/tests/to-AArch64/RV+R+rfi-addr+rfi-ctrlfencei-rfi.litmus
/opt/litmus-tests-riscv/tests/to-AArch64/RV+R+rfi-addr+rfi-ctrlfencei.litmus
/opt/litmus-tests-riscv/tests/to-AArch64/RV+R+rfi-addr+rfi-data-rfi.litmus
/opt/litmus-tests-riscv/tests/to-AArch64/RV+R+rfi-addrs.litmus
/opt/litmus-tests-riscv/tests/to-AArch64/RV+R+rfi-ctrl+fence.rw.rw.litmus
/opt/litmus-tests-riscv/tests/to-AArch64/RV+R+rfi-ctrl+rfi-addr-rfi.litmus
/opt/litmus-tests-riscv/tests/to-AArch64/RV+R+rfi-ctrl+rfi-addr.litmus
/opt/litmus-tests-riscv/tests/to-AArch64/RV+R+rfi-ctrl+rfi-ctrl-rfi.litmus
/opt/litmus-tests-riscv/tests/to-AArch64/RV+R+rfi-ctrl+rfi-ctrlfencei-rfi.litmus
/opt/litmus-tests-riscv/tests/to-AArch64/RV+R+rfi-ctrl+rfi-ctrlfencei.litmus
/opt/litmus-tests-riscv/tests/to-AArch64/RV+R+rfi-ctrl+rfi-data-rfi.litmus
/opt/litmus-tests-riscv/tests/to-AArch64/RV+R+rfi-ctrlfencei+fence.rw.rw.litmus
/opt/litmus-tests-riscv/tests/to-AArch64/RV+R+rfi-ctrlfencei+rfi-addr-rfi.litmus
/opt/litmus-tests-riscv/tests/to-AArch64/RV+R+rfi-ctrlfencei+rfi-addr.litmus
/opt/litmus-tests-riscv/tests/to-AArch64/RV+R+rfi-ctrlfencei+rfi-ctrl-rfi.litmus
/opt/litmus-tests-riscv/tests/to-AArch64/RV+R+rfi-ctrlfencei+rfi-ctrlfencei-rfi.litmus
/opt/litmus-tests-riscv/tests/to-AArch64/RV+R+rfi-ctrlfencei+rfi-data-rfi.litmus
/opt/litmus-tests-riscv/tests/to-AArch64/RV+R+rfi-ctrlfenceis.litmus
/opt/litmus-tests-riscv/tests/to-AArch64/RV+R+rfi-data+fence.rw.rw.litmus
/opt/litmus-tests-riscv/tests/to-AArch64/RV+R+rfi-data+rfi-addr-rfi.litmus
/opt/litmus-tests-riscv/tests/to-AArch64/RV+R+rfi-data+rfi-addr.litmus
/opt/litmus-tests-riscv/tests/to-AArch64/RV+R+rfi-data+rfi-ctrl-rfi.litmus
/opt/litmus-tests-riscv/tests/to-AArch64/RV+R+rfi-data+rfi-ctrlfencei-rfi.litmus
/opt/litmus-tests-riscv/tests/to-AArch64/RV+R+rfi-data+rfi-ctrlfencei.litmus
/opt/litmus-tests-riscv/tests/to-AArch64/RV+R+rfi-data+rfi-data-rfi.litmus
/opt/litmus-tests-riscv/tests/to-AArch64/RV+R.litmus
/opt/litmus-tests-riscv/tests/to-AArch64/RV+RDW.litmus
/opt/litmus-tests-riscv/tests/to-AArch64/RV+RSW.litmus
/opt/litmus-tests-riscv/tests/to-AArch64/RV+RWC+addr+fence.rw.rw.litmus
/opt/litmus-tests-riscv/tests/to-AArch64/RV+RWC+ctrlfencei+fence.rw.rw.litmus
/opt/litmus-tests-riscv/tests/to-AArch64/RV+RWC+fence.r.rw+fence.rw.rw.litmus
/opt/litmus-tests-riscv/tests/to-AArch64/RV+RWC+fence.rw.rws.litmus
/opt/litmus-tests-riscv/tests/to-AArch64/RV+S+[rf-addr-fr]+addr.litmus
/opt/litmus-tests-riscv/tests/to-AArch64/RV+S+[rf-addr-fr]+ctrl.litmus
/opt/litmus-tests-riscv/tests/to-AArch64/RV+S+[rf-addr-fr]+ctrlfencei.litmus
/opt/litmus-tests-riscv/tests/to-AArch64/RV+S+[rf-addr-fr]+data.litmus
/opt/litmus-tests-riscv/tests/to-AArch64/RV+S+[rf-addr-fr]+fence.r.rw.litmus
/opt/litmus-tests-riscv/tests/to-AArch64/RV+S+[rf-addr-fr]+fence.rw.rw.litmus
/opt/litmus-tests-riscv/tests/to-AArch64/RV+S+[rf-addr-ws]+addr.litmus
/opt/litmus-tests-riscv/tests/to-AArch64/RV+S+[rf-addr-ws]+ctrl.litmus
/opt/litmus-tests-riscv/tests/to-AArch64/RV+S+[rf-addr-ws]+ctrlfencei.litmus
/opt/litmus-tests-riscv/tests/to-AArch64/RV+S+[rf-addr-ws]+data.litmus
/opt/litmus-tests-riscv/tests/to-AArch64/RV+S+[rf-addr-ws]+fence.r.rw.litmus
/opt/litmus-tests-riscv/tests/to-AArch64/RV+S+[rf-addr-ws]+fence.rw.rw.litmus
/opt/litmus-tests-riscv/tests/to-AArch64/RV+S+[rf-ctrl-ws]+addr.litmus
/opt/litmus-tests-riscv/tests/to-AArch64/RV+S+[rf-ctrl-ws]+ctrl.litmus
/opt/litmus-tests-riscv/tests/to-AArch64/RV+S+[rf-ctrl-ws]+ctrlfencei.litmus
/opt/litmus-tests-riscv/tests/to-AArch64/RV+S+[rf-ctrl-ws]+data.litmus
/opt/litmus-tests-riscv/tests/to-AArch64/RV+S+[rf-ctrl-ws]+fence.r.rw.litmus
/opt/litmus-tests-riscv/tests/to-AArch64/RV+S+[rf-ctrl-ws]+fence.rw.rw.litmus
/opt/litmus-tests-riscv/tests/to-AArch64/RV+S+[rf-ctrlfencei-fr]+addr.litmus
/opt/litmus-tests-riscv/tests/to-AArch64/RV+S+[rf-ctrlfencei-fr]+ctrl.litmus
/opt/litmus-tests-riscv/tests/to-AArch64/RV+S+[rf-ctrlfencei-fr]+ctrlfencei.litmus
/opt/litmus-tests-riscv/tests/to-AArch64/RV+S+[rf-ctrlfencei-fr]+data.litmus
/opt/litmus-tests-riscv/tests/to-AArch64/RV+S+[rf-ctrlfencei-fr]+fence.r.rw.litmus
/opt/litmus-tests-riscv/tests/to-AArch64/RV+S+[rf-ctrlfencei-fr]+fence.rw.rw.litmus
/opt/litmus-tests-riscv/tests/to-AArch64/RV+S+[rf-ctrlfencei-ws]+addr.litmus
/opt/litmus-tests-riscv/tests/to-AArch64/RV+S+[rf-ctrlfencei-ws]+ctrl.litmus
/opt/litmus-tests-riscv/tests/to-AArch64/RV+S+[rf-ctrlfencei-ws]+ctrlfencei.litmus
/opt/litmus-tests-riscv/tests/to-AArch64/RV+S+[rf-ctrlfencei-ws]+data.litmus
/opt/litmus-tests-riscv/tests/to-AArch64/RV+S+[rf-ctrlfencei-ws]+fence.r.rw.litmus
/opt/litmus-tests-riscv/tests/to-AArch64/RV+S+[rf-ctrlfencei-ws]+fence.rw.rw.litmus
/opt/litmus-tests-riscv/tests/to-AArch64/RV+S+[rf-data-ws]+addr.litmus
/opt/litmus-tests-riscv/tests/to-AArch64/RV+S+[rf-data-ws]+ctrl.litmus
/opt/litmus-tests-riscv/tests/to-AArch64/RV+S+[rf-data-ws]+ctrlfencei.litmus
/opt/litmus-tests-riscv/tests/to-AArch64/RV+S+[rf-data-ws]+data.litmus
/opt/litmus-tests-riscv/tests/to-AArch64/RV+S+[rf-data-ws]+fence.r.rw.litmus
/opt/litmus-tests-riscv/tests/to-AArch64/RV+S+[rf-data-ws]+fence.rw.rw.litmus
/opt/litmus-tests-riscv/tests/to-AArch64/RV+S+[rf-fence.r.rw-fr]+addr.litmus
/opt/litmus-tests-riscv/tests/to-AArch64/RV+S+[rf-fence.r.rw-fr]+ctrl.litmus
/opt/litmus-tests-riscv/tests/to-AArch64/RV+S+[rf-fence.r.rw-fr]+ctrlfencei.litmus
/opt/litmus-tests-riscv/tests/to-AArch64/RV+S+[rf-fence.r.rw-fr]+data.litmus
/opt/litmus-tests-riscv/tests/to-AArch64/RV+S+[rf-fence.r.rw-fr]+fence.r.rw.litmus
/opt/litmus-tests-riscv/tests/to-AArch64/RV+S+[rf-fence.r.rw-fr]+fence.rw.rw.litmus
/opt/litmus-tests-riscv/tests/to-AArch64/RV+S+[rf-fence.r.rw-ws]+addr.litmus
/opt/litmus-tests-riscv/tests/to-AArch64/RV+S+[rf-fence.r.rw-ws]+ctrl.litmus
/opt/litmus-tests-riscv/tests/to-AArch64/RV+S+[rf-fence.r.rw-ws]+ctrlfencei.litmus
/opt/litmus-tests-riscv/tests/to-AArch64/RV+S+[rf-fence.r.rw-ws]+data.litmus
/opt/litmus-tests-riscv/tests/to-AArch64/RV+S+[rf-fence.r.rw-ws]+fence.r.rw.litmus
/opt/litmus-tests-riscv/tests/to-AArch64/RV+S+[rf-fence.r.rw-ws]+fence.rw.rw.litmus
/opt/litmus-tests-riscv/tests/to-AArch64/RV+S+[rf-fence.rw.rw-fr]+addr.litmus
/opt/litmus-tests-riscv/tests/to-AArch64/RV+S+[rf-fence.rw.rw-fr]+ctrl.litmus
/opt/litmus-tests-riscv/tests/to-AArch64/RV+S+[rf-fence.rw.rw-fr]+ctrlfencei.litmus
/opt/litmus-tests-riscv/tests/to-AArch64/RV+S+[rf-fence.rw.rw-fr]+data.litmus
/opt/litmus-tests-riscv/tests/to-AArch64/RV+S+[rf-fence.rw.rw-fr]+fence.r.rw.litmus
/opt/litmus-tests-riscv/tests/to-AArch64/RV+S+[rf-fence.rw.rw-fr]+fence.rw.rw.litmus
/opt/litmus-tests-riscv/tests/to-AArch64/RV+S+[rf-fence.rw.rw-ws]+addr.litmus
/opt/litmus-tests-riscv/tests/to-AArch64/RV+S+[rf-fence.rw.rw-ws]+ctrl.litmus
/opt/litmus-tests-riscv/tests/to-AArch64/RV+S+[rf-fence.rw.rw-ws]+ctrlfencei.litmus
/opt/litmus-tests-riscv/tests/to-AArch64/RV+S+[rf-fence.rw.rw-ws]+data.litmus
/opt/litmus-tests-riscv/tests/to-AArch64/RV+S+[rf-fence.rw.rw-ws]+fence.r.rw.litmus
/opt/litmus-tests-riscv/tests/to-AArch64/RV+S+[rf-fence.rw.rw-ws]+fence.rw.rw.litmus
/opt/litmus-tests-riscv/tests/to-AArch64/RV+S+fence.i+addr.litmus
/opt/litmus-tests-riscv/tests/to-AArch64/RV+S+fence.i+ctrl.litmus
/opt/litmus-tests-riscv/tests/to-AArch64/RV+S+fence.i+ctrlfencei.litmus
/opt/litmus-tests-riscv/tests/to-AArch64/RV+S+fence.i+data.litmus
/opt/litmus-tests-riscv/tests/to-AArch64/RV+S+fence.i+fence.r.rw.litmus
/opt/litmus-tests-riscv/tests/to-AArch64/RV+S+fence.i+fence.rw.rw.litmus
/opt/litmus-tests-riscv/tests/to-AArch64/RV+S+fence.r.rw+addr.litmus
/opt/litmus-tests-riscv/tests/to-AArch64/RV+S+fence.r.rw+ctrl.litmus
/opt/litmus-tests-riscv/tests/to-AArch64/RV+S+fence.r.rw+ctrlfencei.litmus
/opt/litmus-tests-riscv/tests/to-AArch64/RV+S+fence.r.rw+data.litmus
/opt/litmus-tests-riscv/tests/to-AArch64/RV+S+fence.r.rw+fence.rw.rw.litmus
/opt/litmus-tests-riscv/tests/to-AArch64/RV+S+fence.r.rws.litmus
/opt/litmus-tests-riscv/tests/to-AArch64/RV+S+fence.rw.rw+[fr-fence.rw.rw-fr].litmus
/opt/litmus-tests-riscv/tests/to-AArch64/RV+S+fence.rw.rw+[fr-rf]-addr.litmus
/opt/litmus-tests-riscv/tests/to-AArch64/RV+S+fence.rw.rw+[fr-rf]-ctrl.litmus
/opt/litmus-tests-riscv/tests/to-AArch64/RV+S+fence.rw.rw+[fr-rf]-ctrlfencei.litmus
/opt/litmus-tests-riscv/tests/to-AArch64/RV+S+fence.rw.rw+[fr-rf]-data.litmus
/opt/litmus-tests-riscv/tests/to-AArch64/RV+S+fence.rw.rw+[fr-rf]-fence.r.rw.litmus
/opt/litmus-tests-riscv/tests/to-AArch64/RV+S+fence.rw.rw+[fr-rf]-fence.rw.rw.litmus
/opt/litmus-tests-riscv/tests/to-AArch64/RV+S+fence.rw.rw+addr-fri-rfi-addr.litmus
/opt/litmus-tests-riscv/tests/to-AArch64/RV+S+fence.rw.rw+addr-fri-rfi-ctrl.litmus
/opt/litmus-tests-riscv/tests/to-AArch64/RV+S+fence.rw.rw+addr-fri-rfi-data.litmus
/opt/litmus-tests-riscv/tests/to-AArch64/RV+S+fence.rw.rw+addr-rfi-addr.litmus
/opt/litmus-tests-riscv/tests/to-AArch64/RV+S+fence.rw.rw+addr-rfi-ctrl.litmus
/opt/litmus-tests-riscv/tests/to-AArch64/RV+S+fence.rw.rw+addr-rfi-ctrlfencei.litmus
/opt/litmus-tests-riscv/tests/to-AArch64/RV+S+fence.rw.rw+addr-rfi-data.litmus
/opt/litmus-tests-riscv/tests/to-AArch64/RV+S+fence.rw.rw+addr-wsi-rfi-addr.litmus
/opt/litmus-tests-riscv/tests/to-AArch64/RV+S+fence.rw.rw+addr-wsi-rfi-ctrl.litmus
/opt/litmus-tests-riscv/tests/to-AArch64/RV+S+fence.rw.rw+addr-wsi-rfi-data.litmus
/opt/litmus-tests-riscv/tests/to-AArch64/RV+S+fence.rw.rw+addr.litmus
/opt/litmus-tests-riscv/tests/to-AArch64/RV+S+fence.rw.rw+ctrl-fri-rfi-addr.litmus
/opt/litmus-tests-riscv/tests/to-AArch64/RV+S+fence.rw.rw+ctrl-fri-rfi-ctrl.litmus
/opt/litmus-tests-riscv/tests/to-AArch64/RV+S+fence.rw.rw+ctrl-fri-rfi-data.litmus
/opt/litmus-tests-riscv/tests/to-AArch64/RV+S+fence.rw.rw+ctrl-rfi-addr.litmus
/opt/litmus-tests-riscv/tests/to-AArch64/RV+S+fence.rw.rw+ctrl-rfi-ctrl.litmus
/opt/litmus-tests-riscv/tests/to-AArch64/RV+S+fence.rw.rw+ctrl-rfi-ctrlfencei.litmus
/opt/litmus-tests-riscv/tests/to-AArch64/RV+S+fence.rw.rw+ctrl-rfi-data.litmus
/opt/litmus-tests-riscv/tests/to-AArch64/RV+S+fence.rw.rw+ctrl-wsi-rfi-addr.litmus
/opt/litmus-tests-riscv/tests/to-AArch64/RV+S+fence.rw.rw+ctrl-wsi-rfi-ctrl.litmus
/opt/litmus-tests-riscv/tests/to-AArch64/RV+S+fence.rw.rw+ctrl-wsi-rfi-data.litmus
/opt/litmus-tests-riscv/tests/to-AArch64/RV+S+fence.rw.rw+ctrl.litmus
/opt/litmus-tests-riscv/tests/to-AArch64/RV+S+fence.rw.rw+ctrlfencei-rfi-addr.litmus
/opt/litmus-tests-riscv/tests/to-AArch64/RV+S+fence.rw.rw+ctrlfencei-rfi-ctrl.litmus
/opt/litmus-tests-riscv/tests/to-AArch64/RV+S+fence.rw.rw+ctrlfencei-rfi-ctrlfencei.litmus
/opt/litmus-tests-riscv/tests/to-AArch64/RV+S+fence.rw.rw+ctrlfencei-rfi-data.litmus
/opt/litmus-tests-riscv/tests/to-AArch64/RV+S+fence.rw.rw+ctrlfencei.litmus
/opt/litmus-tests-riscv/tests/to-AArch64/RV+S+fence.rw.rw+data-rfi-addr.litmus
/opt/litmus-tests-riscv/tests/to-AArch64/RV+S+fence.rw.rw+data-rfi-ctrl.litmus
/opt/litmus-tests-riscv/tests/to-AArch64/RV+S+fence.rw.rw+data-rfi-ctrlfencei.litmus
/opt/litmus-tests-riscv/tests/to-AArch64/RV+S+fence.rw.rw+data-rfi-data.litmus
/opt/litmus-tests-riscv/tests/to-AArch64/RV+S+fence.rw.rw+data-wsi-rfi-addr.litmus
/opt/litmus-tests-riscv/tests/to-AArch64/RV+S+fence.rw.rw+data-wsi-rfi-ctrl.litmus
/opt/litmus-tests-riscv/tests/to-AArch64/RV+S+fence.rw.rw+data-wsi-rfi-data.litmus
/opt/litmus-tests-riscv/tests/to-AArch64/RV+S+fence.rw.rw+data.litmus
/opt/litmus-tests-riscv/tests/to-AArch64/RV+S+fence.rw.rw+fence.i.litmus
/opt/litmus-tests-riscv/tests/to-AArch64/RV+S+fence.rw.rw+fence.r.rw.litmus
/opt/litmus-tests-riscv/tests/to-AArch64/RV+S+fence.rw.rw+fence.w.w.litmus
/opt/litmus-tests-riscv/tests/to-AArch64/RV+S+fence.rw.rw+fri-rfi-addr.litmus
/opt/litmus-tests-riscv/tests/to-AArch64/RV+S+fence.rw.rw+fri-rfi-ctrl.litmus
/opt/litmus-tests-riscv/tests/to-AArch64/RV+S+fence.rw.rw+fri-rfi-data.litmus
/opt/litmus-tests-riscv/tests/to-AArch64/RV+S+fence.rw.rw+po.litmus
/opt/litmus-tests-riscv/tests/to-AArch64/RV+S+fence.rw.rw+popx.litmus
/opt/litmus-tests-riscv/tests/to-AArch64/RV+S+fence.rw.rw+poxp.litmus
/opt/litmus-tests-riscv/tests/to-AArch64/RV+S+fence.rw.rw+poxx.litmus
/opt/litmus-tests-riscv/tests/to-AArch64/RV+S+fence.rw.rw-[fr-ws]+addr.litmus
/opt/litmus-tests-riscv/tests/to-AArch64/RV+S+fence.rw.rw-[fr-ws]+ctrl.litmus
/opt/litmus-tests-riscv/tests/to-AArch64/RV+S+fence.rw.rw-[fr-ws]+ctrlfencei.litmus
/opt/litmus-tests-riscv/tests/to-AArch64/RV+S+fence.rw.rw-[fr-ws]+data.litmus
/opt/litmus-tests-riscv/tests/to-AArch64/RV+S+fence.rw.rw-[fr-ws]+fence.r.rw.litmus
/opt/litmus-tests-riscv/tests/to-AArch64/RV+S+fence.rw.rw-[fr-ws]+fence.rw.rw.litmus
/opt/litmus-tests-riscv/tests/to-AArch64/RV+S+fence.rw.rw-[rf-fr]+addr.litmus
/opt/litmus-tests-riscv/tests/to-AArch64/RV+S+fence.rw.rw-[rf-fr]+ctrl.litmus
/opt/litmus-tests-riscv/tests/to-AArch64/RV+S+fence.rw.rw-[rf-fr]+ctrlfencei.litmus
/opt/litmus-tests-riscv/tests/to-AArch64/RV+S+fence.rw.rw-[rf-fr]+data.litmus
/opt/litmus-tests-riscv/tests/to-AArch64/RV+S+fence.rw.rw-[rf-fr]+fence.r.rw.litmus
/opt/litmus-tests-riscv/tests/to-AArch64/RV+S+fence.rw.rw-[rf-fr]+fence.rw.rw.litmus
/opt/litmus-tests-riscv/tests/to-AArch64/RV+S+fence.rw.rws.litmus
/opt/litmus-tests-riscv/tests/to-AArch64/RV+S+fence.w.w+[fr-fence.rw.rw-fr].litmus
/opt/litmus-tests-riscv/tests/to-AArch64/RV+S+fence.w.w+[fr-rf]-addr.litmus
/opt/litmus-tests-riscv/tests/to-AArch64/RV+S+fence.w.w+[fr-rf]-ctrl.litmus
/opt/litmus-tests-riscv/tests/to-AArch64/RV+S+fence.w.w+[fr-rf]-ctrlfencei.litmus
/opt/litmus-tests-riscv/tests/to-AArch64/RV+S+fence.w.w+[fr-rf]-data.litmus
/opt/litmus-tests-riscv/tests/to-AArch64/RV+S+fence.w.w+[fr-rf]-fence.r.rw.litmus
/opt/litmus-tests-riscv/tests/to-AArch64/RV+S+fence.w.w+[fr-rf]-fence.rw.rw.litmus
/opt/litmus-tests-riscv/tests/to-AArch64/RV+S+fence.w.w+addr-rfi-addr.litmus
/opt/litmus-tests-riscv/tests/to-AArch64/RV+S+fence.w.w+addr-rfi-ctrl.litmus
/opt/litmus-tests-riscv/tests/to-AArch64/RV+S+fence.w.w+addr-rfi-ctrlfencei.litmus
/opt/litmus-tests-riscv/tests/to-AArch64/RV+S+fence.w.w+addr-rfi-data.litmus
/opt/litmus-tests-riscv/tests/to-AArch64/RV+S+fence.w.w+addr.litmus
/opt/litmus-tests-riscv/tests/to-AArch64/RV+S+fence.w.w+ctrl-rfi-addr.litmus
/opt/litmus-tests-riscv/tests/to-AArch64/RV+S+fence.w.w+ctrl-rfi-ctrl.litmus
/opt/litmus-tests-riscv/tests/to-AArch64/RV+S+fence.w.w+ctrl-rfi-ctrlfencei.litmus
/opt/litmus-tests-riscv/tests/to-AArch64/RV+S+fence.w.w+ctrl-rfi-data.litmus
/opt/litmus-tests-riscv/tests/to-AArch64/RV+S+fence.w.w+ctrl.litmus
/opt/litmus-tests-riscv/tests/to-AArch64/RV+S+fence.w.w+ctrlfencei-rfi-addr.litmus
/opt/litmus-tests-riscv/tests/to-AArch64/RV+S+fence.w.w+ctrlfencei-rfi-ctrl.litmus
/opt/litmus-tests-riscv/tests/to-AArch64/RV+S+fence.w.w+ctrlfencei-rfi-ctrlfencei.litmus
/opt/litmus-tests-riscv/tests/to-AArch64/RV+S+fence.w.w+ctrlfencei-rfi-data.litmus
/opt/litmus-tests-riscv/tests/to-AArch64/RV+S+fence.w.w+ctrlfencei.litmus
/opt/litmus-tests-riscv/tests/to-AArch64/RV+S+fence.w.w+data-rfi-addr.litmus
/opt/litmus-tests-riscv/tests/to-AArch64/RV+S+fence.w.w+data-rfi-ctrl.litmus
/opt/litmus-tests-riscv/tests/to-AArch64/RV+S+fence.w.w+data-rfi-ctrlfencei.litmus
/opt/litmus-tests-riscv/tests/to-AArch64/RV+S+fence.w.w+data-rfi-data.litmus
/opt/litmus-tests-riscv/tests/to-AArch64/RV+S+fence.w.w+data.litmus
/opt/litmus-tests-riscv/tests/to-AArch64/RV+S+fence.w.w+fence.i.litmus
/opt/litmus-tests-riscv/tests/to-AArch64/RV+S+fence.w.w+fence.r.rw.litmus
/opt/litmus-tests-riscv/tests/to-AArch64/RV+S+fence.w.w+fence.rw.rw.litmus
/opt/litmus-tests-riscv/tests/to-AArch64/RV+S+fence.w.w+fri-rfi-ctrl+REAL.litmus
/opt/litmus-tests-riscv/tests/to-AArch64/RV+S+fence.w.w+po.litmus
/opt/litmus-tests-riscv/tests/to-AArch64/RV+S+fence.w.w-[rf-fr]+addr.litmus
/opt/litmus-tests-riscv/tests/to-AArch64/RV+S+fence.w.w-[rf-fr]+ctrl.litmus
/opt/litmus-tests-riscv/tests/to-AArch64/RV+S+fence.w.w-[rf-fr]+ctrlfencei.litmus
/opt/litmus-tests-riscv/tests/to-AArch64/RV+S+fence.w.w-[rf-fr]+data.litmus
/opt/litmus-tests-riscv/tests/to-AArch64/RV+S+fence.w.w-[rf-fr]+fence.r.rw.litmus
/opt/litmus-tests-riscv/tests/to-AArch64/RV+S+fence.w.w-[rf-fr]+fence.rw.rw.litmus
/opt/litmus-tests-riscv/tests/to-AArch64/RV+S+fence.w.ws.litmus
/opt/litmus-tests-riscv/tests/to-AArch64/RV+S+po+addr.litmus
/opt/litmus-tests-riscv/tests/to-AArch64/RV+S+po+ctrl.litmus
/opt/litmus-tests-riscv/tests/to-AArch64/RV+S+po+ctrlfencei.litmus
/opt/litmus-tests-riscv/tests/to-AArch64/RV+S+po+data.litmus
/opt/litmus-tests-riscv/tests/to-AArch64/RV+S+po+fence.r.rw.litmus
/opt/litmus-tests-riscv/tests/to-AArch64/RV+S+po+fence.rw.rw.litmus
/opt/litmus-tests-riscv/tests/to-AArch64/RV+S+poxxs.litmus
/opt/litmus-tests-riscv/tests/to-AArch64/RV+S+rfi-addr+addr-rfi-addr.litmus
/opt/litmus-tests-riscv/tests/to-AArch64/RV+S+rfi-addr+addr-rfi-ctrl.litmus
/opt/litmus-tests-riscv/tests/to-AArch64/RV+S+rfi-addr+addr-rfi-ctrlfencei.litmus
/opt/litmus-tests-riscv/tests/to-AArch64/RV+S+rfi-addr+addr-rfi-data.litmus
/opt/litmus-tests-riscv/tests/to-AArch64/RV+S+rfi-addr+addr.litmus
/opt/litmus-tests-riscv/tests/to-AArch64/RV+S+rfi-addr+ctrl-rfi-addr.litmus
/opt/litmus-tests-riscv/tests/to-AArch64/RV+S+rfi-addr+ctrl-rfi-ctrl.litmus
/opt/litmus-tests-riscv/tests/to-AArch64/RV+S+rfi-addr+ctrl-rfi-ctrlfencei.litmus
/opt/litmus-tests-riscv/tests/to-AArch64/RV+S+rfi-addr+ctrl-rfi-data.litmus
/opt/litmus-tests-riscv/tests/to-AArch64/RV+S+rfi-addr+ctrl.litmus
/opt/litmus-tests-riscv/tests/to-AArch64/RV+S+rfi-addr+ctrlfencei-rfi-addr.litmus
/opt/litmus-tests-riscv/tests/to-AArch64/RV+S+rfi-addr+ctrlfencei-rfi-ctrl.litmus
/opt/litmus-tests-riscv/tests/to-AArch64/RV+S+rfi-addr+ctrlfencei-rfi-ctrlfencei.litmus
/opt/litmus-tests-riscv/tests/to-AArch64/RV+S+rfi-addr+ctrlfencei-rfi-data.litmus
/opt/litmus-tests-riscv/tests/to-AArch64/RV+S+rfi-addr+ctrlfencei.litmus
/opt/litmus-tests-riscv/tests/to-AArch64/RV+S+rfi-addr+data-rfi-addr.litmus
/opt/litmus-tests-riscv/tests/to-AArch64/RV+S+rfi-addr+data-rfi-ctrl.litmus
/opt/litmus-tests-riscv/tests/to-AArch64/RV+S+rfi-addr+data-rfi-ctrlfencei.litmus
/opt/litmus-tests-riscv/tests/to-AArch64/RV+S+rfi-addr+data-rfi-data.litmus
/opt/litmus-tests-riscv/tests/to-AArch64/RV+S+rfi-addr+data.litmus
/opt/litmus-tests-riscv/tests/to-AArch64/RV+S+rfi-addr+fence.r.rw.litmus
/opt/litmus-tests-riscv/tests/to-AArch64/RV+S+rfi-addr+fence.rw.rw.litmus
/opt/litmus-tests-riscv/tests/to-AArch64/RV+S+rfi-ctrl+addr-rfi-addr.litmus
/opt/litmus-tests-riscv/tests/to-AArch64/RV+S+rfi-ctrl+addr-rfi-ctrl.litmus
/opt/litmus-tests-riscv/tests/to-AArch64/RV+S+rfi-ctrl+addr-rfi-ctrlfencei.litmus
/opt/litmus-tests-riscv/tests/to-AArch64/RV+S+rfi-ctrl+addr-rfi-data.litmus
/opt/litmus-tests-riscv/tests/to-AArch64/RV+S+rfi-ctrl+addr.litmus
/opt/litmus-tests-riscv/tests/to-AArch64/RV+S+rfi-ctrl+ctrl-rfi-addr.litmus
/opt/litmus-tests-riscv/tests/to-AArch64/RV+S+rfi-ctrl+ctrl-rfi-ctrl.litmus
/opt/litmus-tests-riscv/tests/to-AArch64/RV+S+rfi-ctrl+ctrl-rfi-ctrlfencei.litmus
/opt/litmus-tests-riscv/tests/to-AArch64/RV+S+rfi-ctrl+ctrl-rfi-data.litmus
/opt/litmus-tests-riscv/tests/to-AArch64/RV+S+rfi-ctrl+ctrl.litmus
/opt/litmus-tests-riscv/tests/to-AArch64/RV+S+rfi-ctrl+ctrlfencei-rfi-addr.litmus
/opt/litmus-tests-riscv/tests/to-AArch64/RV+S+rfi-ctrl+ctrlfencei-rfi-ctrl.litmus
/opt/litmus-tests-riscv/tests/to-AArch64/RV+S+rfi-ctrl+ctrlfencei-rfi-ctrlfencei.litmus
/opt/litmus-tests-riscv/tests/to-AArch64/RV+S+rfi-ctrl+ctrlfencei-rfi-data.litmus
/opt/litmus-tests-riscv/tests/to-AArch64/RV+S+rfi-ctrl+ctrlfencei.litmus
/opt/litmus-tests-riscv/tests/to-AArch64/RV+S+rfi-ctrl+data-rfi-addr.litmus
/opt/litmus-tests-riscv/tests/to-AArch64/RV+S+rfi-ctrl+data-rfi-ctrl.litmus
/opt/litmus-tests-riscv/tests/to-AArch64/RV+S+rfi-ctrl+data-rfi-ctrlfencei.litmus
/opt/litmus-tests-riscv/tests/to-AArch64/RV+S+rfi-ctrl+data-rfi-data.litmus
/opt/litmus-tests-riscv/tests/to-AArch64/RV+S+rfi-ctrl+data.litmus
/opt/litmus-tests-riscv/tests/to-AArch64/RV+S+rfi-ctrl+fence.r.rw.litmus
/opt/litmus-tests-riscv/tests/to-AArch64/RV+S+rfi-ctrl+fence.rw.rw.litmus
/opt/litmus-tests-riscv/tests/to-AArch64/RV+S+rfi-ctrlfencei+addr-rfi-addr.litmus
/opt/litmus-tests-riscv/tests/to-AArch64/RV+S+rfi-ctrlfencei+addr-rfi-ctrl.litmus
/opt/litmus-tests-riscv/tests/to-AArch64/RV+S+rfi-ctrlfencei+addr-rfi-ctrlfencei.litmus
/opt/litmus-tests-riscv/tests/to-AArch64/RV+S+rfi-ctrlfencei+addr-rfi-data.litmus
/opt/litmus-tests-riscv/tests/to-AArch64/RV+S+rfi-ctrlfencei+addr.litmus
/opt/litmus-tests-riscv/tests/to-AArch64/RV+S+rfi-ctrlfencei+ctrl-rfi-addr.litmus
/opt/litmus-tests-riscv/tests/to-AArch64/RV+S+rfi-ctrlfencei+ctrl-rfi-ctrl.litmus
/opt/litmus-tests-riscv/tests/to-AArch64/RV+S+rfi-ctrlfencei+ctrl-rfi-ctrlfencei.litmus
/opt/litmus-tests-riscv/tests/to-AArch64/RV+S+rfi-ctrlfencei+ctrl-rfi-data.litmus
/opt/litmus-tests-riscv/tests/to-AArch64/RV+S+rfi-ctrlfencei+ctrl.litmus
/opt/litmus-tests-riscv/tests/to-AArch64/RV+S+rfi-ctrlfencei+ctrlfencei-rfi-addr.litmus
/opt/litmus-tests-riscv/tests/to-AArch64/RV+S+rfi-ctrlfencei+ctrlfencei-rfi-ctrl.litmus
/opt/litmus-tests-riscv/tests/to-AArch64/RV+S+rfi-ctrlfencei+ctrlfencei-rfi-ctrlfencei.litmus
/opt/litmus-tests-riscv/tests/to-AArch64/RV+S+rfi-ctrlfencei+ctrlfencei-rfi-data.litmus
/opt/litmus-tests-riscv/tests/to-AArch64/RV+S+rfi-ctrlfencei+ctrlfencei.litmus
/opt/litmus-tests-riscv/tests/to-AArch64/RV+S+rfi-ctrlfencei+data-rfi-addr.litmus
/opt/litmus-tests-riscv/tests/to-AArch64/RV+S+rfi-ctrlfencei+data-rfi-ctrl.litmus
/opt/litmus-tests-riscv/tests/to-AArch64/RV+S+rfi-ctrlfencei+data-rfi-ctrlfencei.litmus
/opt/litmus-tests-riscv/tests/to-AArch64/RV+S+rfi-ctrlfencei+data-rfi-data.litmus
/opt/litmus-tests-riscv/tests/to-AArch64/RV+S+rfi-ctrlfencei+data.litmus
/opt/litmus-tests-riscv/tests/to-AArch64/RV+S+rfi-ctrlfencei+fence.r.rw.litmus
/opt/litmus-tests-riscv/tests/to-AArch64/RV+S+rfi-ctrlfencei+fence.rw.rw.litmus
/opt/litmus-tests-riscv/tests/to-AArch64/RV+S+rfi-data+addr-rfi-addr.litmus
/opt/litmus-tests-riscv/tests/to-AArch64/RV+S+rfi-data+addr-rfi-ctrl.litmus
/opt/litmus-tests-riscv/tests/to-AArch64/RV+S+rfi-data+addr-rfi-ctrlfencei.litmus
/opt/litmus-tests-riscv/tests/to-AArch64/RV+S+rfi-data+addr-rfi-data.litmus
/opt/litmus-tests-riscv/tests/to-AArch64/RV+S+rfi-data+addr.litmus
/opt/litmus-tests-riscv/tests/to-AArch64/RV+S+rfi-data+ctrl-rfi-addr.litmus
/opt/litmus-tests-riscv/tests/to-AArch64/RV+S+rfi-data+ctrl-rfi-ctrl.litmus
/opt/litmus-tests-riscv/tests/to-AArch64/RV+S+rfi-data+ctrl-rfi-ctrlfencei.litmus
/opt/litmus-tests-riscv/tests/to-AArch64/RV+S+rfi-data+ctrl-rfi-data.litmus
/opt/litmus-tests-riscv/tests/to-AArch64/RV+S+rfi-data+ctrl.litmus
/opt/litmus-tests-riscv/tests/to-AArch64/RV+S+rfi-data+ctrlfencei-rfi-addr.litmus
/opt/litmus-tests-riscv/tests/to-AArch64/RV+S+rfi-data+ctrlfencei-rfi-ctrl.litmus
/opt/litmus-tests-riscv/tests/to-AArch64/RV+S+rfi-data+ctrlfencei-rfi-ctrlfencei.litmus
/opt/litmus-tests-riscv/tests/to-AArch64/RV+S+rfi-data+ctrlfencei-rfi-data.litmus
/opt/litmus-tests-riscv/tests/to-AArch64/RV+S+rfi-data+ctrlfencei.litmus
/opt/litmus-tests-riscv/tests/to-AArch64/RV+S+rfi-data+data-rfi-addr.litmus
/opt/litmus-tests-riscv/tests/to-AArch64/RV+S+rfi-data+data-rfi-ctrl.litmus
/opt/litmus-tests-riscv/tests/to-AArch64/RV+S+rfi-data+data-rfi-ctrlfencei.litmus
/opt/litmus-tests-riscv/tests/to-AArch64/RV+S+rfi-data+data-rfi-data.litmus
/opt/litmus-tests-riscv/tests/to-AArch64/RV+S+rfi-data+data.litmus
/opt/litmus-tests-riscv/tests/to-AArch64/RV+S+rfi-data+fence.r.rw.litmus
/opt/litmus-tests-riscv/tests/to-AArch64/RV+S+rfi-data+fence.rw.rw.litmus
/opt/litmus-tests-riscv/tests/to-AArch64/RV+S.litmus
/opt/litmus-tests-riscv/tests/to-AArch64/RV+SB+[rf-addr-rf]+fence.rw.rw.litmus
/opt/litmus-tests-riscv/tests/to-AArch64/RV+SB+[rf-ctrl-rf]+fence.rw.rw.litmus
/opt/litmus-tests-riscv/tests/to-AArch64/RV+SB+[rf-ctrlfencei-rf]+fence.rw.rw.litmus
/opt/litmus-tests-riscv/tests/to-AArch64/RV+SB+[rf-data-rf]+fence.rw.rw.litmus
/opt/litmus-tests-riscv/tests/to-AArch64/RV+SB+[rf-fence.r.rw-rf]+fence.rw.rw.litmus
/opt/litmus-tests-riscv/tests/to-AArch64/RV+SB+[rf-fence.rw.rw-rf]+fence.rw.rw.litmus
/opt/litmus-tests-riscv/tests/to-AArch64/RV+SB+[rf-fr]-fence.rw.rw+fence.rw.rw.litmus
/opt/litmus-tests-riscv/tests/to-AArch64/RV+SB+[ws-fence.rw.rw-rf]+fence.rw.rw.litmus
/opt/litmus-tests-riscv/tests/to-AArch64/RV+SB+[ws-fence.w.w-rf]+fence.rw.rw.litmus
/opt/litmus-tests-riscv/tests/to-AArch64/RV+SB+[ws-rf]-addr+fence.rw.rw.litmus
/opt/litmus-tests-riscv/tests/to-AArch64/RV+SB+[ws-rf]-ctrlfencei+fence.rw.rw.litmus
/opt/litmus-tests-riscv/tests/to-AArch64/RV+SB+[ws-rf]-fence.r.rw+fence.rw.rw.litmus
/opt/litmus-tests-riscv/tests/to-AArch64/RV+SB+[ws-rf]-fence.rw.rw+fence.rw.rw.litmus
/opt/litmus-tests-riscv/tests/to-AArch64/RV+SB+fence.i+fence.rw.rw.litmus
/opt/litmus-tests-riscv/tests/to-AArch64/RV+SB+fence.is.litmus
/opt/litmus-tests-riscv/tests/to-AArch64/RV+SB+fence.r.rw+fence.rw.rw.litmus
/opt/litmus-tests-riscv/tests/to-AArch64/RV+SB+fence.r.rws.litmus
/opt/litmus-tests-riscv/tests/to-AArch64/RV+SB+fence.rw.rw+fence.rw.rw-[fr-rf].litmus
/opt/litmus-tests-riscv/tests/to-AArch64/RV+SB+fence.rw.rw+po-addr.litmus
/opt/litmus-tests-riscv/tests/to-AArch64/RV+SB+fence.rw.rw+po-addrs.litmus
/opt/litmus-tests-riscv/tests/to-AArch64/RV+SB+fence.rw.rw+po-ctrlfencei.litmus
/opt/litmus-tests-riscv/tests/to-AArch64/RV+SB+fence.rw.rw+po-ctrlfenceis.litmus
/opt/litmus-tests-riscv/tests/to-AArch64/RV+SB+fence.rw.rw+po.litmus
/opt/litmus-tests-riscv/tests/to-AArch64/RV+SB+fence.rw.rw+pos-addr.litmus
/opt/litmus-tests-riscv/tests/to-AArch64/RV+SB+fence.rw.rw+pos-ctrlfencei.litmus
/opt/litmus-tests-riscv/tests/to-AArch64/RV+SB+fence.rw.rw+pos-po-addr.litmus
/opt/litmus-tests-riscv/tests/to-AArch64/RV+SB+fence.rw.rw+pos-po-addrs.litmus
/opt/litmus-tests-riscv/tests/to-AArch64/RV+SB+fence.rw.rw+pos-po-ctrlfencei.litmus
/opt/litmus-tests-riscv/tests/to-AArch64/RV+SB+fence.rw.rw+pos-po-ctrlfenceis.litmus
/opt/litmus-tests-riscv/tests/to-AArch64/RV+SB+fence.rw.rw+pos-po.litmus
/opt/litmus-tests-riscv/tests/to-AArch64/RV+SB+fence.rw.rw+pos-pos-addr.litmus
/opt/litmus-tests-riscv/tests/to-AArch64/RV+SB+fence.rw.rw+pos-pos-ctrlfencei.litmus
/opt/litmus-tests-riscv/tests/to-AArch64/RV+SB+fence.rw.rw+pos-rfi-addr.litmus
/opt/litmus-tests-riscv/tests/to-AArch64/RV+SB+fence.rw.rw+pos-rfi-ctrlfencei.litmus
/opt/litmus-tests-riscv/tests/to-AArch64/RV+SB+fence.rw.rw+rfi-addr-rfi.litmus
/opt/litmus-tests-riscv/tests/to-AArch64/RV+SB+fence.rw.rw+rfi-addr.litmus
/opt/litmus-tests-riscv/tests/to-AArch64/RV+SB+fence.rw.rw+rfi-ctrl-rfi.litmus
/opt/litmus-tests-riscv/tests/to-AArch64/RV+SB+fence.rw.rw+rfi-ctrlfencei-rfi.litmus
/opt/litmus-tests-riscv/tests/to-AArch64/RV+SB+fence.rw.rw+rfi-ctrlfencei.litmus
/opt/litmus-tests-riscv/tests/to-AArch64/RV+SB+fence.rw.rw+rfi-data-rfi.litmus
/opt/litmus-tests-riscv/tests/to-AArch64/RV+SB+fence.rw.rw+wsi-rfi-ctrl.litmus
/opt/litmus-tests-riscv/tests/to-AArch64/RV+SB+fence.rw.rws.litmus
/opt/litmus-tests-riscv/tests/to-AArch64/RV+SB+fence.w.w+fence.rw.rw.litmus
/opt/litmus-tests-riscv/tests/to-AArch64/RV+SB+fence.w.ws.litmus
/opt/litmus-tests-riscv/tests/to-AArch64/RV+SB+po+po-addr.litmus
/opt/litmus-tests-riscv/tests/to-AArch64/RV+SB+po+po-addrs.litmus
/opt/litmus-tests-riscv/tests/to-AArch64/RV+SB+po+po-ctrlfencei.litmus
/opt/litmus-tests-riscv/tests/to-AArch64/RV+SB+po+po-ctrlfenceis.litmus
/opt/litmus-tests-riscv/tests/to-AArch64/RV+SB+po+pos-po-addr.litmus
/opt/litmus-tests-riscv/tests/to-AArch64/RV+SB+po+pos-po-addrs.litmus
/opt/litmus-tests-riscv/tests/to-AArch64/RV+SB+po+pos-po-ctrlfencei.litmus
/opt/litmus-tests-riscv/tests/to-AArch64/RV+SB+po+pos-po-ctrlfenceis.litmus
/opt/litmus-tests-riscv/tests/to-AArch64/RV+SB+po+pos-po.litmus
/opt/litmus-tests-riscv/tests/to-AArch64/RV+SB+po-addr+po-ctrlfencei.litmus
/opt/litmus-tests-riscv/tests/to-AArch64/RV+SB+po-addr+po-ctrlfenceis.litmus
/opt/litmus-tests-riscv/tests/to-AArch64/RV+SB+po-addr+pos-po-addr.litmus
/opt/litmus-tests-riscv/tests/to-AArch64/RV+SB+po-addr+pos-po-addrs.litmus
/opt/litmus-tests-riscv/tests/to-AArch64/RV+SB+po-addr+pos-po-ctrlfencei.litmus
/opt/litmus-tests-riscv/tests/to-AArch64/RV+SB+po-addr+pos-po-ctrlfenceis.litmus
/opt/litmus-tests-riscv/tests/to-AArch64/RV+SB+po-addrs+po-addr.litmus
/opt/litmus-tests-riscv/tests/to-AArch64/RV+SB+po-addrs+po-ctrlfencei.litmus
/opt/litmus-tests-riscv/tests/to-AArch64/RV+SB+po-addrs+po-ctrlfenceis.litmus
/opt/litmus-tests-riscv/tests/to-AArch64/RV+SB+po-addrs+pos-po-addr.litmus
/opt/litmus-tests-riscv/tests/to-AArch64/RV+SB+po-addrs+pos-po-addrs.litmus
/opt/litmus-tests-riscv/tests/to-AArch64/RV+SB+po-addrs+pos-po-ctrlfencei.litmus
/opt/litmus-tests-riscv/tests/to-AArch64/RV+SB+po-addrs+pos-po-ctrlfenceis.litmus
/opt/litmus-tests-riscv/tests/to-AArch64/RV+SB+po-addrs.litmus
/opt/litmus-tests-riscv/tests/to-AArch64/RV+SB+po-addrss.litmus
/opt/litmus-tests-riscv/tests/to-AArch64/RV+SB+po-ctrlfencei+pos-po-addr.litmus
/opt/litmus-tests-riscv/tests/to-AArch64/RV+SB+po-ctrlfencei+pos-po-addrs.litmus
/opt/litmus-tests-riscv/tests/to-AArch64/RV+SB+po-ctrlfencei+pos-po-ctrlfencei.litmus
/opt/litmus-tests-riscv/tests/to-AArch64/RV+SB+po-ctrlfencei+pos-po-ctrlfenceis.litmus
/opt/litmus-tests-riscv/tests/to-AArch64/RV+SB+po-ctrlfenceis+po-ctrlfencei.litmus
/opt/litmus-tests-riscv/tests/to-AArch64/RV+SB+po-ctrlfenceis+pos-po-addr.litmus
/opt/litmus-tests-riscv/tests/to-AArch64/RV+SB+po-ctrlfenceis+pos-po-addrs.litmus
/opt/litmus-tests-riscv/tests/to-AArch64/RV+SB+po-ctrlfenceis+pos-po-ctrlfencei.litmus
/opt/litmus-tests-riscv/tests/to-AArch64/RV+SB+po-ctrlfenceis+pos-po-ctrlfenceis.litmus
/opt/litmus-tests-riscv/tests/to-AArch64/RV+SB+po-ctrlfenceis.litmus
/opt/litmus-tests-riscv/tests/to-AArch64/RV+SB+po-ctrlfenceiss.litmus
/opt/litmus-tests-riscv/tests/to-AArch64/RV+SB+pos-addr+pos-ctrlfencei.litmus
/opt/litmus-tests-riscv/tests/to-AArch64/RV+SB+pos-addr+pos-pos-addr.litmus
/opt/litmus-tests-riscv/tests/to-AArch64/RV+SB+pos-addr+pos-pos-ctrlfencei.litmus
/opt/litmus-tests-riscv/tests/to-AArch64/RV+SB+pos-addrs.litmus
/opt/litmus-tests-riscv/tests/to-AArch64/RV+SB+pos-ctrlfencei+pos-pos-addr.litmus
/opt/litmus-tests-riscv/tests/to-AArch64/RV+SB+pos-ctrlfencei+pos-pos-ctrlfencei.litmus
/opt/litmus-tests-riscv/tests/to-AArch64/RV+SB+pos-ctrlfenceis.litmus
/opt/litmus-tests-riscv/tests/to-AArch64/RV+SB+pos-po+po-addr.litmus
/opt/litmus-tests-riscv/tests/to-AArch64/RV+SB+pos-po+po-addrs.litmus
/opt/litmus-tests-riscv/tests/to-AArch64/RV+SB+pos-po+po-ctrlfencei.litmus
/opt/litmus-tests-riscv/tests/to-AArch64/RV+SB+pos-po+po-ctrlfenceis.litmus
/opt/litmus-tests-riscv/tests/to-AArch64/RV+SB+pos-po+pos-po-addr.litmus
/opt/litmus-tests-riscv/tests/to-AArch64/RV+SB+pos-po+pos-po-addrs.litmus
/opt/litmus-tests-riscv/tests/to-AArch64/RV+SB+pos-po+pos-po-ctrlfencei.litmus
/opt/litmus-tests-riscv/tests/to-AArch64/RV+SB+pos-po+pos-po-ctrlfenceis.litmus
/opt/litmus-tests-riscv/tests/to-AArch64/RV+SB+pos-po-addr+pos-po-ctrlfencei.litmus
/opt/litmus-tests-riscv/tests/to-AArch64/RV+SB+pos-po-addr+pos-po-ctrlfenceis.litmus
/opt/litmus-tests-riscv/tests/to-AArch64/RV+SB+pos-po-addrs+pos-po-addr.litmus
/opt/litmus-tests-riscv/tests/to-AArch64/RV+SB+pos-po-addrs+pos-po-ctrlfencei.litmus
/opt/litmus-tests-riscv/tests/to-AArch64/RV+SB+pos-po-addrs+pos-po-ctrlfenceis.litmus
/opt/litmus-tests-riscv/tests/to-AArch64/RV+SB+pos-po-addrs.litmus
/opt/litmus-tests-riscv/tests/to-AArch64/RV+SB+pos-po-addrss.litmus
/opt/litmus-tests-riscv/tests/to-AArch64/RV+SB+pos-po-ctrlfenceis+pos-po-ctrlfencei.litmus
/opt/litmus-tests-riscv/tests/to-AArch64/RV+SB+pos-po-ctrlfenceis.litmus
/opt/litmus-tests-riscv/tests/to-AArch64/RV+SB+pos-po-ctrlfenceiss.litmus
/opt/litmus-tests-riscv/tests/to-AArch64/RV+SB+pos-pos-addr+pos-pos-ctrlfencei.litmus
/opt/litmus-tests-riscv/tests/to-AArch64/RV+SB+pos-pos-addrs.litmus
/opt/litmus-tests-riscv/tests/to-AArch64/RV+SB+pos-pos-ctrlfenceis.litmus
/opt/litmus-tests-riscv/tests/to-AArch64/RV+SB+pos-pos.litmus
/opt/litmus-tests-riscv/tests/to-AArch64/RV+SB+pos-rfi-addr+pos-rfi-ctrlfencei.litmus
/opt/litmus-tests-riscv/tests/to-AArch64/RV+SB+pos-rfi-addrs.litmus
/opt/litmus-tests-riscv/tests/to-AArch64/RV+SB+pos-rfi-ctrlfenceis.litmus
/opt/litmus-tests-riscv/tests/to-AArch64/RV+SB+poxxs.litmus
/opt/litmus-tests-riscv/tests/to-AArch64/RV+SB+rfi-addr+pos-rfi-addr.litmus
/opt/litmus-tests-riscv/tests/to-AArch64/RV+SB+rfi-addr+pos-rfi-ctrlfencei.litmus
/opt/litmus-tests-riscv/tests/to-AArch64/RV+SB+rfi-addr+rfi-addr-rfi.litmus
/opt/litmus-tests-riscv/tests/to-AArch64/RV+SB+rfi-addr+rfi-ctrl-rfi.litmus
/opt/litmus-tests-riscv/tests/to-AArch64/RV+SB+rfi-addr+rfi-ctrlfencei-rfi.litmus
/opt/litmus-tests-riscv/tests/to-AArch64/RV+SB+rfi-addr+rfi-ctrlfencei.litmus
/opt/litmus-tests-riscv/tests/to-AArch64/RV+SB+rfi-addr+rfi-data-rfi.litmus
/opt/litmus-tests-riscv/tests/to-AArch64/RV+SB+rfi-addr-rfi+rfi-ctrl-rfi.litmus
/opt/litmus-tests-riscv/tests/to-AArch64/RV+SB+rfi-addr-rfi+rfi-ctrlfencei-rfi.litmus
/opt/litmus-tests-riscv/tests/to-AArch64/RV+SB+rfi-addr-rfi+rfi-data-rfi.litmus
/opt/litmus-tests-riscv/tests/to-AArch64/RV+SB+rfi-addr-rfis.litmus
/opt/litmus-tests-riscv/tests/to-AArch64/RV+SB+rfi-addrs.litmus
/opt/litmus-tests-riscv/tests/to-AArch64/RV+SB+rfi-ctrl-rfi+rfi-ctrlfencei-rfi.litmus
/opt/litmus-tests-riscv/tests/to-AArch64/RV+SB+rfi-ctrl-rfis.litmus
/opt/litmus-tests-riscv/tests/to-AArch64/RV+SB+rfi-ctrlfencei+pos-rfi-addr.litmus
/opt/litmus-tests-riscv/tests/to-AArch64/RV+SB+rfi-ctrlfencei+pos-rfi-ctrlfencei.litmus
/opt/litmus-tests-riscv/tests/to-AArch64/RV+SB+rfi-ctrlfencei+rfi-addr-rfi.litmus
/opt/litmus-tests-riscv/tests/to-AArch64/RV+SB+rfi-ctrlfencei+rfi-ctrl-rfi.litmus
/opt/litmus-tests-riscv/tests/to-AArch64/RV+SB+rfi-ctrlfencei+rfi-ctrlfencei-rfi.litmus
/opt/litmus-tests-riscv/tests/to-AArch64/RV+SB+rfi-ctrlfencei+rfi-data-rfi.litmus
/opt/litmus-tests-riscv/tests/to-AArch64/RV+SB+rfi-ctrlfencei-rfis.litmus
/opt/litmus-tests-riscv/tests/to-AArch64/RV+SB+rfi-ctrlfenceis.litmus
/opt/litmus-tests-riscv/tests/to-AArch64/RV+SB+rfi-data-rfi+rfi-ctrl-rfi.litmus
/opt/litmus-tests-riscv/tests/to-AArch64/RV+SB+rfi-data-rfi+rfi-ctrlfencei-rfi.litmus
/opt/litmus-tests-riscv/tests/to-AArch64/RV+SB+rfi-data-rfis.litmus
/opt/litmus-tests-riscv/tests/to-AArch64/RV+SB+wsi-rfi-addr+wsi-rfi-ctrl.litmus
/opt/litmus-tests-riscv/tests/to-AArch64/RV+SB+wsi-rfi-ctrls.litmus
/opt/litmus-tests-riscv/tests/to-AArch64/RV+SB.litmus
/opt/litmus-tests-riscv/tests/to-AArch64/RV+W+RWC+fence.rw.rw+addr+fence.rw.rw.litmus
/opt/litmus-tests-riscv/tests/to-AArch64/RV+W+RWC+fence.rw.rw+addr+fence.rw.rws.litmus
/opt/litmus-tests-riscv/tests/to-AArch64/RV+W+RWC+fence.rw.rw+addrs+fence.rw.rw.litmus
/opt/litmus-tests-riscv/tests/to-AArch64/RV+W+RWC+fence.rw.rw+ctrlfencei+fence.rw.rw.litmus
/opt/litmus-tests-riscv/tests/to-AArch64/RV+W+RWC+fence.rw.rw+ctrlfencei+fence.rw.rws.litmus
/opt/litmus-tests-riscv/tests/to-AArch64/RV+W+RWC+fence.rw.rw+ctrlfenceis+fence.rw.rw.litmus
/opt/litmus-tests-riscv/tests/to-AArch64/RV+W+RWC+fence.rw.rw+fence.r.rw+fence.rw.rw.litmus
/opt/litmus-tests-riscv/tests/to-AArch64/RV+W+RWC+fence.rw.rw+fence.r.rw+fence.rw.rws.litmus
/opt/litmus-tests-riscv/tests/to-AArch64/RV+W+RWC+fence.rw.rw+fence.r.rws+fence.rw.rw.litmus
/opt/litmus-tests-riscv/tests/to-AArch64/RV+W+RWC+fence.rw.rw+fence.rw.rw+fence.rw.rws.litmus
/opt/litmus-tests-riscv/tests/to-AArch64/RV+W+RWC+fence.rw.rw+fence.rw.rws+fence.rw.rw.litmus
/opt/litmus-tests-riscv/tests/to-AArch64/RV+W+RWC+fence.rw.rws.litmus
/opt/litmus-tests-riscv/tests/to-AArch64/RV+W+RWC+fence.w.w+addr+fence.rw.rw.litmus
/opt/litmus-tests-riscv/tests/to-AArch64/RV+W+RWC+fence.w.w+addr+fence.rw.rws.litmus
/opt/litmus-tests-riscv/tests/to-AArch64/RV+W+RWC+fence.w.w+addrs+fence.rw.rw.litmus
/opt/litmus-tests-riscv/tests/to-AArch64/RV+W+RWC+fence.w.w+ctrlfencei+fence.rw.rw.litmus
/opt/litmus-tests-riscv/tests/to-AArch64/RV+W+RWC+fence.w.w+ctrlfencei+fence.rw.rws.litmus
/opt/litmus-tests-riscv/tests/to-AArch64/RV+W+RWC+fence.w.w+ctrlfenceis+fence.rw.rw.litmus
/opt/litmus-tests-riscv/tests/to-AArch64/RV+W+RWC+fence.w.w+fence.r.rw+fence.rw.rw.litmus
/opt/litmus-tests-riscv/tests/to-AArch64/RV+W+RWC+fence.w.w+fence.r.rw+fence.rw.rws.litmus
/opt/litmus-tests-riscv/tests/to-AArch64/RV+W+RWC+fence.w.w+fence.r.rws+fence.rw.rw.litmus
/opt/litmus-tests-riscv/tests/to-AArch64/RV+W+RWC+fence.w.w+fence.rw.rw+fence.rw.rw.litmus
/opt/litmus-tests-riscv/tests/to-AArch64/RV+W+RWC+fence.w.w+fence.rw.rw+fence.rw.rws.litmus
/opt/litmus-tests-riscv/tests/to-AArch64/RV+W+RWC+fence.w.w+fence.rw.rws+fence.rw.rw.litmus
/opt/litmus-tests-riscv/tests/to-AArch64/RV+W+RWC+pos+addr+fence.rw.rw.litmus
/opt/litmus-tests-riscv/tests/to-AArch64/RV+W+RWC+pos+ctrlfencei+fence.rw.rw.litmus
/opt/litmus-tests-riscv/tests/to-AArch64/RV+W+RWC+pos+fence.r.rw+fence.rw.rw.litmus
/opt/litmus-tests-riscv/tests/to-AArch64/RV+W+RWC+pos+fence.rw.rw+fence.rw.rw.litmus
/opt/litmus-tests-riscv/tests/to-AArch64/RV+WRC+addr+ctrlfencei.litmus
/opt/litmus-tests-riscv/tests/to-AArch64/RV+WRC+addr+fence.r.rw.litmus
/opt/litmus-tests-riscv/tests/to-AArch64/RV+WRC+addr+fence.rw.rw.litmus
/opt/litmus-tests-riscv/tests/to-AArch64/RV+WRC+addrs.litmus
/opt/litmus-tests-riscv/tests/to-AArch64/RV+WRC+ctrl+addr.litmus
/opt/litmus-tests-riscv/tests/to-AArch64/RV+WRC+ctrl+ctrlfencei.litmus
/opt/litmus-tests-riscv/tests/to-AArch64/RV+WRC+ctrl+fence.r.rw.litmus
/opt/litmus-tests-riscv/tests/to-AArch64/RV+WRC+ctrl+fence.rw.rw.litmus
/opt/litmus-tests-riscv/tests/to-AArch64/RV+WRC+ctrlfencei+addr.litmus
/opt/litmus-tests-riscv/tests/to-AArch64/RV+WRC+ctrlfencei+fence.r.rw.litmus
/opt/litmus-tests-riscv/tests/to-AArch64/RV+WRC+ctrlfencei+fence.rw.rw.litmus
/opt/litmus-tests-riscv/tests/to-AArch64/RV+WRC+ctrlfenceis.litmus
/opt/litmus-tests-riscv/tests/to-AArch64/RV+WRC+data+addr.litmus
/opt/litmus-tests-riscv/tests/to-AArch64/RV+WRC+data+ctrlfencei.litmus
/opt/litmus-tests-riscv/tests/to-AArch64/RV+WRC+data+fence.r.rw.litmus
/opt/litmus-tests-riscv/tests/to-AArch64/RV+WRC+data+fence.rw.rw.litmus
/opt/litmus-tests-riscv/tests/to-AArch64/RV+WRC+fence.r.rw+addr.litmus
/opt/litmus-tests-riscv/tests/to-AArch64/RV+WRC+fence.r.rw+ctrlfencei.litmus
/opt/litmus-tests-riscv/tests/to-AArch64/RV+WRC+fence.r.rw+fence.rw.rw.litmus
/opt/litmus-tests-riscv/tests/to-AArch64/RV+WRC+fence.r.rws.litmus
/opt/litmus-tests-riscv/tests/to-AArch64/RV+WRC+fence.rw.rw+addr.litmus
/opt/litmus-tests-riscv/tests/to-AArch64/RV+WRC+fence.rw.rw+ctrlfencei.litmus
/opt/litmus-tests-riscv/tests/to-AArch64/RV+WRC+fence.rw.rw+fence.r.rw.litmus
/opt/litmus-tests-riscv/tests/to-AArch64/RV+WRC+fence.rw.rws.litmus
/opt/litmus-tests-riscv/tests/to-AArch64/RV+WRR+2W+addr+fence.rw.rw.litmus
/opt/litmus-tests-riscv/tests/to-AArch64/RV+WRR+2W+addr+fence.w.w.litmus
/opt/litmus-tests-riscv/tests/to-AArch64/RV+WRR+2W+ctrlfencei+fence.rw.rw.litmus
/opt/litmus-tests-riscv/tests/to-AArch64/RV+WRR+2W+ctrlfencei+fence.w.w.litmus
/opt/litmus-tests-riscv/tests/to-AArch64/RV+WRR+2W+fence.r.rw+fence.rw.rw.litmus
/opt/litmus-tests-riscv/tests/to-AArch64/RV+WRR+2W+fence.r.rw+fence.w.w.litmus
/opt/litmus-tests-riscv/tests/to-AArch64/RV+WRR+2W+fence.rw.rw+fence.w.w.litmus
/opt/litmus-tests-riscv/tests/to-AArch64/RV+WRR+2W+fence.rw.rws.litmus
/opt/litmus-tests-riscv/tests/to-AArch64/RV+WRW+2W+addr+fence.rw.rw.litmus
/opt/litmus-tests-riscv/tests/to-AArch64/RV+WRW+2W+addr+fence.w.w.litmus
/opt/litmus-tests-riscv/tests/to-AArch64/RV+WRW+2W+ctrl+fence.rw.rw.litmus
/opt/litmus-tests-riscv/tests/to-AArch64/RV+WRW+2W+ctrl+fence.w.w.litmus
/opt/litmus-tests-riscv/tests/to-AArch64/RV+WRW+2W+ctrlfencei+fence.rw.rw.litmus
/opt/litmus-tests-riscv/tests/to-AArch64/RV+WRW+2W+ctrlfencei+fence.w.w.litmus
/opt/litmus-tests-riscv/tests/to-AArch64/RV+WRW+2W+data+fence.rw.rw.litmus
/opt/litmus-tests-riscv/tests/to-AArch64/RV+WRW+2W+data+fence.w.w.litmus
/opt/litmus-tests-riscv/tests/to-AArch64/RV+WRW+2W+fence.r.rw+fence.rw.rw.litmus
/opt/litmus-tests-riscv/tests/to-AArch64/RV+WRW+2W+fence.r.rw+fence.w.w.litmus
/opt/litmus-tests-riscv/tests/to-AArch64/RV+WRW+2W+fence.rw.rw+fence.w.w.litmus
/opt/litmus-tests-riscv/tests/to-AArch64/RV+WRW+2W+fence.rw.rws.litmus
/opt/litmus-tests-riscv/tests/to-AArch64/RV+WRW+WR+addr+fence.rw.rw.litmus
/opt/litmus-tests-riscv/tests/to-AArch64/RV+WRW+WR+ctrl+fence.rw.rw.litmus
/opt/litmus-tests-riscv/tests/to-AArch64/RV+WRW+WR+ctrlfencei+fence.rw.rw.litmus
/opt/litmus-tests-riscv/tests/to-AArch64/RV+WRW+WR+data+fence.rw.rw.litmus
/opt/litmus-tests-riscv/tests/to-AArch64/RV+WRW+WR+fence.r.rw+fence.rw.rw.litmus
/opt/litmus-tests-riscv/tests/to-AArch64/RV+WRW+WR+fence.rw.rws.litmus
/opt/litmus-tests-riscv/tests/to-AArch64/RV+WWC+addr+ctrl.litmus
/opt/litmus-tests-riscv/tests/to-AArch64/RV+WWC+addr+ctrlfencei.litmus
/opt/litmus-tests-riscv/tests/to-AArch64/RV+WWC+addr+data.litmus
/opt/litmus-tests-riscv/tests/to-AArch64/RV+WWC+addr+fence.r.rw.litmus
/opt/litmus-tests-riscv/tests/to-AArch64/RV+WWC+addr+fence.rw.rw.litmus
/opt/litmus-tests-riscv/tests/to-AArch64/RV+WWC+addrs.litmus
/opt/litmus-tests-riscv/tests/to-AArch64/RV+WWC+ctrl+addr.litmus
/opt/litmus-tests-riscv/tests/to-AArch64/RV+WWC+ctrl+ctrlfencei.litmus
/opt/litmus-tests-riscv/tests/to-AArch64/RV+WWC+ctrl+data.litmus
/opt/litmus-tests-riscv/tests/to-AArch64/RV+WWC+ctrl+fence.r.rw.litmus
/opt/litmus-tests-riscv/tests/to-AArch64/RV+WWC+ctrl+fence.rw.rw.litmus
/opt/litmus-tests-riscv/tests/to-AArch64/RV+WWC+ctrlfencei+addr.litmus
/opt/litmus-tests-riscv/tests/to-AArch64/RV+WWC+ctrlfencei+ctrl.litmus
/opt/litmus-tests-riscv/tests/to-AArch64/RV+WWC+ctrlfencei+data.litmus
/opt/litmus-tests-riscv/tests/to-AArch64/RV+WWC+ctrlfencei+fence.r.rw.litmus
/opt/litmus-tests-riscv/tests/to-AArch64/RV+WWC+ctrlfencei+fence.rw.rw.litmus
/opt/litmus-tests-riscv/tests/to-AArch64/RV+WWC+ctrlfenceis.litmus
/opt/litmus-tests-riscv/tests/to-AArch64/RV+WWC+ctrls.litmus
/opt/litmus-tests-riscv/tests/to-AArch64/RV+WWC+data+addr.litmus
/opt/litmus-tests-riscv/tests/to-AArch64/RV+WWC+data+ctrl.litmus
/opt/litmus-tests-riscv/tests/to-AArch64/RV+WWC+data+ctrlfencei.litmus
/opt/litmus-tests-riscv/tests/to-AArch64/RV+WWC+data+fence.r.rw.litmus
/opt/litmus-tests-riscv/tests/to-AArch64/RV+WWC+data+fence.rw.rw.litmus
/opt/litmus-tests-riscv/tests/to-AArch64/RV+WWC+datas.litmus
/opt/litmus-tests-riscv/tests/to-AArch64/RV+WWC+fence.r.rw+addr.litmus
/opt/litmus-tests-riscv/tests/to-AArch64/RV+WWC+fence.r.rw+ctrl.litmus
/opt/litmus-tests-riscv/tests/to-AArch64/RV+WWC+fence.r.rw+ctrlfencei.litmus
/opt/litmus-tests-riscv/tests/to-AArch64/RV+WWC+fence.r.rw+data.litmus
/opt/litmus-tests-riscv/tests/to-AArch64/RV+WWC+fence.r.rw+fence.rw.rw.litmus
/opt/litmus-tests-riscv/tests/to-AArch64/RV+WWC+fence.r.rws.litmus
/opt/litmus-tests-riscv/tests/to-AArch64/RV+WWC+fence.rw.rw+addr.litmus
/opt/litmus-tests-riscv/tests/to-AArch64/RV+WWC+fence.rw.rw+ctrl.litmus
/opt/litmus-tests-riscv/tests/to-AArch64/RV+WWC+fence.rw.rw+ctrlfencei.litmus
/opt/litmus-tests-riscv/tests/to-AArch64/RV+WWC+fence.rw.rw+data.litmus
/opt/litmus-tests-riscv/tests/to-AArch64/RV+WWC+fence.rw.rw+fence.r.rw.litmus
/opt/litmus-tests-riscv/tests/to-AArch64/RV+WWC+fence.rw.rws.litmus
/opt/litmus-tests-riscv/tests/to-AArch64/RV+Z6.0+fence.rw.rw+addr+fence.rw.rw.litmus
/opt/litmus-tests-riscv/tests/to-AArch64/RV+Z6.0+fence.rw.rw+ctrl+fence.rw.rw.litmus
/opt/litmus-tests-riscv/tests/to-AArch64/RV+Z6.0+fence.rw.rw+ctrlfencei+fence.rw.rw.litmus
/opt/litmus-tests-riscv/tests/to-AArch64/RV+Z6.0+fence.rw.rw+data+fence.rw.rw.litmus
/opt/litmus-tests-riscv/tests/to-AArch64/RV+Z6.0+fence.rw.rw+fence.r.rw+fence.rw.rw.litmus
/opt/litmus-tests-riscv/tests/to-AArch64/RV+Z6.0+fence.rw.rws.litmus
/opt/litmus-tests-riscv/tests/to-AArch64/RV+Z6.0+fence.w.w+addr+fence.rw.rw.litmus
/opt/litmus-tests-riscv/tests/to-AArch64/RV+Z6.0+fence.w.w+ctrl+fence.rw.rw.litmus
/opt/litmus-tests-riscv/tests/to-AArch64/RV+Z6.0+fence.w.w+ctrlfencei+fence.rw.rw.litmus
/opt/litmus-tests-riscv/tests/to-AArch64/RV+Z6.0+fence.w.w+data+fence.rw.rw.litmus
/opt/litmus-tests-riscv/tests/to-AArch64/RV+Z6.0+fence.w.w+fence.r.rw+fence.rw.rw.litmus
/opt/litmus-tests-riscv/tests/to-AArch64/RV+Z6.0+fence.w.w+fence.rw.rw+fence.rw.rw.litmus
/opt/litmus-tests-riscv/tests/to-AArch64/RV+Z6.0+pos+addr+fence.rw.rw.litmus
/opt/litmus-tests-riscv/tests/to-AArch64/RV+Z6.0+pos+ctrl+fence.rw.rw.litmus
/opt/litmus-tests-riscv/tests/to-AArch64/RV+Z6.0+pos+ctrlfencei+fence.rw.rw.litmus
/opt/litmus-tests-riscv/tests/to-AArch64/RV+Z6.0+pos+data+fence.rw.rw.litmus
/opt/litmus-tests-riscv/tests/to-AArch64/RV+Z6.0+pos+fence.r.rw+fence.rw.rw.litmus
/opt/litmus-tests-riscv/tests/to-AArch64/RV+Z6.0+pos+fence.rw.rw+fence.rw.rw.litmus
/opt/litmus-tests-riscv/tests/to-AArch64/RV+Z6.1+fence.rw.rw+fence.rw.rw+addr.litmus
/opt/litmus-tests-riscv/tests/to-AArch64/RV+Z6.1+fence.rw.rw+fence.rw.rw+ctrl.litmus
/opt/litmus-tests-riscv/tests/to-AArch64/RV+Z6.1+fence.rw.rw+fence.rw.rw+ctrlfencei.litmus
/opt/litmus-tests-riscv/tests/to-AArch64/RV+Z6.1+fence.rw.rw+fence.rw.rw+data.litmus
/opt/litmus-tests-riscv/tests/to-AArch64/RV+Z6.1+fence.rw.rw+fence.rw.rw+fence.r.rw.litmus
/opt/litmus-tests-riscv/tests/to-AArch64/RV+Z6.1+fence.rw.rw+fence.w.w+addr.litmus
/opt/litmus-tests-riscv/tests/to-AArch64/RV+Z6.1+fence.rw.rw+fence.w.w+ctrl.litmus
/opt/litmus-tests-riscv/tests/to-AArch64/RV+Z6.1+fence.rw.rw+fence.w.w+ctrlfencei.litmus
/opt/litmus-tests-riscv/tests/to-AArch64/RV+Z6.1+fence.rw.rw+fence.w.w+data.litmus
/opt/litmus-tests-riscv/tests/to-AArch64/RV+Z6.1+fence.rw.rw+fence.w.w+fence.r.rw.litmus
/opt/litmus-tests-riscv/tests/to-AArch64/RV+Z6.1+fence.rw.rw+fence.w.w+fence.rw.rw.litmus
/opt/litmus-tests-riscv/tests/to-AArch64/RV+Z6.1+fence.rw.rws.litmus
/opt/litmus-tests-riscv/tests/to-AArch64/RV+Z6.1+fence.w.w+fence.rw.rw+addr.litmus
/opt/litmus-tests-riscv/tests/to-AArch64/RV+Z6.1+fence.w.w+fence.rw.rw+ctrl.litmus
/opt/litmus-tests-riscv/tests/to-AArch64/RV+Z6.1+fence.w.w+fence.rw.rw+ctrlfencei.litmus
/opt/litmus-tests-riscv/tests/to-AArch64/RV+Z6.1+fence.w.w+fence.rw.rw+data.litmus
/opt/litmus-tests-riscv/tests/to-AArch64/RV+Z6.1+fence.w.w+fence.rw.rw+fence.r.rw.litmus
/opt/litmus-tests-riscv/tests/to-AArch64/RV+Z6.1+fence.w.w+fence.rw.rw+fence.rw.rw.litmus
/opt/litmus-tests-riscv/tests/to-AArch64/RV+Z6.1+fence.w.w+fence.w.w+addr.litmus
/opt/litmus-tests-riscv/tests/to-AArch64/RV+Z6.1+fence.w.w+fence.w.w+ctrl.litmus
/opt/litmus-tests-riscv/tests/to-AArch64/RV+Z6.1+fence.w.w+fence.w.w+ctrlfencei.litmus
/opt/litmus-tests-riscv/tests/to-AArch64/RV+Z6.1+fence.w.w+fence.w.w+data.litmus
/opt/litmus-tests-riscv/tests/to-AArch64/RV+Z6.1+fence.w.w+fence.w.w+fence.r.rw.litmus
/opt/litmus-tests-riscv/tests/to-AArch64/RV+Z6.1+fence.w.w+fence.w.w+fence.rw.rw.litmus
/opt/litmus-tests-riscv/tests/to-AArch64/RV+Z6.2+fence.rw.rw+addr+addr.litmus
/opt/litmus-tests-riscv/tests/to-AArch64/RV+Z6.2+fence.rw.rw+addr+ctrl.litmus
/opt/litmus-tests-riscv/tests/to-AArch64/RV+Z6.2+fence.rw.rw+addr+ctrlfencei.litmus
/opt/litmus-tests-riscv/tests/to-AArch64/RV+Z6.2+fence.rw.rw+addr+data.litmus
/opt/litmus-tests-riscv/tests/to-AArch64/RV+Z6.2+fence.rw.rw+addr+fence.r.rw.litmus
/opt/litmus-tests-riscv/tests/to-AArch64/RV+Z6.2+fence.rw.rw+addr+fence.rw.rw.litmus
/opt/litmus-tests-riscv/tests/to-AArch64/RV+Z6.2+fence.rw.rw+ctrl+addr.litmus
/opt/litmus-tests-riscv/tests/to-AArch64/RV+Z6.2+fence.rw.rw+ctrl+ctrl.litmus
/opt/litmus-tests-riscv/tests/to-AArch64/RV+Z6.2+fence.rw.rw+ctrl+ctrlfencei.litmus
/opt/litmus-tests-riscv/tests/to-AArch64/RV+Z6.2+fence.rw.rw+ctrl+data.litmus
/opt/litmus-tests-riscv/tests/to-AArch64/RV+Z6.2+fence.rw.rw+ctrl+fence.r.rw.litmus
/opt/litmus-tests-riscv/tests/to-AArch64/RV+Z6.2+fence.rw.rw+ctrl+fence.rw.rw.litmus
/opt/litmus-tests-riscv/tests/to-AArch64/RV+Z6.2+fence.rw.rw+ctrlfencei+addr.litmus
/opt/litmus-tests-riscv/tests/to-AArch64/RV+Z6.2+fence.rw.rw+ctrlfencei+ctrl.litmus
/opt/litmus-tests-riscv/tests/to-AArch64/RV+Z6.2+fence.rw.rw+ctrlfencei+ctrlfencei.litmus
/opt/litmus-tests-riscv/tests/to-AArch64/RV+Z6.2+fence.rw.rw+ctrlfencei+data.litmus
/opt/litmus-tests-riscv/tests/to-AArch64/RV+Z6.2+fence.rw.rw+ctrlfencei+fence.r.rw.litmus
/opt/litmus-tests-riscv/tests/to-AArch64/RV+Z6.2+fence.rw.rw+ctrlfencei+fence.rw.rw.litmus
/opt/litmus-tests-riscv/tests/to-AArch64/RV+Z6.2+fence.rw.rw+data+addr.litmus
/opt/litmus-tests-riscv/tests/to-AArch64/RV+Z6.2+fence.rw.rw+data+ctrl.litmus
/opt/litmus-tests-riscv/tests/to-AArch64/RV+Z6.2+fence.rw.rw+data+ctrlfencei.litmus
/opt/litmus-tests-riscv/tests/to-AArch64/RV+Z6.2+fence.rw.rw+data+data.litmus
/opt/litmus-tests-riscv/tests/to-AArch64/RV+Z6.2+fence.rw.rw+data+fence.r.rw.litmus
/opt/litmus-tests-riscv/tests/to-AArch64/RV+Z6.2+fence.rw.rw+data+fence.rw.rw.litmus
/opt/litmus-tests-riscv/tests/to-AArch64/RV+Z6.2+fence.rw.rw+fence.r.rw+addr.litmus
/opt/litmus-tests-riscv/tests/to-AArch64/RV+Z6.2+fence.rw.rw+fence.r.rw+ctrl.litmus
/opt/litmus-tests-riscv/tests/to-AArch64/RV+Z6.2+fence.rw.rw+fence.r.rw+ctrlfencei.litmus
/opt/litmus-tests-riscv/tests/to-AArch64/RV+Z6.2+fence.rw.rw+fence.r.rw+data.litmus
/opt/litmus-tests-riscv/tests/to-AArch64/RV+Z6.2+fence.rw.rw+fence.r.rw+fence.r.rw.litmus
/opt/litmus-tests-riscv/tests/to-AArch64/RV+Z6.2+fence.rw.rw+fence.r.rw+fence.rw.rw.litmus
/opt/litmus-tests-riscv/tests/to-AArch64/RV+Z6.2+fence.rw.rw+fence.rw.rw+addr.litmus
/opt/litmus-tests-riscv/tests/to-AArch64/RV+Z6.2+fence.rw.rw+fence.rw.rw+ctrl.litmus
/opt/litmus-tests-riscv/tests/to-AArch64/RV+Z6.2+fence.rw.rw+fence.rw.rw+ctrlfencei.litmus
/opt/litmus-tests-riscv/tests/to-AArch64/RV+Z6.2+fence.rw.rw+fence.rw.rw+data.litmus
/opt/litmus-tests-riscv/tests/to-AArch64/RV+Z6.2+fence.rw.rw+fence.rw.rw+fence.r.rw.litmus
/opt/litmus-tests-riscv/tests/to-AArch64/RV+Z6.2+fence.rw.rw+pos+addr.litmus
/opt/litmus-tests-riscv/tests/to-AArch64/RV+Z6.2+fence.rw.rw+pos+ctrl.litmus
/opt/litmus-tests-riscv/tests/to-AArch64/RV+Z6.2+fence.rw.rw+pos+ctrlfencei.litmus
/opt/litmus-tests-riscv/tests/to-AArch64/RV+Z6.2+fence.rw.rw+pos+data.litmus
/opt/litmus-tests-riscv/tests/to-AArch64/RV+Z6.2+fence.rw.rw+pos+fence.r.rw.litmus
/opt/litmus-tests-riscv/tests/to-AArch64/RV+Z6.2+fence.rw.rw+pos+fence.rw.rw.litmus
/opt/litmus-tests-riscv/tests/to-AArch64/RV+Z6.2+fence.rw.rws.litmus
/opt/litmus-tests-riscv/tests/to-AArch64/RV+Z6.2+fence.w.w+addr+addr.litmus
/opt/litmus-tests-riscv/tests/to-AArch64/RV+Z6.2+fence.w.w+addr+ctrl.litmus
/opt/litmus-tests-riscv/tests/to-AArch64/RV+Z6.2+fence.w.w+addr+ctrlfencei.litmus
/opt/litmus-tests-riscv/tests/to-AArch64/RV+Z6.2+fence.w.w+addr+data.litmus
/opt/litmus-tests-riscv/tests/to-AArch64/RV+Z6.2+fence.w.w+addr+fence.r.rw.litmus
/opt/litmus-tests-riscv/tests/to-AArch64/RV+Z6.2+fence.w.w+addr+fence.rw.rw.litmus
/opt/litmus-tests-riscv/tests/to-AArch64/RV+Z6.2+fence.w.w+ctrl+addr.litmus
/opt/litmus-tests-riscv/tests/to-AArch64/RV+Z6.2+fence.w.w+ctrl+ctrl.litmus
/opt/litmus-tests-riscv/tests/to-AArch64/RV+Z6.2+fence.w.w+ctrl+ctrlfencei.litmus
/opt/litmus-tests-riscv/tests/to-AArch64/RV+Z6.2+fence.w.w+ctrl+data.litmus
/opt/litmus-tests-riscv/tests/to-AArch64/RV+Z6.2+fence.w.w+ctrl+fence.r.rw.litmus
/opt/litmus-tests-riscv/tests/to-AArch64/RV+Z6.2+fence.w.w+ctrl+fence.rw.rw.litmus
/opt/litmus-tests-riscv/tests/to-AArch64/RV+Z6.2+fence.w.w+ctrlfencei+addr.litmus
/opt/litmus-tests-riscv/tests/to-AArch64/RV+Z6.2+fence.w.w+ctrlfencei+ctrl.litmus
/opt/litmus-tests-riscv/tests/to-AArch64/RV+Z6.2+fence.w.w+ctrlfencei+ctrlfencei.litmus
/opt/litmus-tests-riscv/tests/to-AArch64/RV+Z6.2+fence.w.w+ctrlfencei+data.litmus
/opt/litmus-tests-riscv/tests/to-AArch64/RV+Z6.2+fence.w.w+ctrlfencei+fence.r.rw.litmus
/opt/litmus-tests-riscv/tests/to-AArch64/RV+Z6.2+fence.w.w+ctrlfencei+fence.rw.rw.litmus
/opt/litmus-tests-riscv/tests/to-AArch64/RV+Z6.2+fence.w.w+data+addr.litmus
/opt/litmus-tests-riscv/tests/to-AArch64/RV+Z6.2+fence.w.w+data+ctrl.litmus
/opt/litmus-tests-riscv/tests/to-AArch64/RV+Z6.2+fence.w.w+data+ctrlfencei.litmus
/opt/litmus-tests-riscv/tests/to-AArch64/RV+Z6.2+fence.w.w+data+data.litmus
/opt/litmus-tests-riscv/tests/to-AArch64/RV+Z6.2+fence.w.w+data+fence.r.rw.litmus
/opt/litmus-tests-riscv/tests/to-AArch64/RV+Z6.2+fence.w.w+data+fence.rw.rw.litmus
/opt/litmus-tests-riscv/tests/to-AArch64/RV+Z6.2+fence.w.w+fence.r.rw+addr.litmus
/opt/litmus-tests-riscv/tests/to-AArch64/RV+Z6.2+fence.w.w+fence.r.rw+ctrl.litmus
/opt/litmus-tests-riscv/tests/to-AArch64/RV+Z6.2+fence.w.w+fence.r.rw+ctrlfencei.litmus
/opt/litmus-tests-riscv/tests/to-AArch64/RV+Z6.2+fence.w.w+fence.r.rw+data.litmus
/opt/litmus-tests-riscv/tests/to-AArch64/RV+Z6.2+fence.w.w+fence.r.rw+fence.r.rw.litmus
/opt/litmus-tests-riscv/tests/to-AArch64/RV+Z6.2+fence.w.w+fence.r.rw+fence.rw.rw.litmus
/opt/litmus-tests-riscv/tests/to-AArch64/RV+Z6.2+fence.w.w+fence.rw.rw+addr.litmus
/opt/litmus-tests-riscv/tests/to-AArch64/RV+Z6.2+fence.w.w+fence.rw.rw+ctrl.litmus
/opt/litmus-tests-riscv/tests/to-AArch64/RV+Z6.2+fence.w.w+fence.rw.rw+ctrlfencei.litmus
/opt/litmus-tests-riscv/tests/to-AArch64/RV+Z6.2+fence.w.w+fence.rw.rw+data.litmus
/opt/litmus-tests-riscv/tests/to-AArch64/RV+Z6.2+fence.w.w+fence.rw.rw+fence.r.rw.litmus
/opt/litmus-tests-riscv/tests/to-AArch64/RV+Z6.2+fence.w.w+fence.rw.rw+fence.rw.rw.litmus
/opt/litmus-tests-riscv/tests/to-AArch64/RV+Z6.2+fence.w.w+pos+addr.litmus
/opt/litmus-tests-riscv/tests/to-AArch64/RV+Z6.2+fence.w.w+pos+ctrl.litmus
/opt/litmus-tests-riscv/tests/to-AArch64/RV+Z6.2+fence.w.w+pos+ctrlfencei.litmus
/opt/litmus-tests-riscv/tests/to-AArch64/RV+Z6.2+fence.w.w+pos+data.litmus
/opt/litmus-tests-riscv/tests/to-AArch64/RV+Z6.2+fence.w.w+pos+fence.r.rw.litmus
/opt/litmus-tests-riscv/tests/to-AArch64/RV+Z6.2+fence.w.w+pos+fence.rw.rw.litmus
/opt/litmus-tests-riscv/tests/to-AArch64/RV+Z6.3+fence.rw.rw+fence.rw.rw+addr.litmus
/opt/litmus-tests-riscv/tests/to-AArch64/RV+Z6.3+fence.rw.rw+fence.rw.rw+addrs.litmus
/opt/litmus-tests-riscv/tests/to-AArch64/RV+Z6.3+fence.rw.rw+fence.rw.rw+ctrlfencei.litmus
/opt/litmus-tests-riscv/tests/to-AArch64/RV+Z6.3+fence.rw.rw+fence.rw.rw+ctrlfenceis.litmus
/opt/litmus-tests-riscv/tests/to-AArch64/RV+Z6.3+fence.rw.rw+fence.rw.rw+fence.r.rw.litmus
/opt/litmus-tests-riscv/tests/to-AArch64/RV+Z6.3+fence.rw.rw+fence.rw.rw+fence.r.rws.litmus
/opt/litmus-tests-riscv/tests/to-AArch64/RV+Z6.3+fence.rw.rw+fence.rw.rw+fence.rw.rws.litmus
/opt/litmus-tests-riscv/tests/to-AArch64/RV+Z6.3+fence.rw.rw+fence.w.w+addr.litmus
/opt/litmus-tests-riscv/tests/to-AArch64/RV+Z6.3+fence.rw.rw+fence.w.w+addrs.litmus
/opt/litmus-tests-riscv/tests/to-AArch64/RV+Z6.3+fence.rw.rw+fence.w.w+ctrlfencei.litmus
/opt/litmus-tests-riscv/tests/to-AArch64/RV+Z6.3+fence.rw.rw+fence.w.w+ctrlfenceis.litmus
/opt/litmus-tests-riscv/tests/to-AArch64/RV+Z6.3+fence.rw.rw+fence.w.w+fence.r.rw.litmus
/opt/litmus-tests-riscv/tests/to-AArch64/RV+Z6.3+fence.rw.rw+fence.w.w+fence.r.rws.litmus
/opt/litmus-tests-riscv/tests/to-AArch64/RV+Z6.3+fence.rw.rw+fence.w.w+fence.rw.rw.litmus
/opt/litmus-tests-riscv/tests/to-AArch64/RV+Z6.3+fence.rw.rw+fence.w.w+fence.rw.rws.litmus
/opt/litmus-tests-riscv/tests/to-AArch64/RV+Z6.3+fence.rw.rws.litmus
/opt/litmus-tests-riscv/tests/to-AArch64/RV+Z6.3+fence.w.w+fence.rw.rw+addr.litmus
/opt/litmus-tests-riscv/tests/to-AArch64/RV+Z6.3+fence.w.w+fence.rw.rw+addrs.litmus
/opt/litmus-tests-riscv/tests/to-AArch64/RV+Z6.3+fence.w.w+fence.rw.rw+ctrlfencei.litmus
/opt/litmus-tests-riscv/tests/to-AArch64/RV+Z6.3+fence.w.w+fence.rw.rw+ctrlfenceis.litmus
/opt/litmus-tests-riscv/tests/to-AArch64/RV+Z6.3+fence.w.w+fence.rw.rw+fence.r.rw.litmus
/opt/litmus-tests-riscv/tests/to-AArch64/RV+Z6.3+fence.w.w+fence.rw.rw+fence.r.rws.litmus
/opt/litmus-tests-riscv/tests/to-AArch64/RV+Z6.3+fence.w.w+fence.rw.rw+fence.rw.rw.litmus
/opt/litmus-tests-riscv/tests/to-AArch64/RV+Z6.3+fence.w.w+fence.rw.rw+fence.rw.rws.litmus
/opt/litmus-tests-riscv/tests/to-AArch64/RV+Z6.3+fence.w.w+fence.w.w+addr.litmus
/opt/litmus-tests-riscv/tests/to-AArch64/RV+Z6.3+fence.w.w+fence.w.w+addrs.litmus
/opt/litmus-tests-riscv/tests/to-AArch64/RV+Z6.3+fence.w.w+fence.w.w+ctrlfencei.litmus
/opt/litmus-tests-riscv/tests/to-AArch64/RV+Z6.3+fence.w.w+fence.w.w+ctrlfenceis.litmus
/opt/litmus-tests-riscv/tests/to-AArch64/RV+Z6.3+fence.w.w+fence.w.w+fence.r.rw.litmus
/opt/litmus-tests-riscv/tests/to-AArch64/RV+Z6.3+fence.w.w+fence.w.w+fence.r.rws.litmus
/opt/litmus-tests-riscv/tests/to-AArch64/RV+Z6.3+fence.w.w+fence.w.w+fence.rw.rw.litmus
/opt/litmus-tests-riscv/tests/to-AArch64/RV+Z6.3+fence.w.w+fence.w.w+fence.rw.rws.litmus
/opt/litmus-tests-riscv/tests/to-AArch64/RV+Z6.4+fence.rw.rw+fence.rw.rw+fence.rw.rws.litmus
/opt/litmus-tests-riscv/tests/to-AArch64/RV+Z6.4+fence.rw.rws.litmus
/opt/litmus-tests-riscv/tests/to-AArch64/RV+Z6.4+fence.w.w+fence.rw.rw+fence.rw.rw.litmus
/opt/litmus-tests-riscv/tests/to-AArch64/RV+Z6.4+fence.w.w+fence.rw.rw+fence.rw.rws.litmus
/opt/litmus-tests-riscv/tests/to-AArch64/RV+Z6.5+fence.rw.rw+fence.w.w+fence.rw.rw.litmus
/opt/litmus-tests-riscv/tests/to-AArch64/RV+Z6.5+fence.rw.rws.litmus
/opt/litmus-tests-riscv/tests/to-AArch64/RV+Z6.5+fence.w.w+fence.rw.rw+fence.rw.rw.litmus
/opt/litmus-tests-riscv/tests/to-AArch64/RV+Z6.5+fence.w.w+fence.w.w+fence.rw.rw.litmus
